date,rating,title,tail,artist,song,title_original,title_english,artist,song,title_original,title_english
2017-11-20,79,"Breaking Free (Zac Efron, 2006)","Daniel Belanger’s winner only as a 87. I would rate the current feelings a bit lower, around 79/100.",Zac Efron,Breaking Free,,,Zac Efron,Breaking Free,,
2017-11-21,90,"Shape of You (Ed Sheeran, 2017)","d of listening to this song. No wonder it’s the most streamed song on Spotify.
Final rating: 90/100.",Ed Sheeran,Shape of You,,,Ed Sheeran,Shape of You,,
2017-11-22,95,"Galway Girl (Ed Sheeran, 2017)","n around the “galway girl”. So overall, 95/100, it’s pretty nice. There’s nothing to complain about.",Ed Sheeran,Galway Girl,,,Ed Sheeran,Galway Girl,,
2017-11-23,80,"Superstitious (Stevie Wonder, 1972)","icate in either chord progression or in lyrics, it’s just kinda cool, so. Heh.
LABEL: one-hit wonder",Stevie Wonder,Superstitious,,,Stevie Wonder,Superstitious,,
2017-11-23,80,"Happy Pills (Weathers, 2016)","ll be tackling a third song today. Sorry guys! xP
LABEL: … not enough songs; so far “one-hit wonder”",Weathers,Happy Pills,,,Weathers,Happy Pills,,
2017-11-23,88,"Staring at the Sun (Vanic, 2017)","’ll be adding at least one more song due to the shortness of these blog posts.
LABEL: one-hit wonder",Vanic,Staring at the Sun,,,Vanic,Staring at the Sun,,
2017-11-23,74,"You Got Me Girl (Kristian Kostov, 2017)","ped from my favorites list. Ah well.
LABEL: two-hit turned one-hit wonder (due to this song removed)",Kristian Kostov,You Got Me Girl,,,Kristian Kostov,You Got Me Girl,,
2017-11-24,84,"The Words (Christina Perri, 2014)",and it supports the fact that Perri is a “featured artist” on my list. Let’s hope we see her again.,Christina Perri,The Words,,,Christina Perri,The Words,,
2017-11-25,92,"Vanilla Twilight (Owl City, 2010)","ly well.
So overall, 92/100. This song is fantastic and a good break from all my pop and rock songs.",Owl City,Vanilla Twilight,,,Owl City,Vanilla Twilight,,
2017-11-26,90,"Inclusion (ASLTROeMERIA, 2012)","is 90/100. It was cool to begin with, and now that I know what this song is about, it’s even better.",ASLTROeMERIA,Inclusion,,,ASLTROeMERIA,Inclusion,,
2017-11-27,90,"Take a Hint (Victorious, 2014)","take a hint”.
LABEL: they only have “best friend’s brother” as their other song… so… two hit wonder?",Victorious,Take a Hint,,,Victorious,Take a Hint,,
2017-11-28,89,"Song of the North (Brunuhville, 2015)","the second longest song overall in my favorites list, surpassed only by Shine On You Crazy Diamond.",Brunuhville,Song of the North,,,Brunuhville,Song of the North,,
2017-11-29,86,"Dance of the Violins (F-777, 2014)","nd I love the cover art they used for this.
LABEL: f-777 is good but not good enough to be featured.",F-777,Dance of the Violins,,,F-777,Dance of the Violins,,
2017-11-29,89,"Only Teardrops (Emmelie De Forest, 2013)","t to perfect rating. But after four years, my taste has grown tired of the song. New Rating: 89/100.",Emmelie De Forest,Only Teardrops,,,Emmelie De Forest,Only Teardrops,,
2017-11-30,77,"My Love (Kuba Oms, 2014)",ong another try. If I get tired of it the next time I may just remove it from my favorites. *shrugs*,Kuba Oms,My Love,,,Kuba Oms,My Love,,
2017-11-30,98,"Get Lucky (Daft Punk, 2013)","o listen to. It almost transports me back to the 1980’s with their disco songs. Groovy!
(A+ ~98/100)",Daft Punk,Get Lucky,,,Daft Punk,Get Lucky,,
2017-12-01,94,"Offbeat (Clara C, 2010)",". I might post another song since this one doesn’t have a lot to talk about.
LABEL: handful of hits.",Clara C,Offbeat,,,Clara C,Offbeat,,
2017-12-04,95,"Love You Like a Love Song (Selena Gomez, 2011)","’s one of Selena’s top hits and it’s very nicely made. 95/100, can’t complain.
LABEL: featured later",Selena Gomez,Love You Like a Love Song,,,Selena Gomez,Love You Like a Love Song,,
2017-12-05,84,"Father’s Eyes (The Piano Guys, 2014)","ather’s eyes”. So, not too much to talk about, but it feels like a good song.
LABEL: FEATURED ARTIST",The Piano Guys,Father’s Eyes,,,The Piano Guys,Father’s Eyes,,
2017-12-06,80,"Is it True (Yohanna, 2009)","ere are many reasons why this got second place in the contest.
LABEL: one almost-hit almost-wonder 😥",Yohanna,Is it True,,,Yohanna,Is it True,,
2017-12-07,100,"Our Farewell (Within Temptation, 2012)",Within Temptation has shown great diversity in this slow song contrasting against their heavy metal.,Within Temptation,Our Farewell,,,Within Temptation,Our Farewell,,
2017-12-09,64,"In My Head (Jason Derulo, 2010)","my head
Overall rating: 3.2/5
LABEL: this guy has a handful of pop hits, not enough to be featured.",Jason Derulo,In My Head,,,Jason Derulo,In My Head,,
2017-12-09,84,"追憶の欠片 (Imy, 2014)","lid B (84/100).

Originally reviewed in 2017. 2020 Note: http://prntscr.com/v2fod8 [Wow no dislikes]",Imy,追憶の欠片,"追憶の欠片 (Imy, 2014)",,Imy,追憶の欠片,"追憶の欠片 (Imy, 2014)",
2017-12-10,90,"ギアナ制作 「Deja Vu」(CircusP, 2014)","what to do in this type of relation.
Original rating: 95
Three years later, 4/7/2021 rating: 90/100",CircusP,ギアナ制作 「Deja Vu」,"ギアナ制作 「Deja Vu」(CircusP, 2014)",,CircusP,ギアナ制作 「Deja Vu」,"ギアナ制作 「Deja Vu」(CircusP, 2014)",
2017-12-11,97,"A love song/A non love song (Jon Cozart and Dodie, 2016)","ch is very interesting.
For *even more* on this song, check out my comparison to Beatles’ Penny Lane",Jon Cozart and Dodie,A love song/A non love song,,,Jon Cozart and Dodie,A love song/A non love song,,
2017-12-12,99,"Skyrim Theme (covered by Lindsey Stirling, 2014)","not a small percentage, especially since her amount of songs tower over all other featured artists.",covered by Lindsey Stirling,Skyrim Theme,,,covered by Lindsey Stirling,Skyrim Theme,,
2017-12-14,70,"Tennessee (Tessa Violet, 2014)",ry Not Sorry”). It’s not a bad song but it’s definitely not the top-notch part of my favorites list.,Tessa Violet,Tennessee,,,Tessa Violet,Tennessee,,
2017-12-14,94,"Drop Pop Candy [Giga-P feat. Rin & Luka, 2014]",she likes doesn’t return her love. Perhaps I’ll do another song to compensate for these short ones…,"Giga-P feat. Rin & Luka, 2014",Drop Pop Candy,,,"Giga-P feat. Rin & Luka, 2014",Drop Pop Candy,,
2017-12-14,86,"Happy Halloween (Junky, 2014)","y Halloween” had lost most of its charm, and reduced to mundane levels overall. Final rating: 86/100",Junky,Happy Halloween,,,Junky,Happy Halloween,,
2017-12-16,60,"Epic (4count, 2014)","s, it does use synthesizer, but what can I say. We all have our guilty pleasures.
Final rating: 3/5…",4count,Epic,,,4count,Epic,,
2017-12-17,92,"Coldest Winter (Pentatonix, 2016)","iting than some drums that may or may not be produced by a computer. Ah well.
Overall rating: 4.6/5.",Pentatonix,Coldest Winter,,,Pentatonix,Coldest Winter,,
2017-12-17,64,"Air I Breathe (Mat Kearney, 2015)","s like 3.2/5. I think it’s good to listen to relax, but it’s definitely not among my top-notch list.",Mat Kearney,Air I Breathe,,,Mat Kearney,Air I Breathe,,
2017-12-17,70,"Livin La Vida Loca (Ricky Martin, 1999)","ersion sounds extremely lame. But hey, this song’s better than the vast majority of lame love songs.",Ricky Martin,Livin La Vida Loca,,,Ricky Martin,Livin La Vida Loca,,
2017-12-18,,Announcement,this is that different genres and tastes can be discussed and found instead of merely my own tastes.,Announcement,Announcement,,,Announcement,Announcement,,
2017-12-18,64,"Broken (lovelytheband, 2017)","which again, is four-chord progression. The band makes it sound nice, but it’s not very impressive.",lovelytheband,Broken,,,lovelytheband,Broken,,
2017-12-19,90,"까탈레나(Catallena) [Orange Caramel, 2014)",use of four chord progression (as expected of most K-pop songs which have a distinct feel to them).,,"까탈레나(Catallena) [Orange Caramel, 2014)",,,,"까탈레나(Catallena) [Orange Caramel, 2014)",,
2017-12-26,86,"Mona Lisa (OBB, 2017)","tle reminds me of the Ballad of the Mona Lisa, although that one has a completely different message…",OBB,Mona Lisa,,,OBB,Mona Lisa,,
2017-12-26,80,"Warmer in the Winter (Lindsey Stirling, 2017)","ut it’s a very good original song, and another solid song to add to Lindsey’s still-flawless career.",Lindsey Stirling,Warmer in the Winter,,,Lindsey Stirling,Warmer in the Winter,,
2017-12-28,93,"Don’t Trust Me (3OH!3,2009)",ery presented works quite well and this song almost feels bitingly [maybe even sardonically] ironic.,3OH!3,Don’t Trust Me,,,3OH!3,Don’t Trust Me,,
2017-12-29,92,"Superheroes (The Script, 2014)","the other “heroes”. With no four chord progression and obnoxious “whoa whoa whoa”, it’s a good song.",The Script,Superheroes,,,The Script,Superheroes,,
2017-12-29,100,"Hidden Falls (Taylor Davis, 2015)","in her original song.
Overall, 5/5 song. The theme is beautiful, and I wish it was longer. Ah well.",Taylor Davis,Hidden Falls,,,Taylor Davis,Hidden Falls,,
2017-12-30,50,"Armor (Landon Austin, 2014)","it out. But just be warned, to protect against this song, I am unable to lay down an armor for you.",Landon Austin,Armor,,,Landon Austin,Armor,,
2017-12-31,80,"Your Heart (Damien Dawn, 2014)","throughout. Though it does end on the chorus, it has a satisfying piano outro which is pretty cool.",Damien Dawn,Your Heart,,,Damien Dawn,Your Heart,,
2018-01-01,76,"Never Going Back (The Score, 2017)","eats, it doesn’t feel even as earworm as the aforementioned “Armor” (Landon Austin).
Overall, 3.8/5.",The Score,Never Going Back,,,The Score,Never Going Back,,
2018-01-01,78,"Factor 7 (DJ Striden, 2014)","verall, 6 out of Factor 7. There are more creative dubstep songs out there, but it’s not bad at all.",DJ Striden,Factor 7,,,DJ Striden,Factor 7,,
2018-01-02,70,"Be Mine Forever (Christina Perri ft. Ed Sheeran, 2014)",two singer’s voices work together in harmony to create a relatively nice song. It’s not bad at all.,Christina Perri ft. Ed Sheeran,Be Mine Forever,,,Christina Perri ft. Ed Sheeran,Be Mine Forever,,
2018-01-03,90,"This Game (Wakabayashi Mitsur, 2014)","oud with voice, guitar, piano, and drums, hence why it became no longer my number one favorite song)",Wakabayashi Mitsur,This Game,,,Wakabayashi Mitsur,This Game,,
2018-01-04,52,"Moviendo Caderas (Yandel ft. Daddy Yankee, 2014)","lyrics of this song, in contrast to the other song which is highly unpredictable within its lyrics.",Yandel ft. Daddy Yankee,Moviendo Caderas,,,Yandel ft. Daddy Yankee,Moviendo Caderas,,
2018-01-04,91,"Shine on You Crazy Diamond pt. 1 (Pink Floyd, 1975)","Synthesizer. The main theme is slightly weaker, but it’s pretty decent. (A-)
[Final Rating: 91/100]",Pink Floyd,Shine on You Crazy Diamond pt. 1,,,Pink Floyd,Shine on You Crazy Diamond pt. 1,,
2018-01-05,76,"Strela Amura (Alexander Rybak, 2012)",heir own innocence type of theme (or awestruck with love) that make him stand out against the crowd.,Alexander Rybak,Strela Amura,,,Alexander Rybak,Strela Amura,,
2018-01-05,52,"Piña Colada Boy (Baby Alice, 2010)",", however, it is almost completely meaningless, which is a no-no when it comes to my favorite songs.",Baby Alice,Piña Colada Boy,,,Baby Alice,Piña Colada Boy,,
2018-01-06,86,"Children of Time (End of Silence, 2017)","the most original work, and not all “End of Silence” works impresses me, but this one is very cool.",End of Silence,Children of Time,,,End of Silence,Children of Time,,
2018-01-06,64,"Once More (F-777, 2012)","to it or remove it from my list entirely, but until then, I hope I listen to this song… Once More. 😉",F-777,Once More,,,F-777,Once More,,
2018-01-07,85,"Tell Your World (Hatsune Miku [covered by JubyPhonic], 2016)",n to this song once in a while. Not to mention the vocaloid’s dancing fits the song pretty good too.,Hatsune Miku [covered by JubyPhonic],Tell Your World,,,Hatsune Miku [covered by JubyPhonic],Tell Your World,,
2018-01-08,74,"One Eyed Cat (Jenny and Tyler, 2011)",less on the touching side. That’s not to say they’re not good–they just don’t entirely fit my taste.,Jenny and Tyler,One Eyed Cat,,,Jenny and Tyler,One Eyed Cat,,
2018-01-08,75,"Take On Me (A-ha, 1985)","lyrics, a cool music video, etc, etc. It’s not bad, but hey, I’m not a huge fan of super slow songs.",A-ha,Take On Me,,,A-ha,Take On Me,,
2018-01-09,65,"Drive By (Train, 2012)","to, but listening to him singing about “the way you do me” just feels not the best. Overall, 3.25/5.",Train,Drive By,,,Train,Drive By,,
2018-01-09,74,"I Give Up (Elijah Bossenbroek, 2007)","y to stress the emotional climax(es) of the song, and the overall composition isn’t too bad. 74/100.",Elijah Bossenbroek,I Give Up,,,Elijah Bossenbroek,I Give Up,,
2018-01-10,75,"Hey Jude (The Beatles, 1968)","mellow. There’s no beat, nothing. Say what you want about my criticism, but I stand by my viewpoint.",The Beatles,Hey Jude,,,The Beatles,Hey Jude,,
2018-01-11,60,Rude (Magic! 2014),"owever, due to the simplicity of the lyrics, it is probably at the bottom of my favorite songs list.",Magic!,Rude (Magic! 2014),,,Magic!,Rude (Magic! 2014),,
2018-01-11,70,"Sugar (Maroon 5, 2015)","and contrast against the beat and the tune of the song. But in any case, this song is quite decent.",Maroon 5,Sugar,,,Maroon 5,Sugar,,
2018-01-12,90,"Kids in the Dark (All Time Low, 2015)",it a big guilty pleasure that just can’t quite reach the level of something like Death of Bachelor.,All Time Low,Kids in the Dark,,,All Time Low,Kids in the Dark,,
2018-01-13,80,"Good Time (Owl City ft. Carly Rae Jepsen, 2011)","on of the singers is well done, even with the lazy “whoa whoa whoa” thrown in there countless times.",Owl City ft. Carly Rae Jepsen,Good Time,,,Owl City ft. Carly Rae Jepsen,Good Time,,
2018-01-14,73,"Shut Up And Dance (Walk the Moon, 2015)","are nice to listen to. But among our pop hits, surely the minor version sounds far more interesting.",Walk the Moon,Shut Up And Dance,,,Walk the Moon,Shut Up And Dance,,
2018-01-14,69,"First Things First (Pentatonix, 2014)",ach other is pretty cool which is why I added the song. So I guess this song’s like close to 3.45/5.,Pentatonix,First Things First,,,Pentatonix,First Things First,,
2018-01-14,83,"Miss Understood (Sammie, 2014)","ood” in the song, but it’s still a good song overall, so I give it 4.15/5. Good song for Just Dance.",Sammie,Miss Understood,,,Sammie,Miss Understood,,
2018-01-15,84,"Je T’aime (Kelly Sweet, 2007)","e confusing , the overall meaning is obvious to see and the song is well made. I’ll give this 4.2/5.",Kelly Sweet,Je T’aime,,,Kelly Sweet,Je T’aime,,
2018-01-15,77,"Oh My Love (The Score, 2015)","me, but I don’t mind it. It hasn’t gotten annoying. Yet.
So I’m thinking uh, 3.85/5, sound fair, eh?",The Score,Oh My Love,,,The Score,Oh My Love,,
2018-01-15,,"The Other Side (Tonight Alive, 2014)","sion makes it seem they never tried,
I guess everything seems more clear
listening to the Other Side",Tonight Alive,The Other Side,,,Tonight Alive,The Other Side,,
2018-01-16,65,"My Heart Will Go On (Celine Dion, 1997)",ped up version. It’s kinda lame as I already said but it’s not a bad song to listen once in a while.,Celine Dion,My Heart Will Go On,,,Celine Dion,My Heart Will Go On,,
2018-01-16,58,"Deja Vu (Katy Perry, 2017)","y and beat isn’t bad, and despite the repetition it doesn’t get too annoying due to its chill theme.",Katy Perry,Deja Vu,,,Katy Perry,Deja Vu,,
2018-01-16,97,"Retrograde (James Blake, 2013)","s not entirely sad, since he seems to want to see how the subject fits, “show me why you’re strong”.",James Blake,Retrograde,,,James Blake,Retrograde,,
2018-01-16,100,"Light ’em Up (Fall Out Boy, 2013)","styles, they want the fans to light up the old songs, as they enjoy the fame and glory, the “fire”.",Fall Out Boy,Light ’em Up,,,Fall Out Boy,Light ’em Up,,
2018-01-17,76,"Dear Future Husband (Meghan Trainor, 2015)",It’s catchy and it’s nice. The lack of an annoying chord progression makes it all the more likable.,Meghan Trainor,Dear Future Husband,,,Meghan Trainor,Dear Future Husband,,
2018-01-17,94,Michele McLaughlin – The Druid’s Prayer (2009),"progression involvement, the Druid’s Prayer is still overall not too badly impacted. Retain 94/100.",Michele McLaughlin,The Druid’s Prayer,,,Michele McLaughlin,The Druid’s Prayer,,
2018-01-18,85,Christina Grimmie “Feeling Good” (2013),"“heartbreak”, and how she felt very alive. So does this song get me Feeling Good? Of course. 4.25/5.",,Christina Grimmie “Feeling Good” (2013),,,,Christina Grimmie “Feeling Good” (2013),,
2018-01-18,98,Arwen’s Vigil – The Piano Guys (2013),"For being touching, powerful, and flawlessly fitting to its theme, I give this song a perfect score.",The Piano Guys,Arwen’s Vigil,,,The Piano Guys,Arwen’s Vigil,,
2018-01-18,72,Bruno Mars – Treasure (2013),"but Bruno Mars remains relatively solid, and I’m reluctant to remove this song from my list. 72/100",Bruno Mars,Treasure,,,Bruno Mars,Treasure,,
2018-01-18,65,Supernova (Radio Edit) – Callysta (2017),"n sense it would potentially get annoying on too much repeated listening, but for now, it’s alright.",Callysta,Supernova (Radio Edit),,,Callysta,Supernova (Radio Edit),,
2018-01-18,40,Rachel Platten – Fight Song (2015),"This song has the infamous  I–V–vi–IV progression, but for a pop hit, I think 3.3/5 is good enough.",Rachel Platten,Fight Song,,,Rachel Platten,Fight Song,,
2018-01-18,80,Demi Lovato – You’ll Be Sorry ft. Gia Farrell (2013),"theme and message. Although the lyrics are relatively predictable, I think it’s not bad at all. 4/5.",Demi Lovato,You’ll Be Sorry ft. Gia Farrell,,,Demi Lovato,You’ll Be Sorry ft. Gia Farrell,,
2018-01-18,82,Coldplay – The Scientist (2011),"song
admiring the sparse but meaningful lyrics
“nobody said it was easy”
to get a decent ninety five",Coldplay,The Scientist,,,Coldplay,The Scientist,,
2018-01-18,65,Rixton – Me and My Broken Heart (2014),"Usual lyrics about love, but catchy beat and good melody compensate for it. 3.25/5.",Rixton,Me and My Broken Heart,,,Rixton,Me and My Broken Heart,,
2018-01-19,97,"Bohemian Rhapsody (Queen, 1975)","wn as the best song of all time.
Grade: A+
[97/100. Incomparable to other songs of the same ranking]",Queen,Bohemian Rhapsody,,,Queen,Bohemian Rhapsody,,
2018-01-19,95,"La de da de da de da de day oh (Bill Wurtz, 2017)","meaning of the entire song is ambiguous, but that doesn’t lessen the nice theme of the entire song.",Bill Wurtz,La de da de da de da de day oh,,,Bill Wurtz,La de da de da de da de day oh,,
2018-01-20,84,PENTATONIX – NEW YEARS DAY (2015),"dly overly merry as usual Christmas songs, though it is its own sense of optimism. It’s a good song.",PENTATONIX,NEW YEARS DAY,,,PENTATONIX,NEW YEARS DAY,,
2018-01-20,80,"Prelude in C Major (Bach, 1722)","n order to relax once in a while, plus it’s only two minutes long so that’s not too bad. 4/5, I say.",Bach,Prelude in C Major,,,Bach,Prelude in C Major,,
2018-01-20,80,"You had a bad day (Daniel Powter , 2009)","stem goes on the blink”
Good song with the theme of improving your situation even when it seems bad.",Daniel Powter,You had a bad day,,,Daniel Powter,You had a bad day,,
2018-01-21,77,Justin Timberlake – Cry Me A River (2009),"gain, but since their relation is broken, he can’t exactly help her again. 77/100 is alright for me.",Justin Timberlake,Cry Me A River,,,Justin Timberlake,Cry Me A River,,
2018-01-21,,Linkin Park – Castle Of Glass (2013),"ly hope true subjects to Park’s song help shatter the castle of glass, and bring the truth to light.",Linkin Park,Castle Of Glass,,,Linkin Park,Castle Of Glass,,
2018-01-21,93,TheFatRat – Unity (2014),"azy love lyrics… unlike some of these previous pop songs…
Almost perfect score out of perfect score.",TheFatRat,Unity,,,TheFatRat,Unity,,
2018-01-21,86,Rihanna – S&M (2011),"wer. 4.3/5, for a catchy song with a double meaning that twists usual expected themes in love songs.",Rihanna,S&M,,,Rihanna,S&M,,
2018-01-21,84,"Treat You Better (Shawn Mendes, 2016)","s mostly that Shawn barely uses any autotune in this song and it’s pretty catchy, so hey, I like it.",Shawn Mendes,Treat You Better,,,Shawn Mendes,Treat You Better,,
2018-01-21,,"Manian – Welcome to the Club, (2011)",me and I arguably get more and more picky so… heh. Prepare to see more songs removed as we go along.,Manian,Welcome to the Club,,,Manian,Welcome to the Club,,
2018-01-22,97,"How To Be A Heartbreaker (Marina & The Diamonds, 2012)","I lo-lo-love you”, Marina manages to produce a playful yet meaningful song at the same time. 4.85/5.",Marina & The Diamonds,How To Be A Heartbreaker,,,Marina & The Diamonds,How To Be A Heartbreaker,,
2018-01-22,95,"Kara No Kokoro ( kyle xian, 2016)","ficially add it to my faves, only Spotify. I guess that’s fine, but eh, the song’s not that amazing.",kyle xian,Kara No Kokoro,,,kyle xian,Kara No Kokoro,,
2018-01-23,90,"Ichiban no Takaramono (LiSA, 2010)",an anime girl. This may have been the deciding factor that allowed Run Away With Me to topple this.,LiSA,Ichiban no Takaramono,,,LiSA,Ichiban no Takaramono,,
2018-01-24,82,"The O.R.E.O. Song (Carrie Hope Fletcher, 2015)","won’t say she’s far inferior to My Most Precious Treasure, even if I like the latter song much more.",Carrie Hope Fletcher,The O.R.E.O. Song,,,Carrie Hope Fletcher,The O.R.E.O. Song,,
2018-01-24,84,"“Land of the Dead” by Voltaire, 2007","he theme. There’s not too much to talk about, but this is still good when up against usual pop hits.",Voltaire,“Land of the Dead”,,,Voltaire,“Land of the Dead”,,
2018-01-24,62,"The Black Eyed Peas – I Gotta Feeling, 2009","lyrics aren’t too bad. It’s interesting how he uses “mazel tov”, although the rest is pretty simple.",The Black Eyed Peas,I Gotta Feeling,,,The Black Eyed Peas,I Gotta Feeling,,
2018-01-24,92,"Sia – Chandelier, 2014","upported by lyrics more deep than surface level, the song is pretty good for my featured artist Sia.",Sia,Chandelier,,,Sia,Chandelier,,
2018-01-24,95,"Auli’i Cravalho – How Far I’ll Go, 2016","s actually my sister’s favorite for quite a while, and I think it deserves around 4.75/5. Good song.",Auli’i Cravalho,How Far I’ll Go,,,Auli’i Cravalho,How Far I’ll Go,,
2018-01-25,85,Christina Perri – Human (2014),"ssage.
Note: This song would likely be rated far higher a long time ago, but is now much worse. (B+)",Christina Perri,Human,,,Christina Perri,Human,,
2018-01-26,80,ZAYDE WOLF – WILDEST ONES (2016),s rebels and is inspiring in its own way. The tune is also cool enough for me to give this song 4/5.,ZAYDE WOLF,WILDEST ONES,,,ZAYDE WOLF,WILDEST ONES,,
2018-01-26,99,"Mutual Vigilance ( winky詩,2016)",utual vigilance” title. I just really enjoy it and it stands out against our normal pop hits. 99/100,winky詩,Mutual Vigilance,"Mutual Vigilance ( winky詩,2016)",,winky詩,Mutual Vigilance,"Mutual Vigilance ( winky詩,2016)",
2018-01-26,85,Jennifer Lopez – Live It Up (feat. Pitbull) 2013,"gher than 4 out of 5– I give this 85/100–, but at least it’s one of Pitbull’s handful of good songs.",Jennifer Lopez,Live It Up (feat. Pitbull),,,Jennifer Lopez,Live It Up (feat. Pitbull),,
2018-01-26,84,Con Bro Chill – Party Animal (2013),not super significant but good beat and melody,Con Bro Chill,Party Animal,,,Con Bro Chill,Party Animal,,
2018-01-26,88,Philip Wesley Tears of the East (2012),"mystical, elegant, nearing 6 minutes long, a great classical style piano song.",,Philip Wesley Tears of the East (2012),,,,Philip Wesley Tears of the East (2012),,
2018-01-26,71,Justin Bieber – Sorry,"he does sound regretful, although it’s kind of vague with not much past an apologetic song… 3.55/5.",Justin Bieber,Sorry,,,Justin Bieber,Sorry,,
2018-01-27,82,Alexander Rybak – “Funny Little World” (2009),"nd is very soothing, contrasting against his pizzicato, and overall it’s a nice song. It’s a keeper.",Alexander Rybak,“Funny Little World”,,,Alexander Rybak,“Funny Little World”,,
2018-01-27,65,Celtic Carol – Lindsey Stirling (2011),"laying boost her playing, and allow this Christmas song to stand out against our usual boring stuff.",Lindsey Stirling,Celtic Carol,,,Lindsey Stirling,Celtic Carol,,
2018-01-28,75,Bea Miller – Enemy Fire (2014),"oh oh” might be said to be a shortcut to catchyness, but it doesn’t feel too annoying in this song.",Bea Miller,Enemy Fire,,,Bea Miller,Enemy Fire,,
2018-01-28,87,Coldplay – Princess Of China ft. Rihanna (2012),"for example Despacito, which is also about love but is arguably much more dumb to listen to. 87/100",Coldplay,Princess Of China ft. Rihanna,,,Coldplay,Princess Of China ft. Rihanna,,
2018-01-28,89,Elvis Presley – Jailhouse Rock (1957),"trast to the usual mainstream silliness.
Everybody let’s rock… dancin’ to the jailhouse rock

89/100",Elvis Presley,Jailhouse Rock,,,Elvis Presley,Jailhouse Rock,,
2018-01-28,79,Katy Perry – Firework,"ork, despite the silly rhyme “boom boom boom, even brighter than the moon, moon moon”. Decent 79/100",Katy Perry,Firework,,,Katy Perry,Firework,,
2018-01-29,80,"Endless Love (from The Myth, 2005)","ch into the lyrics; the melody is pretty average overall. I’d say 80/100 final rating, give or take.",from The Myth,Endless Love,,,from The Myth,Endless Love,,
2018-01-29,82,Hurts – Rolling Stone,"refer to the alcoholic father and animistic mother, which I’m sure many people can sympathize with.",Hurts,Rolling Stone,,,Hurts,Rolling Stone,,
2018-01-30,82,PENTATONIX – REF,nix has made a nice original song with “Ref”. I would surely give them a green card as a Ref myself.,PENTATONIX,REF,,,PENTATONIX,REF,,
2018-01-30,97,Queen – Don’t Stop Me Now (1978),"Not much to say about this one, still nice going and catchy. Just popping in to raise it to 97/100.",Queen,Don’t Stop Me Now,,,Queen,Don’t Stop Me Now,,
2018-01-31,70,Katy Perry – California Gurls ft. Snoop Dogg,"that ass hanging out
Bikinis, zucchinis, martinis, no weenies
Just the king and a queenie”
Ah well.",Katy Perry,California Gurls ft. Snoop Dogg,,,Katy Perry,California Gurls ft. Snoop Dogg,,
2018-02-01,82,Bulleya – Ae Dil Hai Mushkil,"spite its simple rock tune, at least the lyrics are decent. Only slightly worse than PAPERMOON. (A-)",Ae Dil Hai Mushkil,Bulleya,,,Ae Dil Hai Mushkil,Bulleya,,
2018-02-01,79,Charlie Puth- Betty Boop (2009),"Puth isn’t bad, but sometimes his own pop thinking gets his songs to… unfitting and not that great.",Charlie Puth,Betty Boop (2009),,,Charlie Puth,Betty Boop (2009),,
2018-02-02,84,pour une fois – marie mai,"rock guitar hints at the deeper, more emotionally strong lyrics. For this, I give it 4.2/5. (84/100)",marie mai,pour une fois,,,marie mai,pour une fois,,
2018-02-02,90,Linkin Park – Numb (2003),"kind of nice how he begins low-key and then starts screaming the chorus, which is quite nice. 4.5/5.",Linkin Park,Numb,,,Linkin Park,Numb,,
2018-02-03,84,Set It Off – “Swan Song” (2012),"en staring at the sun”
All of the lyrics fit the title of “swan song” which is quite nice I guess. 🙂",Set It Off,“Swan Song”,,,Set It Off,“Swan Song”,,
2018-02-04,97,Caravan Palace — Lone digger,"wing feel. Runner-ups include Toi et Moi, Loneliest Girl, Gangster’s Paradise, and Mighty Long Fall)",Caravan Palace,Lone digger,,,Caravan Palace,Lone digger,,
2018-02-04,87,David Choi – This and That is Life,"e in a while. It may not carry Lone Digger’s powerful verses, but it has its own good themes. 87/100",David Choi,This and That is Life,,,David Choi,This and That is Life,,
2018-02-05,,"Senbonzakura (Hatsune Miku, 2012)","our voice will reach.
This is a banquet inside a steel jail cell, so jump off from your guillotine.”",Hatsune Miku,Senbonzakura,,,Hatsune Miku,Senbonzakura,,
2018-02-07,95,One Direction – What makes you beautiful,"and all, but the lyrics are trite and the vocals aren’t exactly amazing. : ¯\_(ツ)_/¯
r-e-m-o-v-e-d.",One Direction,What makes you beautiful,,,One Direction,What makes you beautiful,,
2018-02-07,84,Carly Rae Jepsen – Cut To The Feeling (2016),"stresses the childishness and the predictableness of the plot. =/
What can I say, I liked the tune.",Carly Rae Jepsen,Cut To The Feeling,,,Carly Rae Jepsen,Cut To The Feeling,,
2018-02-08,91,wannabe – spice girls,"n comparison (with only a very few exceptions), and this song is relatively unique in how it sounds.",spice girls,wannabe,,,spice girls,wannabe,,
2018-02-08,100,Night Vision – Lindsey stirling,"owy than classical violinists, but hey, there are different forms of entertainment for all to enjoy.",Lindsey stirling,Night Vision,,,Lindsey stirling,Night Vision,,
2018-02-09,,Avril Lavigne – Daydream (2012),"eir own ways, and Avril Lavigne rarely messes up. Compared to Hello Kitty, this song is much better.",Avril Lavigne,Daydream,,,Avril Lavigne,Daydream,,
2018-02-09,86,We the kings – Any other way (2013),We the Kings will surely never go down any other way. 86/100. (originally 94 when first listened to),We the kings,Any other way,,,We the kings,Any other way,,
2018-02-10,,ABBA – The Winner Takes It All,"tween of normal and speed up is about 0.2 out of 5 rating, so it’s not too specific for me. *Shrugs*",ABBA,The Winner Takes It All,,,ABBA,The Winner Takes It All,,
2018-02-13,,Cello Fury – Tundra,"e, you can almost feel the coldness of the song. It’s a wonder that the song has so few views as is.",Cello Fury,Tundra,,,Cello Fury,Tundra,,
2018-02-14,84,Pink – Just Like Fire,"” is well added in, and Pink’s voice helps the guitar background to have a pretty good song overall.",Pink,Just Like Fire,,,Pink,Just Like Fire,,
2018-02-14,94,ZAYDE WØLF – Hustler,"is proud of it, is pretty cool. This song almost sounds country, but if it is, it’s pretty awesome.",ZAYDE WØLF,Hustler,,,ZAYDE WØLF,Hustler,,
2018-02-14,82,Selena Gomez – Good For You,"ess you like, skin-tight
Do my hair up real, real nice
And syncopate my skin to your heart beating”.",Selena Gomez,Good For You,,,Selena Gomez,Good For You,,
2018-02-14,,Zen Zen Sense – Radwimps,"ore meaning. It quite lacks the power of The Kids in the Dark, but hey, it’s not that type of movie.",Zen Zen Sense,Radwimps,,,Zen Zen Sense,Radwimps,,
2018-02-14,84,The Cello Song – Piano Song,chnology to successfully layer 7 cellos on top of each other to create a good arrangement of a song.,The Cello Song,Piano Song,,,The Cello Song,Piano Song,,
2018-02-15,94,Sayuri – Sorewa Chiisana Hikarinoyouna,"a solid song even all by itself, rivaling even my commonly mentioned “Kids in the Dark”. (A ~94/100)",Sayuri,Sorewa Chiisana Hikarinoyouna,,,Sayuri,Sorewa Chiisana Hikarinoyouna,,
2018-02-17,98,5 Seconds of Summer – She Looks So Perfect,"could even call it lust based upon lyrics alone, what’s up with “American apparel underwear” line).",5 Seconds of Summer,She Looks So Perfect,,,5 Seconds of Summer,She Looks So Perfect,,
2018-02-17,84,Christina Perri ft. Jason Mraz – Distance,"ersweet, and Perri’s usually powerful voice works well even in this less passionate song. Good work.",Christina Perri ft. Jason Mraz,Distance,,,Christina Perri ft. Jason Mraz,Distance,,
2018-02-17,91,The Villain I Appear to Be – Connor Spiotto,"comment on how the MC is a girl, well that has no effect on the story or song so… there you have it.",The Villain I Appear to Be,Connor Spiotto,,,The Villain I Appear to Be,Connor Spiotto,,
2018-02-17,75,Happy – Pharrell Williams,the hand clap is infectious and it’s difficult not to be cheered up on a bad day by this song. (C+),Pharrell Williams,Happy,,,Pharrell Williams,Happy,,
2018-02-18,98,Ed Sheeran – Perfect,"ommented this song was a mess, I knew in my head
Darling, this song is perfect, at least for tonight",Ed Sheeran,Perfect,,,Ed Sheeran,Perfect,,
2018-02-19,88,Incantation – David Hicken,"s also with a minor twist (yes, pun intended), and overall it’s a very good suggestion from Spotify.",Incantation,David Hicken,,,Incantation,David Hicken,,
2018-02-20,91,This Life is Mine – Jeff Williams,"rsonality. The show may not be flawless, but in my opinion, this song is quite nearly there. 91/100.",Jeff Williams,This Life is Mine,,,Jeff Williams,This Life is Mine,,
2018-02-21,70,TheFatRat – Fly Away feat. Anjulie,"probably one of his less memorable songs, especially since I couldn’t really remember it that much.",TheFatRat,Fly Away feat. Anjulie,,,TheFatRat,Fly Away feat. Anjulie,,
2018-02-23,,Yu Quan & Huang Zhang – Ben Pao,"in “no coming back” zone, but it’s probably one of the best songs that is not in my favorites list.",Yu Quan & Huang Zhang,Ben Pao,,,Yu Quan & Huang Zhang,Ben Pao,,
2018-02-24,88,Anthem Lights – You Have My Heart,ing and “testing” later. I suppose it’s not as great as I thought originally. Ah well. It’s not bad.,Anthem Lights,You Have My Heart,,,Anthem Lights,You Have My Heart,,
2018-02-25,94,Taylor Swift – Style,", it never goes out of style

(seriously I do like the midnight setting in the beginning) 94/100 (A)",Taylor Swift,Style,,,Taylor Swift,Style,,
2018-02-25,70,Shakira – Hips Don’t Lie ft. Wyclef Jean,"e, but the tune is relatively unique, so the song overall is pleasurable for the most part… for now.",Shakira,Hips Don’t Lie ft. Wyclef Jean,,,Shakira,Hips Don’t Lie ft. Wyclef Jean,,
2018-02-25,62,Halo Theme- Lindsey Stirling and William Joseph,"illiam isn’t bad either, and I’m eager to see if his originals are good or not. I have high hopes. 🙂",Lindsey Stirling and William Joseph,Halo Theme- Lindsey Stirling and William Joseph,,,Lindsey Stirling and William Joseph,Halo Theme- Lindsey Stirling and William Joseph,,
2018-02-26,93,Boop (Casey Lee Williams),a’s silliness but also how she is unsure what to do about her love. Do I like this song? No… boop! 😉,Casey Lee Williams,Boop,,,Casey Lee Williams,Boop,,
2018-02-27,80,Not All Heroes Wear Capes,"ially like how he says “he talks a lot within”, and lists a lot of things his father did to him. 4/5",,Not All Heroes Wear Capes,,,,Not All Heroes Wear Capes,,
2018-02-27,84,"David Guetta – Play Hard ft. Ne-Yo, Akon","’s pretty catchy, though I agree the lyrics don’t have much to discuss. It’s just good to listen to.",David Guetta,"Play Hard ft. Ne-Yo, Akon",,,David Guetta,"Play Hard ft. Ne-Yo, Akon",,
2018-02-27,86,Selena Gomez – Naturally,"contributes further to getting the song stuck in your head, but hey, I don’t mind. It’s a cool song.",Selena Gomez,Naturally,,,Selena Gomez,Naturally,,
2018-02-28,,Set If Off – Freak Show,"not as impressive. So I think I’m taking this off. Sorry, Set It Off, but you have far cooler songs…",Set If Off,Freak Show,,,Set If Off,Freak Show,,
2018-02-28,80,Michael Buble – Cry Me a River,"could argue it uses a little too much autotune in some songs, but this song works relatively works.",Michael Buble,Cry Me a River,,,Michael Buble,Cry Me a River,,
2018-02-28,,Michael Bublé – Nobody But Me,"concentrated group of powerful songs. So sorry Buble, nobody but me gets to make these decisions. 😛",Michael Bublé,Nobody But Me,,,Michael Bublé,Nobody But Me,,
2018-03-01,94,Paparazzi – Lady Gaga,"e, Paparazzi is well composed, and Gaga proves her artistry once again with another outstanding hit.",Lady Gaga,Paparazzi,,,Lady Gaga,Paparazzi,,
2018-03-01,78,Forrest Gump Main Theme (Feather Theme),"entire melody, and overall the song is really well done. It’s not bad to listen to once in a while.",Feather Theme,Forrest Gump Main Theme (Feather Theme),,,Feather Theme,Forrest Gump Main Theme (Feather Theme),,
2018-03-02,,Brain Crain – At the Ivy Gate,"focuses on movement in melody. Overall, quite well composed, a little simple, but I won’t complain.",Brain Crain,At the Ivy Gate,,,Brain Crain,At the Ivy Gate,,
2018-03-03,84,Mike Perry – Stay Young (ft. Tessa),"ing catchiness, and it’s actually not too repetitive. I think it’s good enough to Stay…. on my list.",Mike Perry,Stay Young (ft. Tessa),,,Mike Perry,Stay Young (ft. Tessa),,
2018-03-03,,Avril Lavigne – Hot,"h going on with the lyrics either. Sorry, Avril. At least you always have more… Complicated songs. 😉",Avril Lavigne,Hot,,,Avril Lavigne,Hot,,
2018-03-04,80,Monsters – Katy Sky and Timeflies,"ing than I originally thought. Say what you want about I V vi IV, I say it’s well used in this song.",Katy Sky and Timeflies,Monsters,,,Katy Sky and Timeflies,Monsters,,
2018-03-05,,Marta Jandová & Václav Noid Bárta – Hope Never Dies,"skies” lines accomplished. Listening to this song, it really does make me feel like Hope Never Dies.",Marta Jandová & Václav Noid Bárta,Hope Never Dies,,,Marta Jandová & Václav Noid Bárta,Hope Never Dies,,
2018-03-05,93,Ocean of Love – Edvin Marton,n’t more popular; but I guess maybe his band is working on stuff in spotify and not doing much else.,Edvin Marton,Ocean of Love,,,Edvin Marton,Ocean of Love,,
2018-03-05,93,Keep Up With My Love – Carrie Hope Fletcher,"passion put into the song, and I applaud the singer for not using autotune to complete the cliches.",Carrie Hope Fletcher,Keep Up With My Love,,,Carrie Hope Fletcher,Keep Up With My Love,,
2018-03-06,96,P!nk – Funhouse,"scinating song, catchy, strong beat, and even with a deeper meaning than the surface lyrics. 96/100.",P!nk,Funhouse,,,P!nk,Funhouse,,
2018-03-06,74,Arash   Man O To,It’s not like we haven’t heard a song with both cool tune and cool lyrics. (*cough cough This Game*),,Arash   Man O To,,,,Arash   Man O To,,
2018-03-06,88,Sergey Lazarev – You Are The Only One,"e judges weren’t impressed by Sergey. In terms of 2016 Eurovision, this song is My Only One. 88/100.",Sergey Lazarev,You Are The Only One,,,Sergey Lazarev,You Are The Only One,,
2018-03-07,80,Telephone-Lady Gaga ft Beyonce,ay nor decline the quality of the song. So overall 4/5. Very pop like but too catchy to miss out on.,Beyonce,Telephone-Lady Gaga,,,Beyonce,Telephone-Lady Gaga,,
2018-03-07,,David Eman – Pulse,"ly barging it in your head, David Eman manages to create a very powerful orchestra piece. Well done.",David Eman,Pulse,,,David Eman,Pulse,,
2018-03-07,100,Maroon 5 – This Love,"s she got on a plane”. Overall, 5/5. One of Maroon 5’s best songs. Seriously, what happened to them?",Maroon 5,This Love,,,Maroon 5,This Love,,
2018-03-07,86,Fluttershy’s Lament –  All Levels at Once,"e tune is pretty cool. Other than the obvious, there’s not much to complain about.
Final verdict:
C+",All Levels at Once,Fluttershy’s Lament,,,All Levels at Once,Fluttershy’s Lament,,
2018-03-08,82,Papa Ya – Fine Livin’,"h this song cannot reach it, it seems like a top contender for consideration. B)
we gonna live it up",Papa Ya,Fine Livin’,,,Papa Ya,Fine Livin’,,
2018-03-08,,Ariana Grande – Break Free,ugh needless to say it’s nowhere near the power songs I’m used to. I suppose I do have to remove it.,Ariana Grande,Break Free,,,Ariana Grande,Break Free,,
2018-03-08,90,David Guetta – Dangerous ft Sam Martin,"m; I do agree. It has its own power and it has its own catchy things going on with it. 4.5/5, I say.",David Guetta,Dangerous ft Sam Martin,,,David Guetta,Dangerous ft Sam Martin,,
2018-03-08,88,The Winner Takes It All – Abba,"ack to better times. So overall good song, I’m not the biggest fan of Abba but they’re pretty great.",Abba,The Winner Takes It All,,,Abba,The Winner Takes It All,,
2018-03-09,84,Fleur East – Sax,"itle). Sleezy, cool, catchy, Sax doesn’t have much to complain about, even with its repetitive hook.",Fleur East,Sax,,,Fleur East,Sax,,
2018-03-09,,Fleurie – Breathe,trong backing to support the thin lyrics. But I guess you could say the same about Around the World.,Fleurie,Breathe,,,Fleurie,Breathe,,
2018-03-09,78,Giovanni Allevi – Il Bacio,"remove it eventually due to lack of power and impact, but for now it’s alright to listen and relax.",Giovanni Allevi,Il Bacio,,,Giovanni Allevi,Il Bacio,,
2018-03-10,82,Vance Joy – ‘Riptide’,right hand). So overall very nice song. Not super powerful but a good twist on the usual love song.,Vance Joy,‘Riptide’,,,Vance Joy,‘Riptide’,,
2018-03-10,84,Christina Grimmie – “Advice”,suppose I have to remove this. I value overall experience than temporary. It was a good run though.,Christina Grimmie,“Advice”,,,Christina Grimmie,“Advice”,,
2018-03-11,84,Justin Timberlake – Mirrors,e” working well with the title of “mirrors”. Overall it’s not super deep but it’s good to listen to.,Justin Timberlake,Mirrors,,,Justin Timberlake,Mirrors,,
2018-03-11,72,Timeflies – Beast,"ching merely Superstitious, which is so-so). Ah well. It was probably good while it lasted. REMOVED.",Timeflies,Beast,,,Timeflies,Beast,,
2018-03-11,,La Da Dee – Cody Simpson,"e the nightcore instead), but for now, la da dee, la da doo, I’m keepin’ this song and this post too",Cody Simpson,La Da Dee,,,Cody Simpson,La Da Dee,,
2018-03-12,96,Kiss the Girl in Minor Key – Chase Holfelder,".8/5. The original was honestly pretty lame, but this, this is uber cool, similar to Leave Me Alone.",Chase Holfelder,Kiss the Girl in Minor Key,,,Chase Holfelder,Kiss the Girl in Minor Key,,
2018-03-12,87,Tiga – Far From Home,re to tell me. I’d be glad to see if anything defeats Bad Apple’s unique chords and melodies. 87/100,Tiga,Far From Home,,,Tiga,Far From Home,,
2018-03-13,78,Adele – Send My Love (To Your New Lover),"bar high enough that this song is subpar. Nevertheless, it is alright to listen to and it isn’t bad.",Adele,Send My Love (To Your New Lover),,,Adele,Send My Love (To Your New Lover),,
2018-03-13,91,2CELLOS – Celloverse,this to shuffle game and it lost greatly from being a bit too similar to other “motivational songs”),2CELLOS,Celloverse,,,2CELLOS,Celloverse,,
2018-03-14,70,Ward Thomas – Carry You Home,"on my own so scared, and it’ll be there when it all goes wrong just to show me someone cares. 70/100",Ward Thomas,Carry You Home,,,Ward Thomas,Carry You Home,,
2018-03-16,78,Demi Lovato – Shouldn’t Come Back,sive. The song is also calm enough to survive through multiple listens and not get old. Not bad. (B),Demi Lovato,Shouldn’t Come Back,,,Demi Lovato,Shouldn’t Come Back,,
2018-03-16,90,Dr. Wily’s Castle (Mega Man 2) – Violin Cover – Taylor Davis,"dtrack , and displays more of her technique and finesse. Overall, nothing to complain about. 90/100.",Taylor Davis,Dr. Wily’s Castle (Mega Man 2) – Violin Cover – Taylor Davis,,,Taylor Davis,Dr. Wily’s Castle (Mega Man 2) – Violin Cover – Taylor Davis,,
2018-03-16,84,Rachel Platten – Stand By You,"angel. The tune isn’t very unique, but the theme is quite nice, and the song hasn’t gotten old yet.",Rachel Platten,Stand By You,,,Rachel Platten,Stand By You,,
2018-03-17,92,Fall Out Boy – Alone Together,"m to have ended and is left on a cliffhanger. Even so, Fall out boy delivers another excellent song.",Fall Out Boy,Alone Together,,,Fall Out Boy,Alone Together,,
2018-03-17,82,Revolution Harmony – I is Love for You,"or transition. I’ll give you guys… 82/100. It’s definitely got some cool parts, even if not perfect.",Revolution Harmony,I is Love for You,,,Revolution Harmony,I is Love for You,,
2018-03-18,88,Lady Gaga – Applause,"lture, the other, art and pop culture in me”. A good pop hit, Gaga delivers a pretty great pop song.",Lady Gaga,Applause,,,Lady Gaga,Applause,,
2018-03-19,99,Johnny Cash – Hurt,"ong will be added upon the list. For now though, it does its job too well, and makes me hurt. 99/100",Johnny Cash,Hurt,,,Johnny Cash,Hurt,,
2018-03-19,82,Low (feat. RuPaul) by Todrick Hall,ut it provides a cool extra theme that makes this song stands out along with other pop songs. 82/100,Todrick Hall,Low (feat. RuPaul),,,Todrick Hall,Low (feat. RuPaul),,
2018-03-20,,Crossing Field (covered by Johnathan Young),". Nevertheless, Crossing Field distinguishes itself a little out of other rock songs with its theme.",Johnathan Young),Crossing Field (covered,,,Johnathan Young),Crossing Field (covered,,
2018-03-20,,Faydee – Can’t Let Go,"an’t let go” the entire song, but what the song lacks in lyrics, it makes up for with a cool melody.",Faydee,Can’t Let Go,,,Faydee,Can’t Let Go,,
2018-03-21,,Lindsey Stirling – Mirage,with the “ladingadingadingading” in the background. I can almost see the mirage of Taj Mahal myself…,Lindsey Stirling,Mirage,,,Lindsey Stirling,Mirage,,
2018-03-22,70,Demi Lovato – Heart Attack,h the guy she likes. The only complaint I have is the four-chord progression the song uses. Ah well.,Demi Lovato,Heart Attack,,,Demi Lovato,Heart Attack,,
2018-03-23,92,Melanie Martinez – Cake,"l and counter usual messages, challenging with very dark meanings. This one is no exception. 92/100.",Melanie Martinez,Cake,,,Melanie Martinez,Cake,,
2018-03-23,93,Katy Perry – International Smile,"I have to remove it. Maybe next time, Katy. At least this song is better than “International Love”.",Katy Perry,International Smile,,,Katy Perry,International Smile,,
2018-03-24,65,Kitsune^2- Avast Your Ass,"is admittedly a bit of meme, but the song itself hasn’t gotten boring… yet. I might remove it later.",Kitsune^2,Avast Your Ass,,,Kitsune^2,Avast Your Ass,,
2018-03-24,100,when || dodie,"continuously offers more interesting melodies as it goes on, so it’s unlikely to get boring. 10/10.",dodie,when || dodie,,,dodie,when || dodie,,
2018-03-24,88,Spider Dance (covered by Adriana Figuero),"hand”. Overall, this is far different from my usual pop song, so I’m definitely keeping this. 88/100",Adriana Figuero),Spider Dance (covered,,,Adriana Figuero),Spider Dance (covered,,
2018-03-25,,Katy Perry – Birthday,"cool, and silly, Katy manages to successfully hides a sexual innuendo in a seemingly innocent song.",Katy Perry,Birthday,,,Katy Perry,Birthday,,
2018-03-25,88,Lindsey Stirling – Dance of the Sugar Plum Fairy,"she’s smart enough to know when to remix it and when to make it more classical. Great work, Lindsey.",Lindsey Stirling,Dance of the Sugar Plum Fairy,,,Lindsey Stirling,Dance of the Sugar Plum Fairy,,
2018-03-26,93,Love Myself – Hailee Steinfeld,"e going by the true meaning of the song, not-so-good message?), the song’s tune is not very notable.",Hailee Steinfeld,Love Myself,,,Hailee Steinfeld,Love Myself,,
2018-03-26,76,Selena Gomez – Same Old Love,"l. Plus, it’s a catchy song. The only problem is that it might be a bit pervasive…
I say it’s 3.8/5.",Selena Gomez,Same Old Love,,,Selena Gomez,Same Old Love,,
2018-03-26,83,One Direction – Perfect,"’t mind a simple fling type. So overall, very casual song, fitting its theme. Not bad at all. 83/100",One Direction,Perfect,,,One Direction,Perfect,,
2018-03-27,90,NateWantsToBattle – StopRewind,second place lost by merely 1 point. You can see the votes here. The results from worst to best are:,NateWantsToBattle,StopRewind,,,NateWantsToBattle,StopRewind,,
2018-03-28,70,Katy Perry – The One That Got Away,noying. Only problem is that its lyrics aren’t super creative other than the reference to Radiohead.,Katy Perry,The One That Got Away,,,Katy Perry,The One That Got Away,,
2018-03-29,,Happier -Ed Sheeran,"his song gets old like other songs do
Just know that at least for the moment, I was happier with you",Ed Sheeran,Happier -Ed Sheeran,,,Ed Sheeran,Happier -Ed Sheeran,,
2018-03-30,,[MV] IU(아이유) _ Twenty-three(스물셋),"t one truly feels, pretending to be one that is not who one really is (fox pretending to be a bear).",IU(아이유),Twenty-three(스물셋),,,IU(아이유),Twenty-three(스물셋),,
2018-03-30,82,Imagine Dragons – Radioactive,"but regardless, the song is cool to listen on its own, and “waking up” is a very nice metaphor. (B+)",Imagine Dragons,Radioactive,,,Imagine Dragons,Radioactive,,
2018-03-30,84,Jennifer Lawrence – Hanging Tree,the difference in background music and dramatization prevents the song from getting dull. Good song.,Jennifer Lawrence,Hanging Tree,,,Jennifer Lawrence,Hanging Tree,,
2018-03-30,62,Adele – Set Fire To The Rain,"Fire no longer seems as fiery as before. It’s not a bad song, but I think it’s closer to B tier now.",Adele,Set Fire To The Rain,,,Adele,Set Fire To The Rain,,
2018-03-30,71,X Ambassadors – Unsteady,” and “papa”. The chorus’s unusual rhythm further help support the song to stand out against others.,X Ambassadors,Unsteady,,,X Ambassadors,Unsteady,,
2018-03-30,,Storm’s End – Break of Reality,"ailed, with this fortress surviving. You can tell this fortress is strong, even from the song alone.",Break of Reality,Storm’s End,,,Break of Reality,Storm’s End,,
2018-03-31,,Ariana Grande & Elizabeth Gillies – Give it up,stressing the “give it up” theme especially with “come here boy”. The lyrics aren’t too deep sadly…,Ariana Grande & Elizabeth Gillies,Give it up,,,Ariana Grande & Elizabeth Gillies,Give it up,,
2018-04-01,85,Within Temptation – In the Middle of the Night,"t”.
passionate and well-composed, this song displays more of Within’s great singing ability. 85/100.",Within Temptation,In the Middle of the Night,,,Within Temptation,In the Middle of the Night,,
2018-04-02,100,V.K. – Wings of Piano,"solid song.
On a side note, this week’s Spotify had an unusually large amount of piano songs… hmmm…",V.K.,Wings of Piano,,,V.K.,Wings of Piano,,
2018-04-02,90,Au5 – Snowblind,"yrics, and the beat is strongly and successfully dropped.
Score: 90/100 (Unchanged across two years)",Au5,Snowblind,,,Au5,Snowblind,,
2018-04-02,93,Rob thomas – Pieces,"more annoying on later listens. Sorry, Rob, but this love song doesn’t stand up to the test of time.",Rob thomas,Pieces,,,Rob thomas,Pieces,,
2018-04-02,,Philip Wesley – Dark night of the soul,s true to its minor theme and throughout the whole song is quite impressive overall. TOP 100 worthy.,Philip Wesley,Dark night of the soul,,,Philip Wesley,Dark night of the soul,,
2018-04-02,,BEAUTY AND THE BEAST (Minor Key Version) – Chase Holfelder,"old-sounding song.
But now, John Legend and Ariana’s cover…. I’ll have to contemplate on that later…",Chase Holfelder,BEAUTY AND THE BEAST (Minor Key Version),,,Chase Holfelder,BEAUTY AND THE BEAST (Minor Key Version),,
2018-04-03,93,Lawson – Money,"tself from, for example, Rich Love, which has its own style with the “whoop-yeah” in the background.",Lawson,Money,,,Lawson,Money,,
2018-04-03,,Ricky Martin – La Mordidita,"suggests a strong intimacy and brings out the imagery. Indeed, Ricky Martin still stays on my list.",Ricky Martin,La Mordidita,,,Ricky Martin,La Mordidita,,
2018-04-04,82,Lindsey Stirling – Firefly,"5
two years later. 4/7/2021 rating: 82/100 (voice got a bit more monotonous overall… sorry Lindsey!)",Lindsey Stirling,Firefly,,,Lindsey Stirling,Firefly,,
2018-04-05,82,Unlike Pluto – Worst In Me,"e unpolished in its writing, but the melody is well done, and the song is quite decent to listen to.",Unlike Pluto,Worst In Me,,,Unlike Pluto,Worst In Me,,
2018-04-05,95,Louis Armstrong – What A Wonderful World,works quite well to support a unique song that I will probably keep since it only lasts two minutes.,Louis Armstrong,What A Wonderful World,,,Louis Armstrong,What A Wonderful World,,
2018-04-06,,Waterflame – Time machine,"imagine all the past areas. It almost feels a little Chinese too, and overall the song’s well-made.",Waterflame,Time machine,,,Waterflame,Time machine,,
2018-04-06,93,J-An Project – Falling In Love,"et boring, but for now, the 6 minutes aren’t too bad and I’m Fallin’ in love with Falling in love. 😉",J-An Project,Falling In Love,,,J-An Project,Falling In Love,,
2018-04-06,,What did you do with my heart – Thomas Sanders,"ly simple, but his lack of autotune is admirable and the lyrics are creative. I’m keeping this song.",Thomas Sanders,What did you do with my heart,,,Thomas Sanders,What did you do with my heart,,
2018-04-06,97,F-777 – Space Battle,"ong is quite possibly the best song from Geometry Dash, fitting for my top 100.  Original rating: 99",F-777,Space Battle,,,F-777,Space Battle,,
2018-04-07,88,Evanescence – Say You Will,"rain against my heart
Cut through like silver”), Say You Will is another great hit from Evanescence.",Evanescence,Say You Will,,,Evanescence,Say You Will,,
2018-04-07,85,On The Floor – Jennifer Lopez,"e and it sounds very cool. It might get annoying later, but for now, it stays… on the floor. 85/100.",Jennifer Lopez,On The Floor,,,Jennifer Lopez,On The Floor,,
2018-04-08,91,Immortals – Fall Out Boy,"truth after all– they can be immortals, immortals, just not for long, for long.
Final Score: 91/100",Fall Out Boy,Immortals,,,Fall Out Boy,Immortals,,
2018-04-08,,Mastiksoul Feat. Amanda Wilson & Ebbyman – I Am Changing,up to the test of time and if it deserves to stay on my faves. I might update this later; we’ll see!,Mastiksoul Feat. Amanda Wilson & Ebbyman,I Am Changing,,,Mastiksoul Feat. Amanda Wilson & Ebbyman,I Am Changing,,
2018-04-08,84,Kygo – Firestone ft. Conrad Sewell,"the song sounded like before I listened to it, I’d say it’s not too overwhelming. Good song overall.",Kygo,Firestone ft. Conrad Sewell,,,Kygo,Firestone ft. Conrad Sewell,,
2018-04-10,,Green Day – 21 Guns,"itioning to a more powerful “lay down your arms”. Overall, I’m keeping this song on my list for now…",Green Day,21 Guns,,,Green Day,21 Guns,,
2018-04-10,93,Within Temptation – Aquarius,"better place”. So I guess the singer is in love with someone who is very selfless, which seems nice.",Within Temptation,Aquarius,,,Within Temptation,Aquarius,,
2018-04-10,,Undercurrent by Michelle Mclaughin,"terpretation possible, Mclaughin demonstrates herself as an underrated composer with much potential.",Michelle Mclaughin,Undercurrent,,,Michelle Mclaughin,Undercurrent,,
2018-04-11,58,Justin Bieber – Company,s song doesn’t suck. But it doesn’t seem to stand up to another listen. Too much repetition. 58/100.,Justin Bieber,Company,,,Justin Bieber,Company,,
2018-04-11,90,Olly Murs – Seasons,"ays
Ain’t got no rhyme or reason
All I know is this song’s here, here, here for every season.
90/100",Olly Murs,Seasons,,,Olly Murs,Seasons,,
2018-04-11,90,Beth Crowley- Monster,"dual build and the message “I’m turning into a monster”, Beth performs quite well of a song. 90/100.",Beth Crowley,Monster,,,Beth Crowley,Monster,,
2018-04-11,95,Måns Zelmerlöw – Heroes,"to be winner of Eurovision as a hero of our time. 👍 
Grade: A (slightly worse than Kids in the Dark)",Måns Zelmerlöw,Heroes,,,Måns Zelmerlöw,Heroes,,
2018-04-11,95,Lindsey Stirling – Something Wild ft. Andrew McMahon,"acked against the odds of the unique Heart’s Harmony*, Taylor Davis’s other hits, Solid Ground, etc.",Lindsey Stirling,Something Wild ft. Andrew McMahon,,,Lindsey Stirling,Something Wild ft. Andrew McMahon,,
2018-04-12,100,Wicked Game – Chris Isaak,ve noted the Roy Orbison style to the singing; the vocals match the music perfectly.” /thethirdcurry,Chris Isaak,Wicked Game,,,Chris Isaak,Wicked Game,,
2018-04-13,82,"Earth, Wind & Fire – Boogie Wonderland",h a nice groove and disco-type theme that allows us to get into the groove of the boogie wonderland.,"Earth, Wind & Fire",Boogie Wonderland,,,"Earth, Wind & Fire",Boogie Wonderland,,
2018-04-13,95,Parov Stelar – Booty Swing,"a nice jazzy style and swings on through, defying expectations (unless you know Parov well). 95/100.",Parov Stelar,Booty Swing,,,Parov Stelar,Booty Swing,,
2018-04-14,72,Katy Perry – I Kissed A Girl,Perry arguably fell from a pop sensation to… whatever the heck Swish Swish can be considered to be.,Katy Perry,I Kissed A Girl,,,Katy Perry,I Kissed A Girl,,
2018-04-14,84,Lindsey Stirling – Anti Gravity,"if I get bored of it (after all, it’s just one of her ~70-80 songs), but Anti-Gravity is still good.",Lindsey Stirling,Anti Gravity,,,Lindsey Stirling,Anti Gravity,,
2018-04-15,95,Benny – Little Game,n out of ideas and needs to depend on voice change and reversed singing in order to solidify itself.,Benny,Little Game,,,Benny,Little Game,,
2018-04-16,85,4/16/18: This week’s spotify,"ng. Considering she still has a large amount of songs in my list, I’m sure we’ll reach her soon. $’)",4/16/18,This week’s spotify,,,4/16/18,This week’s spotify,,
2018-04-17,93,For the Love of a Daughter – Demi Lovato,lease put the bottle down for a love of a daughter” alone constructs a story well enough to work on.,Demi Lovato,For the Love of a Daughter,,,Demi Lovato,For the Love of a Daughter,,
2018-04-17,94,Remember the Name – Fort Minor,"n’t working for fame, he can suffer pain and work his way so that you can Remember the Name. 94/100.",Fort Minor,Remember the Name,,,Fort Minor,Remember the Name,,
2018-04-18,88,Fireflies – Owl City,ee Fireflies is one of the top Owl City songs and I really like the synth working in the background.,Owl City,Fireflies,,,Owl City,Fireflies,,
2018-04-19,88,Pendulum – The Island – Pt. 1 Dawn,"ression, but the melody feels nice, and as mentioned before, the lyrics aren’t lazy at all. (88/100)",Pendulum,The Island – Pt. 1 Dawn,,,Pendulum,The Island – Pt. 1 Dawn,,
2018-04-19,88,Clocks and Clouds – Towers Fall into the Sea,"most like a small orchestra, Clocks and clouds displays an epic scenery in the short time they have.",Clocks and Clouds,Towers Fall into the Sea,,,Clocks and Clouds,Towers Fall into the Sea,,
2018-04-20,79,"Shawn Mendes, Camila Cabello – I Know What You Did Last Summer","struggle, despite the girl’s betrayal, the boy still has hope, as in most deep relations. Good song.","Shawn Mendes, Camila Cabello",I Know What You Did Last Summer,,,"Shawn Mendes, Camila Cabello",I Know What You Did Last Summer,,
2018-04-21,85,Life Might Take Us – Static P,ng that delivers a little message and an inferred story. Who knows where Life Might Take Us? 85/100.,Static P,Life Might Take Us,,,Static P,Life Might Take Us,,
2018-04-21,,Avril Lavigne – Who Knows,"lacking in lyrics, and the tune isn’t super duper unique either… so… removed. Not too shabby though.",Avril Lavigne,Who Knows,,,Avril Lavigne,Who Knows,,
2018-04-21,89,Bradio – Flyers,he comparison to Jealous Sea made me realize I completely overrated this song. Final rating: 89/100.,Bradio,Flyers,,,Bradio,Flyers,,
2018-04-22,91,BLACK6IX – Please,"h his love, nevertheless, the tune is unique and the song remains catchy on a second listen. 91/100.",BLACK6IX,Please,,,BLACK6IX,Please,,
2018-04-27,90,When – Dodie Clark,"Dodie’s calm voice, when makes me wonder when I will listen to such a refreshing song again… 90/100.",Dodie Clark,When,,,Dodie Clark,When,,
2018-04-27,84,Dancing Queen – ABBA,s as a decent disco and the chords are quite nice. It could be said to be a little too happy though…,ABBA,Dancing Queen,,,ABBA,Dancing Queen,,
2018-05-01,92,Didrick – Ready to Fly feat. Adam Young,An excellent song showcasing Adam’s vocal abilities as Owl City.,Didrick,Ready to Fly feat. Adam Young,,,Didrick,Ready to Fly feat. Adam Young,,
2018-05-03,98,Lamentations of the Heart by Philip Wesley,"ltiple parts on the piano, Lamentation is surely a mark of a masterpiece in modern classical pieces.",Philip Wesley,Lamentations of the Heart,,,Philip Wesley,Lamentations of the Heart,,
2018-05-03,80,Katy Perry Last Friday Night (TGIF),nd doesn’t make a lot of sense (she gives off the feeling that she’s irresponsible and etc.). 80/100,TGIF,Katy Perry Last Friday Night (TGIF),,,TGIF,Katy Perry Last Friday Night (TGIF),,
2018-05-12,86,Demi Lovato – Warrior,ghtly defies and stands above usual pop especially with the chorus. Demi is indeed a warrior. 86/100,Demi Lovato,Warrior,,,Demi Lovato,Warrior,,
2018-05-15,65,Project 46 – Forgettable,"ove it once it gets more annoying, since with the familiar tune, it might sadly turn into the title…",Project 46,Forgettable,,,Project 46,Forgettable,,
2018-05-17,,Waterflame – Geometrical Dominator,"ground combined with the flute allow a very interesting song, especially up against usual pop songs.",Waterflame,Geometrical Dominator,,,Waterflame,Geometrical Dominator,,
2018-05-17,75,Shawn Mendes – Aftertaste,"list. However, it lacks the catchiness of some of his better songs, such as Treat Me Better. 75/100.",Shawn Mendes,Aftertaste,,,Shawn Mendes,Aftertaste,,
2018-05-17,88,The Neighbourhood – Scary Love,take a break and listen to an almost-dark “I need you here” sung by an almost-dreamy voice. 88/100.,The Neighbourhood,Scary Love,,,The Neighbourhood,Scary Love,,
2018-05-18,80,Don’t You Forget About Me – Simple Minds,"after the break-up or separation. Even so, the tune is alright and it doesn’t feel too lazy. 80/100.",Simple Minds,Don’t You Forget About Me,,,Simple Minds,Don’t You Forget About Me,,
2018-05-18,60,Confident – Demi Lovato,ng with being confident” being drilled into your head isn’t precisely as wonderful as it would seem.,Demi Lovato,Confident,,,Demi Lovato,Confident,,
2018-05-22,84,5/21/2018’s Weekly Discovery,"n from the audio visualizer. I cannot completely understand the name, but it is a good song overall.",,5/21/2018’s Weekly Discovery,,,,5/21/2018’s Weekly Discovery,,
2018-05-24,70,Youtube top 10 most viewed review,"70/100

Hello: An excellent song, even with four chord progression chorus. Not much to say. 90/100.",,,,,,,,
2018-05-26,85,We shall never surrender – clocks and clouds,"Epic indeed, We Shall Never Surrender is a pretty cool song. 85/100.",clocks and clouds,We shall never surrender,,,clocks and clouds,We shall never surrender,,
2018-05-26,,Britney Spears – Circus,"hit. “All eyes on me, I’m the center of the ring”, indeed. It has even made my top 100 a few times.",Britney Spears,Circus,,,Britney Spears,Circus,,
2018-05-26,95,Exo – Growl,"k, and though the rap is difficult to get past, the rest of the song is really doggone cool. 95/100.",Exo,Growl,,,Exo,Growl,,
2018-05-28,95,Brave Enough – Lindsey Stirling feat Christina Perri,rappreciated since this song does not rank high in popularity in either artist’s repertoire. 95/100.,Lindsey Stirling feat Christina Perri,Brave Enough,,,Lindsey Stirling feat Christina Perri,Brave Enough,,
2018-05-30,88,Lena – Satellite,’m not sure why I ranked it so high. It’s not *That* much better than your usual catchy pop. 88/100.,Lena,Satellite,,,Lena,Satellite,,
2018-06-01,85,Fifth Harmony – worth it,"bsurdly similar to Talk Dirty to Me, Worth It sounds very sleezy and is overall a cool song. 85/100.",Fifth Harmony,worth it,,,Fifth Harmony,worth it,,
2018-06-01,92,Little Talks – Of Mice and Men,"ng almost sounds pop, while it is alternative indie, and it is more complex than I expected. 92/100.",Little Talks,Of Mice and Men,,,Little Talks,Of Mice and Men,,
2018-06-01,85,Francesca Maria – Zumba High,"to in comparison to my top catchy songs, Zumba high is admirable as a song made for dancing. 85/100.",Francesca Maria,Zumba High,,,Francesca Maria,Zumba High,,
2018-06-01,95,Piano Guys – Kung Fu Piano: Cello Ascends,"od Lapis actually is, since other than Piano Guys there isn’t really anyone renowned on the shuffle.",Piano Guys,Kung Fu Piano: Cello Ascends,,,Piano Guys,Kung Fu Piano: Cello Ascends,,
2018-06-02,89,【C90】葉月ゆら「 Yura Hatsuki」 – Shadows ～影色妖精絵本～,ds quite decent. Though the chorus sounds a bit similar to Moscow (Dschinghis Khan) or Bad Apple. 85,【C90】葉月ゆら「 Yura Hatsuki」,Shadows ～影色妖精絵本～,,,【C90】葉月ゆら「 Yura Hatsuki」,Shadows ～影色妖精絵本～,,
2018-06-02,73,Everything – Ahmir,"to add this simple song, but after so much experience, I’m afraid I will have to remove it. 73/100.",Ahmir,Everything,,,Ahmir,Everything,,
2018-06-02,90,Coldplay – Paradise,"you feel like every time your close your eyes, you go to Paradise. A fitting title for sure. 90/100.",Coldplay,Paradise,,,Coldplay,Paradise,,
2018-06-02,90,Tchaikovsky – The Seasons: April (“Snowdrop”),"Calm, soothing, this classical piano piece is not bad at all, and survives with age. 90/100.",Tchaikovsky,The Seasons: April (“Snowdrop”),,,Tchaikovsky,The Seasons: April (“Snowdrop”),,
2018-06-02,89,ATC – All Around The World (la la la la la la la la),"la…), but the tune is pretty catchy and cool. Sure, it’s a cover, but it’s pretty dang cool. 89/100.",ATC,All Around The World (la la la la la la la la),,,ATC,All Around The World (la la la la la la la la),,
2018-06-02,90,Madonna – Like A Prayer,"ially with the implication of the lyrics), though I just think it’s kind of catchy and nice. 90/100.",Madonna,Like A Prayer,,,Madonna,Like A Prayer,,
2018-06-03,89,Legends Never Die (ft. Against The Current),"like Hans Zimmer’s Time. The song does grow and evolve from this, but the melody seems a bit simple.",ft. Against The Current,Legends Never Die,,,ft. Against The Current,Legends Never Die,,
2018-06-04,85,Plumb – ONE DROP,"ing together, “oh, oh oh oh”) and gets old rather fast, especially with limited instruments. 85/100.",Plumb,ONE DROP,,,Plumb,ONE DROP,,
2018-06-05,62,Bad Apple – Touhou,"less than a 100.

(I get it, it’s super guilty pleasure. It horrendously lost in the Shuffle Game. )",Bad Apple,Touhou,,,Bad Apple,Touhou,,
2018-06-07,90,Elvis Presley: “Suspicious Minds”,"the Suspicious Minds title is truly fitting.
Original: 70/100 snoozefest
Minor key: 90/100 very good",Elvis Presley,“Suspicious Minds”,,,Elvis Presley,“Suspicious Minds”,,
2018-06-07,87,"Daya – Sit Still, Look Pretty","t’s just… you know, not cool enough to move up to my top 100. A bit too mainstream sounding. 87/100.",Daya,"Sit Still, Look Pretty",,,Daya,"Sit Still, Look Pretty",,
2018-06-07,85,Lana Del Rey – Hit and Run,ll cool to listen to. I sometimes enjoy randomly singing “time to eat” with the chorus tune. 85/100.,Lana Del Rey,Hit and Run,,,Lana Del Rey,Hit and Run,,
2018-06-08,85,America’s Cup – Alan Lee Silva,"ing adventure is quite impressive overall, and looking back on it, it is still a solid song. 85/100.",Alan Lee Silva,America’s Cup,,,Alan Lee Silva,America’s Cup,,
2018-06-08,85,Can’t Sleep Love – Pentatonix,ly gotten tired of this song as well. Sorry! A capella can only last so long… (Final rating: 85/100),Pentatonix,Can’t Sleep Love,,,Pentatonix,Can’t Sleep Love,,
2018-06-08,90,Austin Mahone –  Till I Find You,"Catchy, cool, Till I Find you is a pretty damn cool song. 90/100.",Austin Mahone,Till I Find You,,,Austin Mahone,Till I Find You,,
2018-06-09,90,Jason Mraz – Plane,"Emotional, well composed, plane is a good song to listen to. 90/100.",Jason Mraz,Plane,,,Jason Mraz,Plane,,
2018-06-09,94,Reflections – Taylor Davis,"ite some. It is on my top 100 list, and I think it’ll be there for some time….
Original rating : 100",Taylor Davis,Reflections,,,Taylor Davis,Reflections,,
2018-06-10,85,"Fall Out boy – Dance, Dance","catchy, nice, Dance, Dance is not one of their top hits, but it still is decent. 85/100.",Fall Out boy,"Dance, Dance",,,Fall Out boy,"Dance, Dance",,
2018-06-10,88,Usher – Scream,"oesn’t seem lazily made, like “oh baby baby oh baby baby”. like “oh baby baby oh baby baby”. 88/100.",Usher,Scream,,,Usher,Scream,,
2018-06-10,94,Chris Lane – Fix,"gs. In addition, the other 93’s have only gotten weaker. As such, I’ve promoted this song to 94/100.",Chris Lane,Fix,,,Chris Lane,Fix,,
2018-06-12,,Stampede – Lindsey Stirling,"ed in Stirling’s Roundtable Rival). Yet once more, Lindsey shows her ability to maintain quality. 91",Lindsey Stirling,Stampede,,,Lindsey Stirling,Stampede,,
2018-06-12,95,Muse – Uprising,"A decent, invigorating song, Uprising proves Muse will be victorious. 95/100.",Muse,Uprising,,,Muse,Uprising,,
2018-06-12,95,Salvador Sobral – Amar Pelos Dois,"er due to less repetitive nature. This song deserved to win Eurovision, through and through. 95/100.",Salvador Sobral,Amar Pelos Dois,,,Salvador Sobral,Amar Pelos Dois,,
2018-06-12,60,6/10 – Dodie,"and soothing, and its message is about an insecure girl. But surely, this song is better than 6/10.",Dodie,6/10,,,Dodie,6/10,,
2018-06-13,91,Queen – The Show Must Go On,"repeated a bit too often, but the melody is pretty unique and the song is overall very cool. 91/100.",Queen,The Show Must Go On,,,Queen,The Show Must Go On,,
2018-06-13,85,David Guetta – She Wolf (Falling To Pieces) ft. Sia,"he background supports a good melody, though “Falling to pieces” chorus is a bit repetitive. 85/100.",David Guetta,She Wolf (Falling To Pieces) ft. Sia,,,David Guetta,She Wolf (Falling To Pieces) ft. Sia,,
2018-06-13,,DamienDawn – SILENT SCREAM,ien Dawn is also pretty consistent with “say Something” along with “Every time the rain comes down”.,DamienDawn,SILENT SCREAM,,,DamienDawn,SILENT SCREAM,,
2018-06-15,90,Monstaz – We Can Go Crazy,"ster now, we can go crazy”), though the beat is nicely done and the melody is pretty catchy. 90/100.",Monstaz,We Can Go Crazy,,,Monstaz,We Can Go Crazy,,
2018-06-15,90,Anna Blue – Every Time The Rain Comes Down,"in Comes is a pretty decent song, further supporting Anna’s ability to write and sing songs. 90/100.",Anna Blue,Every Time The Rain Comes Down,,,Anna Blue,Every Time The Rain Comes Down,,
2018-06-17,50,7 Years – Luke Graham,"l Grade: D- (~50/100).
For a review that opened my eyes, perhaps you can check out another reviewer…",Luke Graham,7 Years,,,Luke Graham,7 Years,,
2018-06-17,95,Halsey – Gasoline,"one of her best songs, gasoline is on fire! 95/100.",Halsey,Gasoline,,,Halsey,Gasoline,,
2018-06-18,95,Waterflame – Blast Processing,"iting, a cool name of “blast processing”, my mind processing this song is certainly a blast! 95/100.",Waterflame,Blast Processing,,,Waterflame,Blast Processing,,
2018-06-18,85,Forgotten City – Lindsey Stirling,"my mind, as it is beautiful and sets the perfect mood for the puzzle game it was meant for. 85/100.",Lindsey Stirling,Forgotten City,,,Lindsey Stirling,Forgotten City,,
2018-06-18,94,6/18/2018’s Spotify,ck of fantastic songs. Maybe my tastes have shifted from my original when I made this list. Oh well.,,6/18/2018’s Spotify,,,,6/18/2018’s Spotify,,
2018-06-18,90,Owl City – Verge ft. Aloe Blacc,"Aloe isn’t bad, and Owl City delivers another good song. “This is our time”, indeed. 90/100.",Owl City,Verge ft. Aloe Blacc,,,Owl City,Verge ft. Aloe Blacc,,
2018-06-18,80,Linkin Park – Crawling,"super famous chorus, I will admit it is a bit shallow but overall it is pretty decent still. 80/100.",Linkin Park,Crawling,,,Linkin Park,Crawling,,
2018-06-18,85,LiSA – Crossing Field,"e
Our dreams will soar free forever”. So yeah, more love themes, whatever. But I don’t mind. 85/100.",LiSA,Crossing Field,,,LiSA,Crossing Field,,
2018-06-19,85,Tove Lo – Talking Body,"ght
We fuck for life, on and on and on”
honestly the clean version might be smarter. Anyhow, 85/100.",Tove Lo,Talking Body,,,Tove Lo,Talking Body,,
2018-06-19,88,Owl City – Wolf Bite,"clear that Wolf Bite is deeper than your usual pop song, even if the melody is arguably not. 88/100.",Owl City,Wolf Bite,,,Owl City,Wolf Bite,,
2018-06-20,85,DNCE – Kissing Strangers  ft. Nicki Minaj,", DNCE provides another good song. Though Nicki’s verse seems nonsensical for the most part. 85/100.",DNCE,Kissing Strangers  ft. Nicki Minaj,,,DNCE,Kissing Strangers  ft. Nicki Minaj,,
2018-06-20,90,Victorious – Panic! At the Disco,"that with champagne pouring over us, all my friends are glorious, tonight we are victorious. 90/100.",Victorious,Panic! At the Disco,,,Victorious,Panic! At the Disco,,
2018-06-21,87,James Arthur – Naked,"ew times and it’s pretty normal, but I admire the symbolism of being exposed and vulnerable. 87/100.",James Arthur,Naked,,,James Arthur,Naked,,
2018-06-21,92,Raphael Gualazzi – Madness Of Love,"find me
If I stop for a moment, I no longer know who you are”.
Overall it’s very solid. 92/100. (A)",Raphael Gualazzi,Madness Of Love,,,Raphael Gualazzi,Madness Of Love,,
2018-06-21,88,Bad romance – Lady Gaga,"over time, and can’t reach the same levels of awesomeness it held before. Final rating: 88/100 (B+)",Lady Gaga,Bad romance,,,Lady Gaga,Bad romance,,
2018-06-21,90,Before You Exit – Dangerous,"but with a different type of beat (though same type of catchy). Overall, it’s pretty great. 90/100.",Before You Exit,Dangerous,,,Before You Exit,Dangerous,,
2018-06-21,87,2Cellos – Game of thrones,"fantastic masterpiece of a cover, that is still standing strong in my top 100. Original rating: 100",2Cellos,Game of thrones,,,2Cellos,Game of thrones,,
2018-06-21,90,New Romantics  – Taylor Swift,"s still alright. New Romantics doesn’t offer anything too “new”, but it still sounds decent. 90/100.",Taylor Swift,New Romantics,,,Taylor Swift,New Romantics,,
2018-06-22,95,God Rest Ye Merry Gentlemen – Pentatonix,st Ye Merry Gentlemen springs upon new interest in this classic I did not think I could get. 95/100.,Pentatonix,God Rest Ye Merry Gentlemen,,,Pentatonix,God Rest Ye Merry Gentlemen,,
2018-06-22,70,Thomas Jack – Rivers (feat. Nico & Vinz),"ilty pleasure (“we can make it into something beautiful”)…. alas, I am beyond this. Removed, 70/100.",Thomas Jack,Rivers (feat. Nico & Vinz),,,Thomas Jack,Rivers (feat. Nico & Vinz),,
2018-06-22,90,an awkward duet | dodie & jon cozart,"that they can sing, I swear it’s true– they’re just a little nervous in front of each other. 90/100.",jon cozart,an awkward duet | dodie,,,jon cozart,an awkward duet | dodie,,
2018-06-23,80,Hands Up! – My World,"A decent song, even if its love theme is already told and sold. 80/100.",Hands Up!,My World,,,Hands Up!,My World,,
2018-06-23,85,Lawson – Everywhere You Go,rather ordinary. But the melody is well-composed and the song overall is good to listen to. 85/100.,Lawson,Everywhere You Go,,,Lawson,Everywhere You Go,,
2018-06-23,71,Capital Cities – Safe and Sound,"ugh there is nothing new– it is arguably too safe and sound. Even so, I’ll keep it for now…. 71/100.",Capital Cities,Safe and Sound,,,Capital Cities,Safe and Sound,,
2018-06-23,82,Koisuru Kimochi「Kana Nishino」,"notch. The cheery voice is also double edged, and tempts me to remove it from my favorites. (82/100)",Kana Nishino,Koisuru Kimochi「Kana Nishino」,,,Kana Nishino,Koisuru Kimochi「Kana Nishino」,,
2018-06-23,60,Sistek – Pitfalls (feat. Tudor & Amy J. Pryce),"tell me how the sun rises. Sorry, removed. I must have been bored as hell when I added this. 60/100.",Sistek,Pitfalls (feat. Tudor & Amy J. Pryce),,,Sistek,Pitfalls (feat. Tudor & Amy J. Pryce),,
2018-06-23,91,The Weeknd – Earned It,"Dark, uber cool, Earned It gets a 91/100. You could say the song Earned It.",The Weeknd,Earned It,,,The Weeknd,Earned It,,
2018-06-24,100,Eminem  – Lose Yourself,"ly get one shot, do not miss your chance to blow, This opportunity comes once in a lifetime! 100/100",Eminem,Lose Yourself,,,Eminem,Lose Yourself,,
2018-06-24,95,Dami Im – Sound Of Silence,"ilence”, this song came close to winning the Eurovision, and I think it is a very good song. 95/100.",Dami Im,Sound Of Silence,,,Dami Im,Sound Of Silence,,
2018-06-24,88,“Everdream” by Epic Soul Factory,"indeed, Everdream calmly and softly rises and falls, making you feel like you are forever dreaming.",Epic Soul Factory,“Everdream”,,,Epic Soul Factory,“Everdream”,,
2018-06-25,94,6/25/2018’s spotify,"ertheless, barring that, Shy Boy is a very cool song, possibly even worthy of my top 100. Rating: 97",,6/25/2018’s spotify,,,,6/25/2018’s spotify,,
2018-06-25,90,This Is Me (from The Greatest Showman),"little lazy, but otherwise, this song is pretty powerful and uplifting. Indeed, This is Me. 90/100.",,This Is Me (from The Greatest Showman),,,,This Is Me (from The Greatest Showman),,
2018-06-25,95,Perseus – Soon Hee Newbold,"a modern classical orchestral piece, compared to old classics it doesn’t stand up. 95/100. (Solid A)",Soon Hee Newbold,Perseus,,,Soon Hee Newbold,Perseus,,
2018-06-26,89,Clocks and Clouds: Their Finest Hour,"pretty epic, this song displays C&C at Their Finest hour. 89/100.",Clouds: Their Finest Hour,Clocks,,,Clouds: Their Finest Hour,Clocks,,
2018-06-26,79,Edvin Marton – Tosca fantasy,"tle over dramatic and doesn’t have much subtlety, so I have to lower the final rating a bit. 79/100.",Edvin Marton,Tosca fantasy,,,Edvin Marton,Tosca fantasy,,
2018-06-26,85,Marshmello & Anne-Marie – FRIENDS,"ucture is quite cool, and Friends is one of the good pop songs– even if a little overplayed. 85/100.",Marshmello & Anne-Marie,FRIENDS,,,Marshmello & Anne-Marie,FRIENDS,,
2018-06-28,92,Waka Waka (This time for Africa) – Shakira,he only flaw of Waka waka is that it is a little too pop based. (especially with the chorus) 92/100.,Shakira,Waka Waka (This time for Africa),,,Shakira,Waka Waka (This time for Africa),,
2018-06-29,89,Michael Bublé – It’s A Beautiful Day,"ever and I’m still listening to it, with its high spirits and positive outlook on a breakup. 89/100.",Michael Bublé,It’s A Beautiful Day,,,Michael Bublé,It’s A Beautiful Day,,
2018-06-29,80,Pitbull ft. T-Pain – Hey Baby (Drop It To The Floor),"bull isn’t too annoying. Overall, it’s a very guilty pleasure song, but hey, what can I say. 80/100.",Pitbull ft. T-Pain,Hey Baby (Drop It To The Floor),,,Pitbull ft. T-Pain,Hey Baby (Drop It To The Floor),,
2018-06-29,90,Avril Lavigne – Girlfriend,"ittle bit funny, Avril creates a pretty nice hit that makes you want her as your girlfriend. 90/100.",Avril Lavigne,Girlfriend,,,Avril Lavigne,Girlfriend,,
2018-06-30,88,Miley Cyrus – wrecking Ball,"the song is not bad, and it sends the message that she was “broken” by the person she loved. 88/100",Miley Cyrus,wrecking Ball,,,Miley Cyrus,wrecking Ball,,
2018-06-30,95,The Glitch Mob – Fortune Days,"cool, slowly inferring the big chorus, then bringing in the powerful melody along with drop. 95/100.",The Glitch Mob,Fortune Days,,,The Glitch Mob,Fortune Days,,
2018-06-30,90,Lana Del Rey – Dark Paradise,"ng is slow, pondering, and her strange yet luring voice helps us get into her Dark Paradise. 90/100.",Lana Del Rey,Dark Paradise,,,Lana Del Rey,Dark Paradise,,
2018-06-30,80,Ariana Grande – Side To Side ft. Nicki Minaj,"nnecessary and the song message is entirely too obvious, you cannot deny the song is catchy. 80/100.",Ariana Grande,Side To Side ft. Nicki Minaj,,,Ariana Grande,Side To Side ft. Nicki Minaj,,
2018-06-30,85,Лера Лера (Лера Козлова) – Неприятно,"ong, it is very rock-pop, hence failing to reach the standards of my top 100. Still not bad. 85/100.",Лера Лера (Лера Козлова),Неприятно,,,Лера Лера (Лера Козлова),Неприятно,,
2018-06-30,89,Detective Detective – Static P,"ven when he said “pushed up my glasses and gave a little smirk”, so it does seem the story is solid.",Static P,Detective Detective,,,Static P,Detective Detective,,
2018-07-01,87,Cruisin’ for a Bruisin’ – Pentatonix,g what this a cappella group can do to spice it up. Now we’re really Crusin’ for a Bruisin’. 87/100.,Pentatonix,Cruisin’ for a Bruisin’,,,Pentatonix,Cruisin’ for a Bruisin’,,
2018-07-02,72,Jon Schmidt & Steven Sharp Nelson  – Cello Wars,"Cool and well done, Cello Wars does justice to the Star Wars soundtrack.",Jon Schmidt & Steven Sharp Nelson,Cello Wars,,,Jon Schmidt & Steven Sharp Nelson,Cello Wars,,
2018-07-02,91,Mørland & Debrah Scarlett – A Monster Like Me,"owerful, Monster Like Me feels like it genuinely could have had a good chance at Eurovision. 91/100.",Mørland & Debrah Scarlett,A Monster Like Me,,,Mørland & Debrah Scarlett,A Monster Like Me,,
2018-07-02,85,Grenade – Bruno Mars,"to his iconic ability to avoid mainstream. Even so, Grenade contains a pretty good message. 85/100.",Bruno Mars,Grenade,,,Bruno Mars,Grenade,,
2018-07-03,90,7/3/2018’s Spotify,ion. I will have to listen to these two songs some more before I decide to add them to my favorites.,,7/3/2018’s Spotify,,,,7/3/2018’s Spotify,,
2018-07-03,95,Boy Epic – Trust,"stic and the song overall just isn’t impressive enough, even against my flawed songs in the top 100.",Boy Epic,Trust,,,Boy Epic,Trust,,
2018-07-04,92,Karma – CircusP ft. Eyeris (Cover)【JubyPhonic】,"y cool, and worth a listen, especially with the lyrics, “I’m holding out to watch you burn”. 92/100.",CircusP ft. Eyeris (Cover)【JubyPhonic】,Karma,,,CircusP ft. Eyeris (Cover)【JubyPhonic】,Karma,,
2018-07-04,88,OK Go – Obsession,"eo. With a nice beat and the “uh huh, it’s obsession” being quite catchy, I’d rate this song 88/100.",OK Go,Obsession,,,OK Go,Obsession,,
2018-07-05,87,Farid Mammadov – Hold Me,"uniqueness of the composition of Only Teardrops, explaining its placement as second in 2013. 87/100.",Farid Mammadov,Hold Me,,,Farid Mammadov,Hold Me,,
2018-07-05,,人中之龙 (Piano Song),"this song is indeed, the “dragon of the people” — as the translation of the Chinese title would say.",,人中之龙 (Piano Song),,,,人中之龙 (Piano Song),,
2018-07-06,90,Danse Macabre (Dance of Death),"Cool, nice, the melody fits the title. 90/100.",,Danse Macabre (Dance of Death),,,,Danse Macabre (Dance of Death),,
2018-07-06,80,Alexander Rybak- First Kiss,"airytale, or even arguably Europe’s Skies, but the melody is nice and with good “orchestra”. 80/100.",Alexander Rybak,First Kiss,,,Alexander Rybak,First Kiss,,
2018-07-06,86,Anna Blue & Damien Dawn – Angel,n “angel” of how they help each other and love each other. Very decent melody and good song. 91/100.,Anna Blue & Damien Dawn,Angel,,,Anna Blue & Damien Dawn,Angel,,
2018-07-06,87,Dirty Work Austin Mahone,annot deny the innate coolness with the main chorus along with beat. What a guilty pleasure. 87/100.,Austin Mahone,Dirty Work Austin Mahone,,,Austin Mahone,Dirty Work Austin Mahone,,
2018-07-06,90,Joseph Vincent – Our First Song,t assists the main theme of him being relatively straightforward in a promise of a relation. 90/100.,Joseph Vincent,Our First Song,,,Joseph Vincent,Our First Song,,
2018-07-08,90,Owl City – When Can I See You Again?,"ics introduce this great song, and it truly stresses the question, When Can I See you Again? 90/100.",Owl City,When Can I See You Again?,,,Owl City,When Can I See You Again?,,
2018-07-08,85,Rather Be – Clean Bandit,"outstanding idea to beat out other pop songs. There are many songs, I’d rather be. Final Rating: B.",Clean Bandit,Rather Be,,,Clean Bandit,Rather Be,,
2018-07-10,80,Lindsey Stirling – Afterglow (ft. Vicetone),"ng is still decent, but I can strongly justify it lacking uniqueness to get into my top 100. 80/100.",Lindsey Stirling,Afterglow (ft. Vicetone),,,Lindsey Stirling,Afterglow (ft. Vicetone),,
2018-07-10,,Sing We Now of Christmas by Michele McLaughlin,"Strangely enchanting, softly singing, the piano tells the story in the animation very well.",Michele McLaughlin,Sing We Now of Christmas,,,Michele McLaughlin,Sing We Now of Christmas,,
2018-07-10,,I Saw Three Ships – Lindsey Stirling,ween major and minor keys create an interesting cover of an old-and-told Christmas song. Go Lindsey!,Lindsey Stirling,I Saw Three Ships,,,Lindsey Stirling,I Saw Three Ships,,
2018-07-12,50,Daniel Rosty & Sash_S – See The Stars,"zing”, but there is nothing cool about the lyrics. Ai ai ai, past self, you have to git gud. 50/100.",Daniel Rosty & Sash_S,See The Stars,,,Daniel Rosty & Sash_S,See The Stars,,
2018-07-12,88,David choi — Missing Piece,"e inside of me, the rhythm of my heart beats unevenly, there’s a missing piece inside of me. 88/100.",David choi,Missing Piece,,,David choi,Missing Piece,,
2018-07-13,85,P!nk – What About Us,"Though repetitive, What About Us is a decent hit. 85/100.",P!nk,What About Us,,,P!nk,What About Us,,
2018-07-13,78,Rihanna – Where Have You Been,"Have You Been repeats its hook arguably a little too much, but I think I’ll keep it for now… 78/100.",Rihanna,Where Have You Been,,,Rihanna,Where Have You Been,,
2018-07-14,87,Monstaz – Popcorn Funk,"less, I will attempt to assign a score. My opinion has not really changed, despite its lost. 87/100.",Monstaz,Popcorn Funk,,,Monstaz,Popcorn Funk,,
2018-07-14,85,That’s Christmas To Me – Pentatonix,bad. It lacks the boredom of classics and still holds the touching message. Not bad at all. 85/100.,Pentatonix,That’s Christmas To Me,,,Pentatonix,That’s Christmas To Me,,
2018-07-14,90,Sigma ft. Birdy – Find Me,"g. I’m just gonna say it’s very good, but it lacks fitting to my taste to get on my top 100. 90/100.",Sigma ft. Birdy,Find Me,,,Sigma ft. Birdy,Find Me,,
2018-07-15,85,Karmin – I Want It All,"a, da da da. It’s not a bad song, though the woman’s talking is arguably unnecessary. Still, 85/100.",Karmin,I Want It All,,,Karmin,I Want It All,,
2018-07-15,75,Fall Out Boy – Jet Pack Blues,"o often. I feel like this has lost its impressiveness, so I’m removing it. I would rate this 75/100.",Fall Out Boy,Jet Pack Blues,,,Fall Out Boy,Jet Pack Blues,,
2018-07-15,81,Sia – Cheap Thrills Ft. Sean Paul,"o uniqueness to the lyrics, but it is quite enjoyable. Nowhere close to the top 100, though. 81/100.",Sia,Cheap Thrills Ft. Sean Paul,,,Sia,Cheap Thrills Ft. Sean Paul,,
2018-07-15,50,A Light To Call Home – Julia Brennan,"e. I can see why I added this song, but I feel it doesn’t really have its own individuality. 50/100.",Julia Brennan,A Light To Call Home,,,Julia Brennan,A Light To Call Home,,
2018-07-15,79,Carly Rae Jepsen – I Really Like You,"of like it though. But as my standards raise, this song may not be on here for much longer… 79/100.",Carly Rae Jepsen,I Really Like You,,,Carly Rae Jepsen,I Really Like You,,
2018-07-15,71,Loco Loco  – It Burns! Burns! Burns!,"g Axel F. It can be cool.. but it can also sound cheesy. Final Rating: 71/100, it burns burns burns.",Loco Loco,It Burns! Burns! Burns!,,,Loco Loco,It Burns! Burns! Burns!,,
2018-07-15,90,Lordi – Hard Rock Hallelujah,"when I do, it’s a Eurovision-winning, relatively unique theme (for metal), and very decent. 90/100.",Lordi,Hard Rock Hallelujah,,,Lordi,Hard Rock Hallelujah,,
2018-07-16,22,Some Kind of Beautiful – Tyler Ward ft. Lindsey Stirling,I feel it shows the song is greatly flawed but had some enjoyable moments. Unfortunate for Lindsey.,Tyler Ward ft. Lindsey Stirling,Some Kind of Beautiful,,,Tyler Ward ft. Lindsey Stirling,Some Kind of Beautiful,,
2018-07-17,90,Yohanna – I Miss You,background instrumentals are less innovative than the notable cello in her Eurovision song. 90/100.,Yohanna,I Miss You,,,Yohanna,I Miss You,,
2018-07-17,92,The Camel Song – Clara C,"done, Camel Song is another nice down-beat and enjoyable tune from Clara. keep… holding on… 92/100.",Clara C,The Camel Song,,,Clara C,The Camel Song,,
2018-07-17,92,Breakthrough · Adam Hicks · Bridgit Mendler · Naomi Scott · Hayley Kiyoko,"is well done and sure, it’s ironically no Breakthrough, but it is still decent to listen to. 92/100.",Adam Hicks · Bridgit Mendler · Naomi Scott · Hayley Kiyoko,Breakthrough · Adam Hicks · Bridgit Mendler · Naomi Scott · Hayley Kiyoko,,,Adam Hicks · Bridgit Mendler · Naomi Scott · Hayley Kiyoko,Breakthrough · Adam Hicks · Bridgit Mendler · Naomi Scott · Hayley Kiyoko,,
2018-07-17,76,Little Mix – Secret Love Song ft. Jason Derulo,"I can see why I added this song, but now it’s less than impressive. Removed. 76/100.",Little Mix,Secret Love Song ft. Jason Derulo,,,Little Mix,Secret Love Song ft. Jason Derulo,,
2018-07-18,82,Break of Reality – “Other Worlds”,"Decently smooth and slow, this highlights the theme quite well.",Break of Reality,“Other Worlds”,,,Break of Reality,“Other Worlds”,,
2018-07-18,85,Summer Solstice – Michele Mclaughin,"surely an underrated song, Summer solstice calmly asserts its melody well. 85/100.",Michele Mclaughin,Summer Solstice,,,Michele Mclaughin,Summer Solstice,,
2018-07-18,92,Brian Crain — Two Spirits Soar,"Beautiful and astounding, even if a little simple, this song soars high. 92/100.",Brian Crain,Two Spirits Soar,,,Brian Crain,Two Spirits Soar,,
2018-07-19,50,Ylvis – The Fox (What Does The Fox Say?),"t. Even ignoring the lyrics, the electronic sounds aren’t that unique overall. Very mediocre. 50/100",Ylvis,The Fox (What Does The Fox Say?),,,Ylvis,The Fox (What Does The Fox Say?),,
2018-07-19,87,Journey – Don’t Stop Believin’,"ord-song, this song puts a small twist on the standard progression and sets a good standard. 87/100.",Journey,Don’t Stop Believin’,,,Journey,Don’t Stop Believin’,,
2018-07-19,75,Lady Antebellum – Just A Kiss,"Though the idea is decent, the song seems to lack individuality. Removed. 75/100.",Lady Antebellum,Just A Kiss,,,Lady Antebellum,Just A Kiss,,
2018-07-19,84,Manic Drive- Good News,"It uses unique beats and touches of instruments to bring a song that states, “this is good news”.",Manic Drive,Good News,,,Manic Drive,Good News,,
2018-07-20,,I Don’t Care (Apocalyptica),"orchestral instruments to help bring out a song which it would be difficult to say, I Don’t Care to.",Apocalyptica,I Don’t Care,,,Apocalyptica,I Don’t Care,,
2018-07-20,90,Panic! At The Disco: Girl That You Love,"In a cool minor key, PaTD presents another bop, a great song to listen and dance to. 90/100.",Panic! At The Disco,Girl That You Love,,,Panic! At The Disco,Girl That You Love,,
2018-07-20,80,Calvin Harris – Summer,"e verse and entire structure is absurdly simple, but the song is catchy and overall not bad. 80/100.",Calvin Harris,Summer,,,Calvin Harris,Summer,,
2018-07-21,90,Waterflame – Endgame,"Though only two minutes long, Endgame is cool, to-the-point, and unique. 90/100.",Waterflame,Endgame,,,Waterflame,Endgame,,
2018-07-21,95,Bon Jovi – Living on a Prayer,"Prayer deserves applause for its unique sound, especially compared to boring pop rock songs. 95/100",Bon Jovi,Living on a Prayer,,,Bon Jovi,Living on a Prayer,,
2018-07-21,90,M2U – Masquerade,"r gets old
yes it’s just too good that’s just how it’s told
We’ll dance till the dawn morning comes!",M2U,Masquerade,,,M2U,Masquerade,,
2018-07-22,95,Adele – Skyfall,"Fitting the James Bond movie it’s put in, Skyfall is very cool and well done. 95/100.",Adele,Skyfall,,,Adele,Skyfall,,
2018-07-22,85,Remady & Manu-L – L.I.F.E.,"hat aren’t too notable, but the voice is quite decent, and overall I’m keeping this for now. 85/100.",Remady & Manu-L,L.I.F.E.,,,Remady & Manu-L,L.I.F.E.,,
2018-07-22,90,Taylor Swift – I Knew You Were Trouble,"gh this song is still about love, the melody and lyrics keeps things interesting and unique. 90/100.",Taylor Swift,I Knew You Were Trouble,,,Taylor Swift,I Knew You Were Trouble,,
2018-07-23,90,Monty Are I – Break Through The Silence,"a passionate rock song, I wouldn’t mind at all for this song to Break through any silence. 90/100.",Monty Are I,Break Through The Silence,,,Monty Are I,Break Through The Silence,,
2018-07-23,84,On My Own – Michele Mclaughin,"only ~800 views support Michele’s underrated status, and calmly moves forward as its own good song.",Michele Mclaughin,On My Own,,,Michele Mclaughin,On My Own,,
2018-07-23,85,Kana Nishino – Fantasy,"nightcore: 85/100. Do not look down upon this seemingly low rating, this is a huge guilty pleasure.",Kana Nishino,Fantasy,,,Kana Nishino,Fantasy,,
2018-07-24,85,Anthropology – Lyra’s Song,"h this an MLP fan song, the jazzy piano is well done, and the theme is humorously fulfilled. 85/100.",Anthropology,Lyra’s Song,,,Anthropology,Lyra’s Song,,
2018-07-24,88,Nena ‎- 99 Luftballons,"about war and death, 99 luftballoons is a decent hit, even ignoring is theme and uniqueness. 88/100.",Nena,Nena ‎- 99 Luftballons,,,Nena,Nena ‎- 99 Luftballons,,
2018-07-24,85,City Boy – DonkeyBoy,"ther way around), City Boy reaches past the autotune and successfully creates a catchy song. 85/100.",DonkeyBoy,City Boy,,,DonkeyBoy,City Boy,,
2018-07-24,,OneRepublic – Counting Stars,oves OneRepublic to be a talent to listen too–even if it follows mainstream formula a bit too fully.,OneRepublic,Counting Stars,,,OneRepublic,Counting Stars,,
2018-07-25,82,Phineas and Ferb – Ain’t Got Rhythm,"With an ironic title and theme, the song is catchy, nice, and it does got rhythm.",Phineas and Ferb,Ain’t Got Rhythm,,,Phineas and Ferb,Ain’t Got Rhythm,,
2018-07-25,84,Taio Cruz – Break Your Heart ft. Ludacris,"Using four chord progression, yet severely catchy, this is a song that will not break your heart.",Taio Cruz,Break Your Heart ft. Ludacris,,,Taio Cruz,Break Your Heart ft. Ludacris,,
2018-07-25,86,James Arthur – Say You Won’t Let Go,"Very calm and laid back, the song is romantic without being overly cheesy. 86/100.",James Arthur,Say You Won’t Let Go,,,James Arthur,Say You Won’t Let Go,,
2018-07-25,90,Alexander Rybak – “Котик”,"lates to “Kitty”, is endearing and well-composed, balancing his violin and voice quite well. 90/100.",Alexander Rybak,“Котик”,,,Alexander Rybak,“Котик”,,
2018-07-26,,To the Moon – For River,"ht up the fact that there was a five minute ending version, but the repetition has the same problem)",To the Moon,For River,,,To the Moon,For River,,
2018-07-26,90,Sia – Unstoppable,", but this song is decently powerful and proves that Sia is Unstoppable in her music career. 90/100.",Sia,Unstoppable,,,Sia,Unstoppable,,
2018-07-26,84,Emperor’s New Clothes – Panic at the Disco,"A pretty good song, this song proves they will take the crown out of most pop rock bands.",Panic at the Disco,Emperor’s New Clothes,,,Panic at the Disco,Emperor’s New Clothes,,
2018-07-27,80,Supernatural – Ke$ha,"Well done, but far from being Supernatural, the song is quite decent. 80/100.",Ke$ha,Supernatural,,,Ke$ha,Supernatural,,
2018-07-27,95,Lifehouse feat. Natasha Bedingfield – Between the Raindrops,"e… chasing after gold mines, crossin’ fine lines… walkin’ in between the raindrops with you! 95/100.",Lifehouse feat. Natasha Bedingfield,Between the Raindrops,,,Lifehouse feat. Natasha Bedingfield,Between the Raindrops,,
2018-07-27,92,Taylor Davis – Nebulous,"I envision the stars, I envision the planets, I applaud Taylor at creating an excellent song.",Taylor Davis,Nebulous,,,Taylor Davis,Nebulous,,
2018-07-27,90,Vanessa Mae – Destiny,"Combining poppy beats with her violin playing, this song is quite the Destiny. 90/100.",Vanessa Mae,Destiny,,,Vanessa Mae,Destiny,,
2018-07-27,75,Tonight Tonight By Hot Chelle Rae,"h” feels a bit mundane. It’s an ok song, but… it’s just that. A big guilty pleasure. Removed. 75/100",Hot Chelle Rae,Tonight Tonight,,,Hot Chelle Rae,Tonight Tonight,,
2018-07-28,70,"David Guetta – Hey Mama ft Nicki Minaj, Bebe Rexha & Afrojack",has tough competition from the same name “Hey Mamma” from Sunstroke Project with Legendary Sax Guy.,David Guetta,"Hey Mama ft Nicki Minaj, Bebe Rexha & Afrojack",,,David Guetta,"Hey Mama ft Nicki Minaj, Bebe Rexha & Afrojack",,
2018-07-28,81,Alexander Rybak – “Roll With The Wind”,"he power and uniqueness of the two aforementioned hits of him. Still, the song is excellent. 81/100.",Alexander Rybak,“Roll With The Wind”,,,Alexander Rybak,“Roll With The Wind”,,
2018-07-28,84,sleeping at last – saturn,"s song 84/100, because both parts combine well together for a decent song, even if far from perfect.",sleeping at last,saturn,,,sleeping at last,saturn,,
2018-07-29,93,I’ll Never Fall in Love Again by ???????,"Holfelder’s rendition is beautiful and well done. Alas, if only I knew the original artist. 93/100.",???????,I’ll Never Fall in Love Again,,,???????,I’ll Never Fall in Love Again,,
2018-07-29,,Inna Ft. Daddy Yankee – More than Friends,"that’s cool zaw”, but more than friends? More like, not even friends.
Negative infinity out of 100.",Inna Ft. Daddy Yankee,More than Friends,,,Inna Ft. Daddy Yankee,More than Friends,,
2018-07-30,100,Fresh – Kool & The Gang,"but in the end, it bypasses the test of time and successfully establishes its title– Fresh. 100/100.",Kool & The Gang,Fresh,,,Kool & The Gang,Fresh,,
2018-07-30,86,Calvin Harris – Outside ft. Ellie Goulding,"’s got. Plus the theme is clearer with the FDDDD, DDCDBbA, AAFFF, GGGEEEF electronic melody.
86/100.",Calvin Harris,Outside ft. Ellie Goulding,,,Calvin Harris,Outside ft. Ellie Goulding,,
2018-07-30,80,Simple Plan – Perfectly Perfect,"inger talks about how amazing the girl is, blah blah blah, but the melody is not bad at all. 80/100.",Simple Plan,Perfectly Perfect,,,Simple Plan,Perfectly Perfect,,
2018-07-30,87,Jason Mraz & Colbie Caillat-Lucky,"sn’t stand up to constant listen, they depend on skill, rather than luck, to get on my list. 87/100.",Colbie Caillat-Lucky,Jason Mraz,,,Colbie Caillat-Lucky,Jason Mraz,,
2018-07-30,77,Colbie Caillat – I Never Told You,"it from my list, but the bittersweet lyrics make me reconsider and let me keep it… for now. 77/100.",Colbie Caillat,I Never Told You,,,Colbie Caillat,I Never Told You,,
2018-07-30,90,Wisin & Yandel “Follow The Leader” Featuring Jennifer Lopez,"e passionate instrumentals that have no lyrics. (2018) Original Rating: 97.

4/7/2021 rating: 90/100",Yandel “Follow The Leader” Featuring Jennifer Lopez,Wisin,,,Yandel “Follow The Leader” Featuring Jennifer Lopez,Wisin,,
2018-07-31,85,Break of Reality – Voiceless,"y only instrumental), the cellos powerfully support the decent singer to create a good song. 85/100.",Break of Reality,Voiceless,,,Break of Reality,Voiceless,,
2018-07-31,88,Lindsey Stirling – Angels We Have Heard on High,"l played, Lindsey stresses the title and brings life to an otherwise mundane Christmas song. 88/100.",Lindsey Stirling,Angels We Have Heard on High,,,Lindsey Stirling,Angels We Have Heard on High,,
2018-07-31,72,Amy Nuttall – Scarborough Fair,"ng of Scarborough Fair, with her astounding voice reaching to heights impossible for Simon to reach.",Amy Nuttall,Scarborough Fair,,,Amy Nuttall,Scarborough Fair,,
2018-07-31,62,Selena Gomez – Tell Me Something I Don’t Know,",
How many inches in a mile
How many bad songs in Gomez’s discography
Getcha to listen to this, baby",Selena Gomez,Tell Me Something I Don’t Know,,,Selena Gomez,Tell Me Something I Don’t Know,,
2018-07-31,86,ZeRo-BaSs – Hot Desire,"it is only two minutes, but every second catches your attention with hot desire. 86/100.",ZeRo-BaSs,Hot Desire,,,ZeRo-BaSs,Hot Desire,,
2018-08-01,95,Gwen Stefani – You Make It Feel Like Christmas ft. Blake Shelton,"idays and lets me confidently say, you make it feel like Christmas music is actually decent. 95/100.",Gwen Stefani,You Make It Feel Like Christmas ft. Blake Shelton,,,Gwen Stefani,You Make It Feel Like Christmas ft. Blake Shelton,,
2018-08-01,65,DJ Got Us Falling In Love Again – Usher,ut from other pop songs… but this is dangerous close to being removed due to its simplicity. 65/100.,Usher,DJ Got Us Falling In Love Again,,,Usher,DJ Got Us Falling In Love Again,,
2018-08-02,87,Avril Lavigne – The Best Damn Thing,"vril Lavigne’s songs. But still, hey hey hey, it’s a pretty damn good song, catchy and cool. 87/100.",Avril Lavigne,The Best Damn Thing,,,Avril Lavigne,The Best Damn Thing,,
2018-08-02,85,Alcest – Autre Temps,"w, you and I will be gone

Indeed, you can envision the great imagery very well in the song. 85/100.",Alcest,Autre Temps,,,Alcest,Autre Temps,,
2018-08-02,95,Within Temptation – Memories,"Very passionate and cool, this song will remain in my memories for quite some time. 95/100.",Within Temptation,Memories,,,Within Temptation,Memories,,
2018-08-02,,YOSHIKI – Unnamed Song,"an’t live without you”, it makes sense to not name this song, due to the deep meaning of the lyrics.",Unnamed Song,YOSHIKI,,,Unnamed Song,YOSHIKI,,
2018-08-02,82,FDVM – Brightest Light (ft. Josh Wantie),"r songs with a nice guitar backing and beat, this is a Bright Light of a song, if not the Brightest.",FDVM,Brightest Light (ft. Josh Wantie),,,FDVM,Brightest Light (ft. Josh Wantie),,
2018-08-03,84,Jake Paul – It’s Everyday Bro,"ust didn’t hear that his “tattoo is just for fun” and that they’re “shootin’ with a gun”.
“101/100”.",Jake Paul,It’s Everyday Bro,,,Jake Paul,It’s Everyday Bro,,
2018-08-03,90,Michael Bublé – I Believe in You,"o you
You’re the light that lifts me higher
So bright, you guide me through
I believe in you
90/100.",Michael Bublé,I Believe in You,,,Michael Bublé,I Believe in You,,
2018-08-03,87,Breakeven (Falling to Pieces) – The Script,"A pretty decent song, it does the opposite of making you fall to pieces. 87/100.",The Script,Breakeven (Falling to Pieces),,,The Script,Breakeven (Falling to Pieces),,
2018-08-03,87,Everybody Talks – Neon Trees,"t, but this song has its own unique rock and talks about love without being too on-the-nose. 87/100.",Neon Trees,Everybody Talks,,,Neon Trees,Everybody Talks,,
2018-08-04,89,Juliet – Lawson,"ner than the 90’s, but it’s just cool enough to edge out the likes of Black Catcher and Bulletproof.",Lawson,Juliet,,,Lawson,Juliet,,
2018-08-04,85,Lilly Wood & The Prick and Robin Schulz – Prayer In C,ent beat and only five verses. All of them are deeper than expected and overall pretty good. 85/100.,Lilly Wood & The Prick and Robin Schulz,Prayer In C,,,Lilly Wood & The Prick and Robin Schulz,Prayer In C,,
2018-08-05,90,End of Silence – Andrew’s Song,"rand and epic, presenting a well-done journey. this is not farewell, This is just a goodbye. 90/100.",End of Silence,Andrew’s Song,,,End of Silence,Andrew’s Song,,
2018-08-05,88,Icona Pop – I Love it (I don’t care),ose and doesn’t have that much dynamics. It’s a good song but not on the level of the title. 88/100.,Icona Pop,I Love it (I don’t care),,,Icona Pop,I Love it (I don’t care),,
2018-08-05,93,Black Violin – Another Chance,"Cleverly mixing together hip hop and violin, this gives pop Another Chance. 93/100.",Black Violin,Another Chance,,,Black Violin,Another Chance,,
2018-08-06,84,Funky Monday,", pretty good week, and I’m sure you got some interesting recommendations through these suggestions.",,Funky Monday,,,,Funky Monday,,
2018-08-07,,Maroon 5 – Lucky Strike,"abuse “oh oh oh oh”, the rest of the song fits the name, “Lucky Strike”. Original Rating (2018): 90.",Maroon 5,Lucky Strike,,,Maroon 5,Lucky Strike,,
2018-08-07,90,David Guetta – The World is Mine,"least. However, the bass line is less than the best, preventing a perfect score. Original score: 96.",David Guetta,The World is Mine,,,David Guetta,The World is Mine,,
2018-08-07,96,Chase Holfelder – Auld Lang Syne,"riginal is very boring, but this rendition of the song is very cool and even sad. Very cool. 96/100.",Chase Holfelder,Auld Lang Syne,,,Chase Holfelder,Auld Lang Syne,,
2018-08-07,,Arash- boro boro,"ian song using the flute wisely to assist a pop hit, Boro Boro proves Arash is not a one-hit wonder.",Arash,boro boro,,,Arash,boro boro,,
2018-08-08,92,Ludovico Einaudi – Brothers,"m, soothing, and later pretty cool, this does make me feel as if I am Brothers with Einaudi. 92/100.",Ludovico Einaudi,Brothers,,,Ludovico Einaudi,Brothers,,
2018-08-08,80,Kat DeLuna – Run The Show ft. Busta Rhymes,"eat is done well, the rap doesn’t get on my nerve, and the flute helps make the song unique. 80/100.",Kat DeLuna,Run The Show ft. Busta Rhymes,,,Kat DeLuna,Run The Show ft. Busta Rhymes,,
2018-08-08,82,Like I’m Gonna Lose You – Meghan Trainor ft. John Legend,"Slow and well-done, Meghan proves she has more than just pop within her. 82/100.",Meghan Trainor ft. John Legend,Like I’m Gonna Lose You,,,Meghan Trainor ft. John Legend,Like I’m Gonna Lose You,,
2018-08-08,91,N’ Sync –  Bye Bye Bye,"The song ages remarkably well, and remains catchy to this day. 95.",N’ Sync,Bye Bye Bye,,,N’ Sync,Bye Bye Bye,,
2018-08-09,89,Clocks & Clouds – Pierce the Night,"ough my favorites, but lacks power and strength to go any higher. Nevertheless, very decent. 89/100.",Clocks & Clouds,Pierce the Night,,,Clocks & Clouds,Pierce the Night,,
2018-08-09,80,Demons – Imagine Dragon,"ong does use the over-used progression, but the message is good and the song remains strong. 80/100.",Imagine Dragon,Demons,,,Imagine Dragon,Demons,,
2018-08-09,85,Forever The Sickest Kids – La La Lainey,"love song, the lyrics do fit, and I love this song like la la la la la la la la la la la la. 85/100.",Forever The Sickest Kids,La La Lainey,,,Forever The Sickest Kids,La La Lainey,,
2018-08-09,76,Emmelie de Forest – Let It Fall,"cent, though a little too fitting the normal pop formula. Perhaps I will remove it sometime… 76/100.",Emmelie de Forest,Let It Fall,,,Emmelie de Forest,Let It Fall,,
2018-08-09,88,Waterflame – The race around the world,"unds like a lot of his other songs, but it is upbeat and fulfills its own theme pretty well. 88/100.",Waterflame,The race around the world,,,Waterflame,The race around the world,,
2018-08-10,92,Hikaru Nara – Your Lie In April,ell and has a lot of feeling in it. This energetic and great opening provides a good listen. 92/100.,Your Lie In April,Hikaru Nara,,,Your Lie In April,Hikaru Nara,,
2018-08-10,85,Austin Mahone – Mmm Yeah ft. Pitbull,"g is a little too simple to make me say “mmm yeah”, the song is pretty catchy and well done. 85/100.",Austin Mahone,Mmm Yeah ft. Pitbull,,,Austin Mahone,Mmm Yeah ft. Pitbull,,
2018-08-10,89,Break Of Reality – Rise,"ting and well done, this song marks Break of Reality as a band on the rise to watch out for. 89/100.",Break Of Reality,Rise,,,Break Of Reality,Rise,,
2018-08-11,88,Rixton – Wait On Me,"decent and catchy, you can sure wait on this song. 88/100. (B+)",Rixton,Wait On Me,,,Rixton,Wait On Me,,
2018-08-11,88,Guy Sebastian – Tonight Again,"st the winner. Alas, it lost. Ah well. Original Rating: 96

Two years later, 4/7/2021 rating: 88/100",Guy Sebastian,Tonight Again,,,Guy Sebastian,Tonight Again,,
2018-08-11,90,Animal – The Cab,"and groovy, Animal puts Maroon 5, Neon Tree, and other’s songs with the same name to shame. 90/100.",The Cab,Animal,,,The Cab,Animal,,
2018-08-11,90,Charlie Puth – Done For Me,"feel is the “oh oh oh oh”, but even that doesn’t lower the enjoyment of the song that much. 90/100.",Charlie Puth,Done For Me,,,Charlie Puth,Done For Me,,
2018-08-11,93,Galantis – Gold Dust,"100. (though man, the rating keeps dropping, I originally put this at 97 then got it to 96 then 93…)",Galantis,Gold Dust,,,Galantis,Gold Dust,,
2018-08-11,89,Just Got Paid · (ZZ top),"ments like the theremin, Joe B. helps support the theme that he “just got paid”. Cool song. 99/ 100.",(ZZ top),Just Got Paid · (ZZ top),,,(ZZ top),Just Got Paid · (ZZ top),,
2018-08-12,81,Logic – 1-800-273-8255 ft. Alessia Cara & Khalid,a very solid modern rap song that talks about depression and suicide well and deeply enough. 81/100.,Logic,1-800-273-8255 ft. Alessia Cara & Khalid,,,Logic,1-800-273-8255 ft. Alessia Cara & Khalid,,
2018-08-12,88,Alan Walker – Diamond Heart ft. Sia,"xpected, but Sia’s voice works surprisingly well with Alan’s drops, beats, and EDM elements. 88/100.",Alan Walker,Diamond Heart ft. Sia,,,Alan Walker,Diamond Heart ft. Sia,,
2018-08-12,90,Andrew Huang – Water,"Highly unusual, this song made only of water is impressive and good to listen to. 90/100.",Andrew Huang,Water,,,Andrew Huang,Water,,
2018-08-12,87,Panic! at the Disco | Hallelujah,"ch the power, passion, or message of the other Hallelujah, but still is its own catchy song. 87/100.",,Panic! at the Disco | Hallelujah,,,,Panic! at the Disco | Hallelujah,,
2018-08-13,80,I AM THEY – From the Day,"decent, though the song seems to refer to a man finding god, the beat is still quite catchy. 80/100.",I AM THEY,From the Day,,,I AM THEY,From the Day,,
2018-08-13,94,Pegboard Nerds – Hero (feat. Elizaveta),"he melodically diverse verse + bridge. Nevertheless, this deserves a high score, if not perfect. 99.",Pegboard Nerds,Hero (feat. Elizaveta),,,Pegboard Nerds,Hero (feat. Elizaveta),,
2018-08-13,,8/13’s Spotify,"d at how few views it has, considering its coolness, but I guess a lot of bands are very underrated.",,8/13’s Spotify,,,,8/13’s Spotify,,
2018-08-15,83,Demi lovato-stone cold,"and summary. It’s flawed against a song like “Stone Cold Classic” (AKA George), but it’s still fine.",stone cold,Demi lovato-stone cold,,,stone cold,Demi lovato-stone cold,,
2018-08-15,89,Alan Walker (feat. Iselin Solheim) – Faded,"and the beat only slightly more interesting than the melody, the song is still pretty great. 89/100.",Faded,Alan Walker (feat. Iselin Solheim),,,Faded,Alan Walker (feat. Iselin Solheim),,
2018-08-15,95,Fall Out Boy – Centuries,"ough this song is similar to Immortals, it also proves FoB will be remembered for Centuries. 95/100.",Fall Out Boy,Centuries,,,Fall Out Boy,Centuries,,
2018-08-16,88,Kelly Clarkson – Stronger (What Doesn’t Kill You),"despite the four chord progression, Stronger is well done and has a good message. 88/100.",Kelly Clarkson,Stronger (What Doesn’t Kill You),,,Kelly Clarkson,Stronger (What Doesn’t Kill You),,
2018-08-16,89,“Who Watches The Heroes” by Really Slow Motion,"utes, the growing melody strongly supported by drums works out to create a truly epic piece. 89/100.",Really Slow Motion,“Who Watches The Heroes”,,,Really Slow Motion,“Who Watches The Heroes”,,
2018-08-16,80,Eminem – Not Afraid,"ve 80/100. If the melody was less of the infectious and sickly four chord, I would probably keep it.",Eminem,Not Afraid,,,Eminem,Not Afraid,,
2018-08-16,85,【Jenny】» Battle Against A True Hero,trong. You could argue for adding either original or this one to an official listening list. 85/100.,Battle Against A True Hero,【Jenny】» Battle Against A True Hero,,,Battle Against A True Hero,【Jenny】» Battle Against A True Hero,,
2018-08-18,69,Grupo Treo – Pegate,"Yeah, this song aged very badly. Now it’s completely mediocre, and removed from my favorites. 69/100",Grupo Treo,Pegate,,,Grupo Treo,Pegate,,
2018-08-18,95,BEAST IN BLACK – Born Again,"tense without being overwhelming, listening to this song makes me feel as if I’m Born Again. 95/100.",BEAST IN BLACK,Born Again,,,BEAST IN BLACK,Born Again,,
2018-08-18,78,李玉刚 – 刚好遇见你,"lody is not merely as shallow as four chord. It has passed for now, but we’ll see for later… 78/100.",李玉刚,刚好遇见你,,,李玉刚,刚好遇见你,,
2018-08-18,82,Ariana Grande – One Last Time,"ession. With a pretty voice and a decent beat, let’s keep this song, even if it’s for One Last Time.",Ariana Grande,One Last Time,,,Ariana Grande,One Last Time,,
2018-08-18,90,I need your Love – Calvin Harris feat. Ellie Goulding,"y interesting mix of electronic and Ellie’s unique voice, I need your love is a decent song. 90/100.",Calvin Harris feat. Ellie Goulding,I need your Love,,,Calvin Harris feat. Ellie Goulding,I need your Love,,
2018-08-19,80,“On The Train” by Jordan Gagne,"ould have multiple interpretations, but the title is interesting and gives off good imagery. 80/100.",Jordan Gagne,“On The Train”,,,Jordan Gagne,“On The Train”,,
2018-08-19,76,Michael Schulte – Falling Apart,"tune is familiar, but the song is well made. Perhaps I will remove it if I get bored of it. 75/100.",Michael Schulte,Falling Apart,,,Michael Schulte,Falling Apart,,
2018-08-20,74,Dark Cat – Bubble Tea,"98.

2021 review: Got a bit too old. Anime cat sounds only last so long. Oof. Final decision: 74/100",Dark Cat,Bubble Tea,,,Dark Cat,Bubble Tea,,
2018-08-21,100,Nightwish – Amaranth,"e Score from the same band, and I’m also thinking ahead of time for if Amaranth gets tired and told.",Nightwish,Amaranth,,,Nightwish,Amaranth,,
2018-08-21,88,Alexandra Stan – Mr. Saxobeat,"a Sax Guy), this song makes you say, oh oh yeah mm yeah, mm yeah, mm yeah. 88/100 (90 on a good day)",Alexandra Stan,Mr. Saxobeat,,,Alexandra Stan,Mr. Saxobeat,,
2018-08-21,85,Sweetbox – Don’t Push Me,well for a pop song– but remember that Piano Guys did a much cooler mix with the same song! 85/100.,Sweetbox,Don’t Push Me,,,Sweetbox,Don’t Push Me,,
2018-08-21,90,The Greatest Showman – Never Enough,"ion. As much as I’d love to give it a 100, the elements of the songs add up to Never Enough. 90/100.",The Greatest Showman,Never Enough,,,The Greatest Showman,Never Enough,,
2018-08-22,80,Fall Out Boy – HOLD ME TIGHT OR DON’T,out with a decent song to prove they’ve still got some of their gusto from their old songs. 80/100.,Fall Out Boy,HOLD ME TIGHT OR DON’T,,,Fall Out Boy,HOLD ME TIGHT OR DON’T,,
2018-08-22,80,Jake Manisto – It’s Over,"ws, and his career, maybe it’s over, but the song is still pretty decent with a good guitar. 80/100.",Jake Manisto,It’s Over,,,Jake Manisto,It’s Over,,
2018-08-22,86,Fickle Friends – Swim,1 final rating: Just a bit too lackluster especially with chorus and post verse… unfortunate. 86/100,Fickle Friends,Swim,,,Fickle Friends,Swim,,
2018-08-23,95,Refrain – Ian Veneracion,"nd minor key, Ian delivers a great love song. He really should have released this officially. 95/100",Ian Veneracion,Refrain,,,Ian Veneracion,Refrain,,
2018-08-23,,EXO-CBX – Blooming Day,"k “can I be you boyfriend”. With such cool answer, I almost want to answer “yes” (no homo though :P)",EXO-CBX,Blooming Day,,,EXO-CBX,Blooming Day,,
2018-08-23,90,Timeflies – Undress Rehearsal,"ry nice and the girl’s voice is quite sexy. You the main attraction, Lights, Camera, Action! 90/100.",Timeflies,Undress Rehearsal,,,Timeflies,Undress Rehearsal,,
2018-08-24,79,Taylor Swift – Look What You Made Me Do,ff working with a heavy rock band (maybe even Fall Out Boy). Original: 57/100. This version: 79/100.,Taylor Swift,Look What You Made Me Do,,,Taylor Swift,Look What You Made Me Do,,
2018-08-24,81,Lady Gaga – Just Dance,"nd fitting the title, the song only faces stiff competition from Bad Romance and Poker Face. 81/100.",Lady Gaga,Just Dance,,,Lady Gaga,Just Dance,,
2018-08-24,90,Beyond The Veil – Lindsey Stirling,he beautiful playing clearly tells that she’s got talent Beyond the Veil of her showmanship. 90/100.,Lindsey Stirling,Beyond The Veil,,,Lindsey Stirling,Beyond The Veil,,
2018-08-24,88,We the Kings – Sad Song,"ngs out Elena Coat (like seriously, her other songs are so meh). Sad Song is very well done. 88/100.",We the Kings,Sad Song,,,We the Kings,Sad Song,,
2018-08-25,95,Concerning Hobbits – Taylor Davis,"great justice to the film track, Taylor asserts her ability to play the violin beautifully. 95/100.",Taylor Davis,Concerning Hobbits,,,Taylor Davis,Concerning Hobbits,,
2018-08-25,94,SAVIA – Sólido,hallenging other usual rock songs with the same theme. I guess you could say it’s “solid-o“. 94/100.,Sólido,SAVIA,,,Sólido,SAVIA,,
2018-08-25,92,Give You What You Like – Avril Lavigne,the title perfectly by giving us a song that we still like even after all these years. Solid A tier.,Avril Lavigne,Give You What You Like,,,Avril Lavigne,Give You What You Like,,
2018-08-26,80,Rihanna – Umbrella,"very poppy, Umbrella is decent, if having the major flaw of repeating itself a bit too much. 80/100",Rihanna,Umbrella,,,Rihanna,Umbrella,,
2018-08-26,90,Krewella – Can’t Control Myself (Candyland Remix),"Lalala, this song has catchy beats and is all round cool. 90/100.",Krewella,Can’t Control Myself (Candyland Remix),,,Krewella,Can’t Control Myself (Candyland Remix),,
2018-08-26,88,Owl City – Unbelievable ft. Hanson,"whether this song is as good as it gets, the song is good enough to be nearly unbelievable. 88/100.",Owl City,Unbelievable ft. Hanson,,,Owl City,Unbelievable ft. Hanson,,
2018-08-27,90,Miley Cyrus – Party in the USA,", but in the end, it’s a little too simple, especially with “whoa, it’s a party in the USA”. 90/100.",Miley Cyrus,Party in the USA,,,Miley Cyrus,Party in the USA,,
2018-08-27,95,Brittney Spears – Hit Me Baby One More Time,"ool, Brittney showcases her ability to make real nice pop hits. “Hit me baby one more Time”! 95/100.",Brittney Spears,Hit Me Baby One More Time,,,Brittney Spears,Hit Me Baby One More Time,,
2018-08-27,85,Scissor Sisters – I can’t Decide,"ing their victim, with only one line of “sympathy”, which may just be teasing on their part. 85/100.",Scissor Sisters,I can’t Decide,,,Scissor Sisters,I can’t Decide,,
2018-08-27,94,Lindsey Stirling – Waltz,"Uber cool as a bonus track, Stirling delivers well with a highly danceable track. 94/100.",Lindsey Stirling,Waltz,,,Lindsey Stirling,Waltz,,
2018-08-28,87,Monoir & Osaka feat. Brianna – The Violin Song,"nteresting title with sparse but deep lyrics, the violin supports the catchy beat very well. 87/100.",Monoir & Osaka feat. Brianna,The Violin Song,,,Monoir & Osaka feat. Brianna,The Violin Song,,
2018-08-28,92,Caravan Palace – Dramophone,"l, Dramophone fits the “dramatic” part and also the sleek nature of the electro-swing genre. 92/100.",Caravan Palace,Dramophone,,,Caravan Palace,Dramophone,,
2018-08-29,82,Get Scared – Sarcasm,ecially with the line “spilling our guts”) Sarcasm is a hard core rock song that works well. 82/100.,Sarcasm,Get Scared,,,Sarcasm,Get Scared,,
2018-08-29,72,Ingrid Michaelson – One Night Town,"e songs on the list, the song die very quickly, explaining why ONT isn’t Ingrid’s major hit. 72/100.",Ingrid Michaelson,One Night Town,,,Ingrid Michaelson,One Night Town,,
2018-08-29,90,Wham! – Last Christmas,"So long as stores don’t overplay this song, it is actually quite decent. 90/100.",Wham!,Last Christmas,,,Wham!,Last Christmas,,
2018-08-30,90,Kajiura Yuki – my long forgotten cloistered sleep,"At nearly six minutes long, Yuki sings a song that keeps on giving and is quite interesting. 90/100.",Kajiura Yuki,my long forgotten cloistered sleep,,,Kajiura Yuki,my long forgotten cloistered sleep,,
2018-08-30,90,SMASH INTO PIECES – Stay,"k time.. if I could make things right”. This song is in my favorite list, and it shall Stay. 90/100.",SMASH INTO PIECES,Stay,,,SMASH INTO PIECES,Stay,,
2018-08-30,81,Heartbeat Song – Kelly Clarkson,"With the Heartbeat song in a real nice rhythm, the only flaw is the four chord progression. 81/100.",Kelly Clarkson,Heartbeat Song,,,Kelly Clarkson,Heartbeat Song,,
2018-08-30,88,Wintergatan – Starmachine2000,"opinion cannot last very long, even if it’ll probably stay on my favorites for quite some time. 85.",Wintergatan,Starmachine2000,,,Wintergatan,Starmachine2000,,
2018-08-31,90,The Jacksons – Blame It On the Boogie,"d disco, if it’s bad, don’t blame it on the sunshine, nor moonlight– blame it on the boogie. 90/100.",Blame It On the Boogie,The Jacksons,,,Blame It On the Boogie,The Jacksons,,
2018-08-31,100,Michael Jackson-Beat it,"one, you should really just beat it if you are able to dislike such a groovy and cool song. 100/100.",Beat it,Michael Jackson-Beat it,,,Beat it,Michael Jackson-Beat it,,
2018-08-31,80,Clocks and Clouds – Lux Aeterna,"With a decent melody, even though it repeats quite some it has creative moments. 80/100.",Clocks and Clouds,Lux Aeterna,,,Clocks and Clouds,Lux Aeterna,,
2018-09-01,85,Those Days – Lindsey Stirling feat. Dan – Shay,g with the decent singing to create a nicely nostalgic song that reminds us of “those days”. 85/100.,Lindsey Stirling feat. Dan + Shay,Those Days,,,Lindsey Stirling feat. Dan + Shay,Those Days,,
2018-09-01,87,Parabolic Cosmos by Break Of Reality,"outer space, and hard rock guitar to provide a contrast against it. An overall solid sound, 87/100.",Break Of Reality,Parabolic Cosmos,,,Break Of Reality,Parabolic Cosmos,,
2018-09-01,85,Hunter – Galantis,"guably repeated way too often, but the drops and the beat combine well with the main melody. 85/100.",Galantis,Hunter,,,Galantis,Hunter,,
2018-09-02,90,Wind Beneath My Wings – RyanDan,gs is quite decent and a good breather from fast paced hip hop rap and repetitive pop songs. 90/100.,RyanDan,Wind Beneath My Wings,,,RyanDan,Wind Beneath My Wings,,
2018-09-02,98,Michael Bublé – Feeling Good,is song to stand out from the original and make it to my top 100. 98/100. (Same rating as Original.),Michael Bublé,Feeling Good,,,Michael Bublé,Feeling Good,,
2018-09-02,88,El Mismo Sol – Alvaro Soler,"ng to be listened on repeat, but the song overall is quite nice mix of folk/country and pop. 88/100.",Alvaro Soler,El Mismo Sol,,,Alvaro Soler,El Mismo Sol,,
2018-09-02,84,Forbearance – Michele Mclaughin,"With a self-control fitting the title, Michele delivers a nice calming piano piece. 84/100.",Michele Mclaughin,Forbearance,,,Michele Mclaughin,Forbearance,,
2018-09-03,82,Pitbull – Fun ft. Chris Brown,"Another sexual song, but the beat is nice and Pitbull isn’t annoying as usual. It’s a fun hit.",Pitbull,Fun ft. Chris Brown,,,Pitbull,Fun ft. Chris Brown,,
2018-09-03,87,Belinda Carlisle – Heaven Is a Place on Earth,"It loses some of its power over time, but Belinda delivers a decent pop hit. 87/100.",Belinda Carlisle,Heaven Is a Place on Earth,,,Belinda Carlisle,Heaven Is a Place on Earth,,
2018-09-03,79,Dragostea Din Tei – O-Zone,Zone’s first song nevertheless retains its poppyness and the irrefutable “numa numa” chorus. 79/100.,O-Zone,Dragostea Din Tei,,,O-Zone,Dragostea Din Tei,,
2018-09-03,90,"You’re A Mean One, Mr. Grinch – Lindsey Stirling","and other instruments, to provide a very interesting cover to “popify” Mr. Grinch very well. 90/100.",Lindsey Stirling,"You’re A Mean One, Mr. Grinch",,,Lindsey Stirling,"You’re A Mean One, Mr. Grinch",,
2018-09-04,100,Meg Myers – Desire,"milar theme: Crazy in Love, Take Me to Church, Wicked Game, Glory Box, Burning Desire (Lana Del Rey)",Meg Myers,Desire,,,Meg Myers,Desire,,
2018-09-04,92,Rivers in the Desert – Persona 5,"theme, this song is like a river in the desert, bringing hope and power to all who hear it. 92/100.",Rivers in the Desert,Persona 5,,,Rivers in the Desert,Persona 5,,
2018-09-05,90,The Glitch Mob – Between Two Points (feat. Swan),"y over time, but remains a strong and passionate song that smoothly works with Swan’s voice. 90/100.",The Glitch Mob,Between Two Points (feat. Swan),,,The Glitch Mob,Between Two Points (feat. Swan),,
2018-09-05,85,“Anybody’s You” Christina Grimmie,"le is wrong with regards to Grimmie, and reminds me of what a great artist we missed out on. 85/100.",,“Anybody’s You” Christina Grimmie,,,,“Anybody’s You” Christina Grimmie,,
2018-09-05,95,Within Temptation – A Demon’s Fate,"ith the “oh oh oh”, A Demon’s Fate is incredibly well made and one of the band’s best songs. 95/100.",Within Temptation,A Demon’s Fate,,,Within Temptation,A Demon’s Fate,,
2018-09-05,85,Snow White – Christina Grimmie,"A soft and calm pop song, Christina proves her versatility with a decent theme and lyrics. 85/100.",Christina Grimmie,Snow White,,,Christina Grimmie,Snow White,,
2018-09-05,60,Jennifer Lopez – Let’s Get Loud,"Original Review: It’s a bit repetitive, but it’s a pretty lit latin hit. 88",Jennifer Lopez,Let’s Get Loud,,,Jennifer Lopez,Let’s Get Loud,,
2018-09-06,90,It Was Always You – Maroon 5,"p/rock. The song is overall very well done, in contrast to the controversial Red Blue Pills. 90/100.",Maroon 5,It Was Always You,,,Maroon 5,It Was Always You,,
2018-09-06,80,Beth Crowley- Midnight,"the lyrics remain fresh and creative, and the chorus is not as lazy as the rest of the song. 80/100.",Beth Crowley,Midnight,,,Beth Crowley,Midnight,,
2018-09-06,85,WALK THE MOON – One Foot,"It is the opposite of a “unique pop song”, but One Foot is undeniable catchy and cool. 85/100.",WALK THE MOON,One Foot,,,WALK THE MOON,One Foot,,
2018-09-06,88,Toto – Africa,either powerful nor uber catchy– but it stands out strong especially compared to modern pop. 88/100.,Toto,Africa,,,Toto,Africa,,
2018-09-07,80,Courage My Love – I Sell Comics,"he song is overly passionate, but overall it’s silly and fits the teasing at advertisements. 80/100.",Courage My Love,I Sell Comics,,,Courage My Love,I Sell Comics,,
2018-09-07,84,Fall Out Boy – Uma Thurman,"A pretty cool song, though confusing title, FoB delivers a nice hit. 84/100.",Fall Out Boy,Uma Thurman,,,Fall Out Boy,Uma Thurman,,
2018-09-07,90,christmas time – doddleoddle,A nice ukelele supports a cute melody from doddleoddle. 90/100.,doddleoddle,christmas time,,,doddleoddle,christmas time,,
2018-09-07,90,Sunstroke Project – Hey Mamma,"icial audio repeats itself a little too much, the live version perfectly mixes a smooth hit. 90/100.",Sunstroke Project,Hey Mamma,,,Sunstroke Project,Hey Mamma,,
2018-09-08,88,VIP – Manic Drive,"3/31/2021 re-rate: Okay, not really. It’s a fine hit that works fine as a guilty pleasure. (88/100)",Manic Drive,VIP,,,Manic Drive,VIP,,
2018-09-08,91,Lizz Robinett – Irony,"iginal’s robotic sound, Lizz creates a nice soft and calm rendition of this song. Well done. 88/100.",Irony,Lizz Robinett,,,Irony,Lizz Robinett,,
2018-09-08,79,Smash Into Pieces –  Merry Go Round,"th its lost against 9 other songs in a shuffle, I’ve decided to lower its score. Final score: 79/100",Smash Into Pieces,Merry Go Round,,,Smash Into Pieces,Merry Go Round,,
2018-09-08,80,Alan Walker – Alone,"Though it depends on four chord (again…), Alone is overall a decent hit from Alan. 80/100.",Alan Walker,Alone,,,Alan Walker,Alone,,
2018-09-08,96,Deftones – Change,"lso quite extreme. The yelling isn’t for anyone, even if it makes this song intriguing to listen to.",Deftones,Change,,,Deftones,Change,,
2018-09-09,86,Phantom of the Opera Lindsey Stirling,"classic musical, Lindsey delivers another beautiful and cool arrangement (if a little long). 86/100.",Lindsey Stirling,Phantom of the Opera Lindsey Stirling,,,Lindsey Stirling,Phantom of the Opera Lindsey Stirling,,
2018-09-09,84,Dev – Killer,"e song holds up well on its own, with Dev’s unique melody and voice. “I’m a killer for fun,” indeed.",Dev,Killer,,,Dev,Killer,,
2018-09-09,90,Loreen – Paper Light Revisited,"A well done electropop hit, Loreen proves herself more than a one-hit wonder. 90/100.",Loreen,Paper Light Revisited,,,Loreen,Paper Light Revisited,,
2018-09-09,86,Kungs vs Cookin’ on 3 Burners – This Girl,"A very chill hit, This Girl is smokin’! (Get it? Cuz uh, burners?) 86/100.",This Girl,Kungs vs Cookin’ on 3 Burners,,,This Girl,Kungs vs Cookin’ on 3 Burners,,
2018-09-10,92,Fall Out Boy – Thanks For The Memories,"ay. That song is more unique in structure and melody. Nevertheless, this song is still about 92/100.",Fall Out Boy,Thanks For The Memories,,,Fall Out Boy,Thanks For The Memories,,
2018-09-10,78,3OH!3 – We Are Young,"n I added it in, but I realized that the lyrics were just a little too thin. Terribly sorry. 78/100.",3OH!3,We Are Young,,,3OH!3,We Are Young,,
2018-09-10,80,Static- P: It’s Not Like I Like You!! (♪♫),"chart, but the song is very cute. B-b-baka! It’s not like I like this song or anything! >.<
90 /100",Static,P: It’s Not Like I Like You!! (♪♫),,,Static,P: It’s Not Like I Like You!! (♪♫),,
2018-09-11,92,Ludovico Einaudi – Fly,"Another great calming piano piece, this piece soars high and well. 92/100.",Ludovico Einaudi,Fly,,,Ludovico Einaudi,Fly,,
2018-09-11,68,Vexento – Masked Heroes,"more to the masses and out of my 1,500+ songs, I can’t find a good enough reason to keep it. 68/100.",Masked Heroes,Vexento,,,Masked Heroes,Vexento,,
2018-09-11,99,Gareth Emery feat. Christina Novelli – Concrete Angel,"walls, brick by brick towers so tall, soon there’ll be nothing at all…” 95 in 2018, 99/100 in 2019.",Gareth Emery feat. Christina Novelli,Concrete Angel,,,Gareth Emery feat. Christina Novelli,Concrete Angel,,
2018-09-11,85,Lindsey Stirling – Transcendence,"Lindsey shows us another great song, even if it does use the old and told chord progression. 85/100.",Lindsey Stirling,Transcendence,,,Lindsey Stirling,Transcendence,,
2018-09-12,80,Set If Off – I’d Rather Drown,"ng gets a bit extreme at times, but the title doesn’t exactly fit how I feel about the song. 80/100.",Set If Off,I’d Rather Drown,,,Set If Off,I’d Rather Drown,,
2018-09-12,90,Girls’ Generation 소녀시대 ‘The Boys’,"cool and catchy, it does seem true that the girls bring The Boys out. 90/100.",,Girls’ Generation 소녀시대 ‘The Boys’,,,,Girls’ Generation 소녀시대 ‘The Boys’,,
2018-09-12,82,Nicki Minaj- Starships,"of the song is very shallow, the melody isn’t bad at all. In the end, I think I’ll give this 82/100.",Nicki Minaj,Starships,,,Nicki Minaj,Starships,,
2018-09-12,85,“Judgement” by TryHardNinja,"ly remove this song since it is made by a fan, but I still appreciate the chorus these days. 85/100.",TryHardNinja,“Judgement”,,,TryHardNinja,“Judgement”,,
2018-09-13,72,Timeflies – Amy,"also isn’t special. I can see why my past self added it, but I think it’s time to remove it. 72/100.",Timeflies,Amy,,,Timeflies,Amy,,
2018-09-13,81,You’re gonna go far kid lyrics – The Offspring,"has long lost its original power, and this song might not go far, it is still quite decent. 81/100.",The Offspring,You’re gonna go far kid lyrics,,,The Offspring,You’re gonna go far kid lyrics,,
2018-09-13,90,Bad Blood Taylor Swift,"Still good, Bad Blood isn’t bad at all. 90/100.",Taylor Swift,Bad Blood Taylor Swift,,,Taylor Swift,Bad Blood Taylor Swift,,
2018-09-14,90,Christina Aguilera – Genie In A Bottle,"Decently cool, Christina is indeed, a Genie in a Bottle. 90/100.",Christina Aguilera,Genie In A Bottle,,,Christina Aguilera,Genie In A Bottle,,
2018-09-14,85,Dodie Clark – In the Middle,"A little bit silly, but also interesting, this love song provides unique melody. 85/100.",Dodie Clark,In the Middle,,,Dodie Clark,In the Middle,,
2018-09-14,85,Nick Pitera – Stairwells,nt song that shows Nick has alright song-writing talents in addition to his singing ability. 85/100.,Nick Pitera,Stairwells,,,Nick Pitera,Stairwells,,
2018-09-15,80,Break of Reality – Star,"rse, Star nevertheless holds up on its own as a decent original song in the classical style. 80/100.",Break of Reality,Star,,,Break of Reality,Star,,
2018-09-15,83,Super Junior M – Go,"ectronics is a little iffy, and the dubstep turn is strange, I still enjoy the song overall. 83/100.",Go,Super Junior M,,,Go,Super Junior M,,
2018-09-15,90,Lindsey Stirling – Dragon Age,"ool, dragon age fulfills the fantasy theme and solidifies Stirling as a player and composer. 90/100.",Lindsey Stirling,Dragon Age,,,Lindsey Stirling,Dragon Age,,
2018-09-15,88,Giovanni Allevi – Evolution,"Soft and well played, the song grows and evolves decently. 88/100.",Giovanni Allevi,Evolution,,,Giovanni Allevi,Evolution,,
2018-09-16,88,SaraSinger42 – Siren’s Song,help the “ladadada” to create a haunting song that really sounds like it’s sung by a siren. 88/100.,SaraSinger42,Siren’s Song,,,SaraSinger42,Siren’s Song,,
2018-09-16,84,Angel With A Shotgun – The Cab,"ore you listen to a song, you better know what you’re lookin’ for. 78/100.
Nightcore version: 84/100",The Cab,Angel With A Shotgun,,,The Cab,Angel With A Shotgun,,
2018-09-16,95,Lindsey Stirling – Lost Girls,"Pretty damn cool, Lost Girls is very well composed and played. 95/100.",Lindsey Stirling,Lost Girls,,,Lindsey Stirling,Lost Girls,,
2018-09-18,88,The Hush Sound ~ Don’t Wake Me Up,"e groove, nice sound, if this is a dream, it makes sense that they don’t want to wake me up. 88/100.",,The Hush Sound ~ Don’t Wake Me Up,,,,The Hush Sound ~ Don’t Wake Me Up,,
2018-09-18,100,"Earth, Wind and Fire – Let’s Groove","Nice disco funk lets me confidently say, let’s groove to this. 100/100.","Earth, Wind and Fire",Let’s Groove,,,"Earth, Wind and Fire",Let’s Groove,,
2018-09-18,85,All Time Low – Backseat Serenade,"our chord progression, backseat serenade is a decent nevertheless with a catchy hook/chorus. 85/100.",All Time Low,Backseat Serenade,,,All Time Low,Backseat Serenade,,
2018-09-19,85,Denny Schneidemesser – Building Upon Dreams,"ogression, fortunately, this power works well with the creativeness of the rest of the song. 85/100.",Building Upon Dreams,Denny Schneidemesser,,,Building Upon Dreams,Denny Schneidemesser,,
2018-09-19,83,Rihanna – Diamonds,"It’s a little outdated, but Diamond remains a catchy hit. 83/100.",Rihanna,Diamonds,,,Rihanna,Diamonds,,
2018-09-19,93,The Apology Song – The Book of Life,s quite deep and a unique latin style for a song using English. Very well composed and sang! 93/100.,The Apology Song,The Book of Life,,,The Apology Song,The Book of Life,,
2018-09-20,85,Shatter Me Featuring Lizzy Hale – Lindsey Stirling,a decent song that distinguishes itself from usual pop or even dubstep with unique melodies. 85/100.,Lindsey Stirling,Shatter Me Featuring Lizzy Hale,,,Lindsey Stirling,Shatter Me Featuring Lizzy Hale,,
2018-09-20,90,Steps – Scared Of The Dark,"make you scared of the dark, because you’ll be too busy dancing along to this catchy groove! 90/100.",Scared Of The Dark,Steps,,,Scared Of The Dark,Steps,,
2018-09-20,88,Jason Mraz – Geek in Pink,beat in the background and minor key melody help prove that he’s not merely a geek in pink. 88/100.,Jason Mraz,Geek in Pink,,,Jason Mraz,Geek in Pink,,
2018-09-21,90,“The Piano Duet” – Tim Burton’s Corpse Bride,"Haunting and pretty, the piano duet is well composed and fits Tim Burton’s movie quite well. 90/100.",Tim Burton’s Corpse Bride,“The Piano Duet”,,,Tim Burton’s Corpse Bride,“The Piano Duet”,,
2018-09-21,89,Coldplay – Everglow,"t unnecessary, but the radio/album version is well done, and shine through with an everglow. 89/100.",Coldplay,Everglow,,,Coldplay,Everglow,,
2018-09-22,87,Maroon 5 – Feelings,"w good songs, I do have positive feelings for this song, especially since it is quite catchy. 87/100",Maroon 5,Feelings,,,Maroon 5,Feelings,,
2018-09-22,80,The Chainsmokers – Paris,"Though a little overplayed, Paris is still overall decent. 80/100.",The Chainsmokers,Paris,,,The Chainsmokers,Paris,,
2018-09-22,,ItaloBrothers – stamp on the ground,"eally makes me want to jump jump jump jump, move it all around, jump jump jump, stamp on the ground.",ItaloBrothers,stamp on the ground,,,ItaloBrothers,stamp on the ground,,
2018-09-23,84,Avril Lavigne – Here’s to Never Growing Up,ics to support a catchy song. I listened to this a lot when I was 13-14. Here’s to Never Growing Up!,Avril Lavigne,Here’s to Never Growing Up,,,Avril Lavigne,Here’s to Never Growing Up,,
2018-09-23,94,Shadows – Lindsey Stirling,"nd well done, ensuring that Lindsey will probably never be in the shadows of another artist. 94/100.",Lindsey Stirling,Shadows,,,Lindsey Stirling,Shadows,,
2018-09-23,93,Lindsey Stirling – Zi-Zi’s journey,"best song I know beginning with Z. I know, blasphemy to Zombie, but that song’s overplayed. 93/100.",Lindsey Stirling,Zi-Zi’s journey,,,Lindsey Stirling,Zi-Zi’s journey,,
2018-09-23,78,What a girl is Dove Cameron,"a bit too pop and underwhelming to fight song, but I’m keeping this song for old time sakes. 78/100.",Dove Cameron,What a girl is Dove Cameron,,,Dove Cameron,What a girl is Dove Cameron,,
2018-09-24,80,Hurricane – Panic! At The Disco,", this song doesn’t power through like a hurricane, but still has its own wind and strength. 80/100.",Panic! At The Disco,Hurricane,,,Panic! At The Disco,Hurricane,,
2018-09-24,76,Nelly – Just A Dream,"Thought it was great, but alas, it was only just a dream — this is merely a four chord pop. 76/100.",Just A Dream,Nelly,,,Just A Dream,Nelly,,
2018-09-24,87,Pitbull – Timber ft. Ke$ha,"Decent and catchy, it is goin’ down, and I’m yellin’ timber. 87/100.",Pitbull,Timber ft. Ke$ha,,,Pitbull,Timber ft. Ke$ha,,
2018-09-25,80,Gareth Emery feat. Bo Bruce – U,"He only has a few tricks up his sleeve, but U honestly ain’t bad, Gareth. 80/100.",Gareth Emery feat. Bo Bruce,U,,,Gareth Emery feat. Bo Bruce,U,,
2018-09-25,88,TheFatRat – Monody (feat. Laura Brehm),"of TheFatRat’s best songs. 88/100.

A cool anime-based accompaniment to the voice chorus of the song",TheFatRat,Monody (feat. Laura Brehm),,,TheFatRat,Monody (feat. Laura Brehm),,
2018-09-25,90,Idol Bombing – Static-P,unique story and incorporation of chinese instruments makes this song worth it to listen to. 90/100.,Static-P,Idol Bombing,,,Static-P,Idol Bombing,,
2018-09-25,89,Stromae – Papaoutai,"chy and interesting, Papaoutai is possibly the best song above 500 million views on youtube. 89/100.",Stromae,Papaoutai,,,Stromae,Papaoutai,,
2018-09-26,80,Bastille – No One’s Here to Sleep,"the message is a bit confusing to me, but the song is nevertheless quite decent. 80/100.",Bastille,No One’s Here to Sleep,,,Bastille,No One’s Here to Sleep,,
2018-09-26,90,EnV – Microburst,the* “hidden-gem” electronic song (still less than two million views as of now). 90/100. (Grade: A-),EnV,Microburst,,,EnV,Microburst,,
2018-09-26,84,Rihanna – Russian Roulette,"Alliteration! Well, this song is decent, not much to say about it. 84/100.",Rihanna,Russian Roulette,,,Rihanna,Russian Roulette,,
2018-09-27,84,Bon Jovi – Have a nice day,"ms like a usual rock song, the rock solo two minutes and a half really solidifies this song. 84/100.",Bon Jovi,Have a nice day,,,Bon Jovi,Have a nice day,,
2018-09-27,60,OneRepublic – No Vacancy,"d, and I know this isn’t Republic at their best. Alas, I must remove this from my favorites. 60/100.",OneRepublic,No Vacancy,,,OneRepublic,No Vacancy,,
2018-09-28,82,Barrels of Whiskey – The O’Reillys And The Paddyhats,"seem it might be a suspicious, but it does give a good story to grab the listener in. Nice stuff. ]",The O’Reillys And The Paddyhats,Barrels of Whiskey,,,The O’Reillys And The Paddyhats,Barrels of Whiskey,,
2018-09-28,82,Ludovico Einaudi – Divenire,"nd calm piano piece, this *Becomes* (English translation of title) quite a nice melody to listen to.",Ludovico Einaudi,Divenire,,,Ludovico Einaudi,Divenire,,
2018-09-29,80,Lindsey Stirling & Poet – Victory March,"ed a *Victory March*. It’s a bit experimental, but highly interesting and worth a listen to. 80/100.",Lindsey Stirling & Poet,Victory March,,,Lindsey Stirling & Poet,Victory March,,
2018-09-29,89,Smash Into Pieces – Boomerang (feat. Jay Smith),odies help give the “oh whoa whoa oh whoa whoa” an unusual sound and power through the song. 89/100.,Smash Into Pieces,Boomerang (feat. Jay Smith),,,Smash Into Pieces,Boomerang (feat. Jay Smith),,
2018-09-30,87,Ludovico Einaudi – Nightbook,"gressing, this fits the idea of “night”, though I’m not entire sure where the book comes in. 87/100.",Ludovico Einaudi,Nightbook,,,Ludovico Einaudi,Nightbook,,
2018-09-30,90,OneRepublic – Love Runs Out,"that OneRepublic’s good songs will not Run Out. Solid song, even with the “whoa oh oh”. 90/100. (A-)",OneRepublic,Love Runs Out,,,OneRepublic,Love Runs Out,,
2018-09-30,94,Years & Years – Sanctify,"dditvision. It may not be the best of the winners, but it is still a catchy “dark pop” song. 94/100.",Years & Years,Sanctify,,,Years & Years,Sanctify,,
2018-10-01,86,Ingrid Michaelson – Time Machine,"does well with a saxy melody, though is definitely not the strongest victor of the contest. 86/100.",Ingrid Michaelson,Time Machine,,,Ingrid Michaelson,Time Machine,,
2018-10-01,91,HAEVN – Love Is A Game,"pheads (Discord), they had put Juice at 2nd place next to “I wanna dance with somebody”. Alas, alas.",Love Is A Game,HAEVN,,,Love Is A Game,HAEVN,,
2018-10-01,95,Take Flight – Lindsey Stirling,"A very well played song, Lindsey’s playing *Takes Flight* in this composition.",Lindsey Stirling,Take Flight,,,Lindsey Stirling,Take Flight,,
2018-10-02,82,One Republic – If I Lose Myself,"The four chord is old and told, but the melody is still decent. 82/100.",One Republic,If I Lose Myself,,,One Republic,If I Lose Myself,,
2018-10-02,80,Dying For You – Otto Knows ft. Lindsey Stirling and Alex Aris,"y is pushed into the background, and the voice isn’t super special, but the song is alright. 80/100.",Otto Knows ft. Lindsey Stirling and Alex Aris,Dying For You,,,Otto Knows ft. Lindsey Stirling and Alex Aris,Dying For You,,
2018-10-02,82,Sun Skip  – Lindsey Stirling,"d experimental, yet nevertheless joyous, Sun Skip is an interesting experience to listen to. 82/100.",Lindsey Stirling,Sun Skip,,,Lindsey Stirling,Sun Skip,,
2018-10-03,85,Los Del Rio – La Macarena,"n pop hit, Macerena is catchy and nice. The twist on the classic love theme is also welcome. 85/100.",Los Del Rio,La Macarena,,,Los Del Rio,La Macarena,,
2018-10-03,84,Grey – Wings Clipped (ft. Avril Lavigne & Anthony Green),"A very unusual release for Avril, Wings clipped is an interesting and cool song. 84/100.",Grey,Wings Clipped (ft. Avril Lavigne & Anthony Green),,,Grey,Wings Clipped (ft. Avril Lavigne & Anthony Green),,
2018-10-03,83,Owl City – Galaxies,"Strong strings support a decent melody. It ain’t no fireflies, but it works well. 83/100",Owl City,Galaxies,,,Owl City,Galaxies,,
2018-10-04,78,OneRepublic – Feel Again,"In tough times, it doesn’t exactly help me *Feel Again*, but this feels alright. 78/100.",OneRepublic,Feel Again,,,OneRepublic,Feel Again,,
2018-10-04,83,OneRepublic – Wherever I Go,"A bit more creative than the previous song I reviewed, Wherever I Go is decent. 83/100.",OneRepublic,Wherever I Go,,,OneRepublic,Wherever I Go,,
2018-10-05,83,Owl City – Clap Your Hands,"m oom” is a bit weird, but Owl City proves his consistency and delivers another decent song. 83/100.",Owl City,Clap Your Hands,,,Owl City,Clap Your Hands,,
2018-10-05,90,"SUPER JUNIOR – SORRY, SORRY","rry sorry sorry
no high no high no high rating
Sorry, sorry sorry sorry sorry
90 90 90 90 90 90/100.",SUPER JUNIOR,"SORRY, SORRY",,,SUPER JUNIOR,"SORRY, SORRY",,
2018-10-05,86,Time To Fall In Love – Lindsey Stirling,"ough diversity to let Stirling’s playing assist him well, and perform a nice Christmas song. 86/100.",Lindsey Stirling,Time To Fall In Love,,,Lindsey Stirling,Time To Fall In Love,,
2018-10-06,82,Train – Drive By,"g. Nevertheless, the song is catchy, and when I listen to it, it is not merely a *Drive By*. 82/100.",Train,Drive By,,,Train,Drive By,,
2018-10-06,78,Lindsey Stirling Feat. Becky G – Christmas c’mon,"as, C’mon!
Anyhow, joking aside, this is a decent song, though Lindsey obviously has better. 78/100.",Lindsey Stirling Feat. Becky G,Christmas c’mon,,,Lindsey Stirling Feat. Becky G,Christmas c’mon,,
2018-10-06,85,Rosendale – Divine,"eir Fairytale, Divine does not disappoint with good melodies, though is not quite as unique. 85/100.",Rosendale,Divine,,,Rosendale,Divine,,
2018-10-07,60,Daylight – Maroon 5,"-based pop song, with non-unique use of the millenial whoop.
http://prntscr.com/l36vn6
Alas. 60/100.",Maroon 5,Daylight,,,Maroon 5,Daylight,,
2018-10-07,90,Uncharted – Piano Guys,"Cool and nice, this song nears on uncharted territory, even for the Piano Guys. 90/100",Piano Guys,Uncharted,,,Piano Guys,Uncharted,,
2018-10-07,84,Lindsey Stirling – Celtic Carol,"Decently cool and following the theme, Celtic carol is a nice christmas theme. 84/100.",Lindsey Stirling,Celtic Carol,,,Lindsey Stirling,Celtic Carol,,
2018-10-08,78,Anything But Ordinary by Avril Lavigne,"Ordinary*. Alright, I jest. It’s a bit too average compared to Avril’s greatest hits. Sorry. 78/100.",Avril Lavigne,Anything But Ordinary,,,Avril Lavigne,Anything But Ordinary,,
2018-10-08,88,Tears Of An Angel by RyanDan,ong touches me from the heart. Any less stoic individual would surely cry Tears of an Angel. 88/100.,RyanDan,Tears Of An Angel,,,RyanDan,Tears Of An Angel,,
2018-10-08,90,Helena Paparizou – Mambo,"Well made and catchy, this song makes you want to dance and feel the mambo. 90/100.",Mambo,Helena Paparizou,,,Mambo,Helena Paparizou,,
2018-10-09,88,Lord of the Rings | The Piano Guys,"etty dang cool, Piano Guys does a good job mixing together the LoTR Soundtrack. Great stuff! 88/100.",,Lord of the Rings | The Piano Guys,,,,Lord of the Rings | The Piano Guys,,
2018-10-09,90,Bond – Shine,"With a nice arabic theme, Bond Shines through with this song. 90/100.",Bond,Shine,,,Bond,Shine,,
2018-10-09,91,Neon Trees: Animal,a step above normal darkness due to double interpretation of the originally “meh” theme. Rating: 100,Neon Trees,Animal,,,Neon Trees,Animal,,
2018-10-10,85,Yeah Yeah Yeahs – Sacrilege,A cool “story” in a reversed video and an equally cool song? Count me in. 85/100.,Sacrilege,Yeah Yeah Yeahs,,,Sacrilege,Yeah Yeah Yeahs,,
2018-10-10,78,MEGHAN TRAINOR – NO EXCUSES,"’t exactly stand out. I doubt it could even win Eurovision, even though the time limit fits. 78/100.",MEGHAN TRAINOR,NO EXCUSES,,,MEGHAN TRAINOR,NO EXCUSES,,
2018-10-11,85,Lindsey Stirling – Brave Enough feat. Christina Perri,The strong strings support Chistina’s voice to prove that both of them are Brave Enough. 85/100.,Lindsey Stirling,Brave Enough feat. Christina Perri,,,Lindsey Stirling,Brave Enough feat. Christina Perri,,
2018-10-11,84,N SYNC—– It’s gonna be me,"cool overall, N Sync can proudly claim that, for the pop awards of 2000, “it’s gonna be me”. 84/100.",– It’s gonna be me,N SYNC—– It’s gonna be me,,,– It’s gonna be me,N SYNC—– It’s gonna be me,,
2018-10-12,86,Lindsey Stirling – Heist,"o very nice rising crescendos, Lindsey Stirling has certainly stolen my heart for this song. 86/100.",Lindsey Stirling,Heist,,,Lindsey Stirling,Heist,,
2018-10-12,78,Secrets – One Republic,"e cello is famous, but the melody adds small twists that help boost Secrets to my favorites. 78/100.",One Republic,Secrets,,,One Republic,Secrets,,
2018-10-12,76,Krewella – Alive,ut the song’s still overall not bad. Shame that I’m removing it due to nothing super unique. 76/100.,Krewella,Alive,,,Krewella,Alive,,
2018-10-13,82,B.A.P _ HONEYMOON,"y, and cool. The “ohhh” and the rap parts however, prevent this from getting a higher score. 82/100.",,B.A.P _ HONEYMOON,,,,B.A.P _ HONEYMOON,,
2018-10-13,80,Electric Daisy Violin- Lindsey Stirling,"t it had to happen sooner or later. You will be missed, Electric Daisy Violin. (Final Grade: 80/100)",Lindsey Stirling,Electric Daisy Violin,,,Lindsey Stirling,Electric Daisy Violin,,
2018-10-14,87,Ariana Grande – Touch It,"Decently cool, Touch It is a nice song. 87/100.",Ariana Grande,Touch It,,,Ariana Grande,Touch It,,
2018-10-14,82,EXO-K 엑소케이 ‘중독 (Overdose),"ugh arguably with autotune hitting you in the face, Exo-k nevertheless delivers a cool song. 82/100.",EXO-K,중독 (Overdose),,,EXO-K,중독 (Overdose),,
2018-10-14,,B.A.P. – Wake Me Up,"Me Up song, though with a rap that may not be everyone’s taste, this song still has its own merits .",B.A.P.,Wake Me Up,,,B.A.P.,Wake Me Up,,
2018-10-14,93,乌兰托娅 – 套马杆,"rly has the country-side influences in it, ending up a rather unique song for the most part. 93/100.",乌兰托娅,套马杆,,,乌兰托娅,套马杆,,
2018-10-15,88,Owl City – This Isn’t The End,"The title perfectly fitting for this site, the song presents a nice message and melody. 88/100.",Owl City,This Isn’t The End,,,Owl City,This Isn’t The End,,
2018-10-15,80,Christina Grimmie – King Of Thieves,esh” in its own way. It’s hard to explain. 80/100. (jumps between 75 and 85 depending on how I feel),Christina Grimmie,King Of Thieves,,,Christina Grimmie,King Of Thieves,,
2018-10-16,86,Katy Perry – Hot and Cold,"Even to today, the song remains catchy and cool, deserving to be in my favorites list. 86/100",Katy Perry,Hot and Cold,,,Katy Perry,Hot and Cold,,
2018-10-17,91,LOREEN – “EUPHORIA”,"ngs, I’d argue Euphoria deserved to win its edition, and is overall a strong Eurodance song. 91/100.",“EUPHORIA”,LOREEN,,,“EUPHORIA”,LOREEN,,
2018-10-17,51,Luke Friend – Hole In My Heart,"egoat for lower ratings, and I feel 51/100 is perfectly fitting. A massive hole in my heart, indeed.",Hole In My Heart,Luke Friend,,,Hole In My Heart,Luke Friend,,
2018-10-17,92,Monstaz – Hands Up,"electronic track, it really does make you want to throw you Hands Up for everyone to see. B) 92/100.",Monstaz,Hands Up,,,Monstaz,Hands Up,,
2018-10-18,85,M2U – Grafiore,"on to a nice fantasy theme, M2U proves that they are excellent at making violin soundtracks. 85/100.",M2U,Grafiore,,,M2U,Grafiore,,
2018-10-18,70,N.M.E. – Set it Off,"mpressive before, but now I see it’s mostly just an average rock song after all. Alas, alas. 70/100.",Set it Off,N.M.E.,,,Set it Off,N.M.E.,,
2018-10-18,80,Owl City – Hot Air Balloon,Quirky sounds and a silly story help support this hit from Owl City. Original Rating: 84.,Owl City,Hot Air Balloon,,,Owl City,Hot Air Balloon,,
2018-10-19,90,Red Velvet – Russian Roulette,"Absurdly catchy, this song is very enjoyable and well made. 90/100.",Red Velvet,Russian Roulette,,,Red Velvet,Russian Roulette,,
2018-10-19,79,Green Day – Boulevard of Broken Dreams,"A rock song that everyone knows, Boulevard nevertheless is solid on its own. 79/100.",Green Day,Boulevard of Broken Dreams,,,Green Day,Boulevard of Broken Dreams,,
2018-10-19,87,dodie – In The Middle,"background, In the Middle is both quirky and catchy, proving Dodie a talented Indie artist. 87/100.",dodie,In The Middle,,,dodie,In The Middle,,
2018-10-20,98,Michael Jackson – Thriller,"A classic, this song *Thrills* anyone who listens to it and is very catchy and cool. 98/100.",Michael Jackson,Thriller,,,Michael Jackson,Thriller,,
2018-10-20,80,Citizen Way – I Will,"ing might make it seem lame, but the rest is decent and having a relatively creative melody. 80/100.",Citizen Way,I Will,,,Citizen Way,I Will,,
2018-10-20,85,Sebalter – Hunter of Stars,"talent. A shame that he lost. If I was a hunter of stars, I’d have said I’d have found him. 85/100.",Hunter of Stars,Sebalter,,,Hunter of Stars,Sebalter,,
2018-10-21,70,Avril Lavigne – Complicated,"ntly say, this is still a song overall that stands out from most standard 4-chord pop songs. 70/100.",Avril Lavigne,Complicated,,,Avril Lavigne,Complicated,,
2018-10-21,85,Celine Dion – Eyes on Me,"Indian influence that make it stand out from her discography, and boost her to cool heights. 85/100.",Celine Dion,Eyes on Me,,,Celine Dion,Eyes on Me,,
2018-10-22,84,Taylor Swift – We Are Never Ever Getting Back Together,s in my favorites list. 84/100. It’s extra impressive that this was written in less than 30 minutes!,Taylor Swift,We Are Never Ever Getting Back Together,,,Taylor Swift,We Are Never Ever Getting Back Together,,
2018-10-22,85,Katy Perry – Wide Awake,"Back when Katy Perry was still good, this song keeps me Wide Awake. 85/100.",Katy Perry,Wide Awake,,,Katy Perry,Wide Awake,,
2018-10-22,97,DJ Nate – Theory of Everything,"try Dash fan or big time player. I just like electronic music (if you see my other reviews…)
97/100.",DJ Nate,Theory of Everything,,,DJ Nate,Theory of Everything,,
2018-10-23,92,Clean Bandit – Symphony,"Very decent, this song fits its title and theme well. 92/100.",Clean Bandit,Symphony,,,Clean Bandit,Symphony,,
2018-10-23,92,Melanie Martinez – Mad Hatter,"are”, the reference  to “Green caterpillar”, and “you like me best when I’m off my rockers”. 92/100.",Melanie Martinez,Mad Hatter,,,Melanie Martinez,Mad Hatter,,
2018-10-25,88,Avril Lavigne – Wish You Were Here,s one of the first I’ve added to the playlist and still seems going strong. No major complains here.,Avril Lavigne,Wish You Were Here,,,Avril Lavigne,Wish You Were Here,,
2018-10-25,90,Dear Happy || dodie feat. Thomas Sanders,"ough, I will note it sounds (lazily?) similar to The things We Used to Share also by Thomas. 90/100.",Thomas Sanders,Dear Happy || dodie,,,Thomas Sanders,Dear Happy || dodie,,
2018-10-25,,Dimrain47 – At the Speed of Light,"i-EDM people. Indeed, the title is very fitting with the quickness of the song. Truly well made, 90.",At the Speed of Light,Dimrain47,,,At the Speed of Light,Dimrain47,,
2018-10-26,86,The Chainsmokers ft. Halsey – Closer,er cleverly uses production techniques and chord theory in order to craft a decent pop song. 86/100.,Closer,The Chainsmokers ft. Halsey,,,Closer,The Chainsmokers ft. Halsey,,
2018-10-26,78,Christina Aguilera – Beautiful,"It’s a bit repetitive, but it’s not a bad pop hit. 78/100.",Christina Aguilera,Beautiful,,,Christina Aguilera,Beautiful,,
2018-10-29,90,Lord Of The Lost – See You Soon,"h the background is simple, the use of raw voice is admirable, along with the decent melody. 90/100.",Lord Of The Lost,See You Soon,,,Lord Of The Lost,See You Soon,,
2018-10-29,100,Lindsey Stirling – The Arena,"“message” delivered is contradictory, which hurts it a bit. Here is the comparison of the choruses:",Lindsey Stirling,The Arena,,,Lindsey Stirling,The Arena,,
2018-10-29,88,Fleurie – Hurts Like Hell,"dds, while this is expressing pain and emotional vulnerability. You can’t compare them. Case closed.",Fleurie,Hurts Like Hell,,,Fleurie,Hurts Like Hell,,
2018-10-30,92,Elements – Lindsey Stirling,"orks fantastic with the dubstep, to prove that Lindsey is a fantastic musician. Original Rating: 99.",Lindsey Stirling,Elements,,,Lindsey Stirling,Elements,,
2018-10-30,94,Coldplay – Viva la Vida,g more and more relatable over time. While Viva is stuck with the standard ideas. Final Grad: 94/100,Coldplay,Viva la Vida,,,Coldplay,Viva la Vida,,
2018-10-30,78,In My Arms by Plumb,"f deja vu with other pop ballads, but In My Arms is a decent song even if it sounds similar. 78/100.",Plumb,In My Arms,,,Plumb,In My Arms,,
2018-11-01,90,Caravan Palace – Brotherswing,"uite decent, this fulfills the title of “swing” and is a relatively novel song to listen to. 90/100.",Caravan Palace,Brotherswing,,,Caravan Palace,Brotherswing,,
2018-11-01,95,The Beatles – While My Guitar Gently Weeps,"n particular. (one year ago, this was still perfect score, but it’s gotten a bit old for me) 95/100.",The Beatles,While My Guitar Gently Weeps,,,The Beatles,While My Guitar Gently Weeps,,
2018-11-07,78,How Do You Love Someone – Ashley Tisdale,"et you cannot deny the power of rock. Indeed, how do you write a song, without getting hurt. 78/100.",Ashley Tisdale,How Do You Love Someone,,,Ashley Tisdale,How Do You Love Someone,,
2018-11-07,90,Indila – Dernière Danse,competition and nearly snuffs it out for the prime example of a song that deserves A-. 90/100. (A-),Dernière Danse,Indila,,,Dernière Danse,Indila,,
2018-11-07,91,AKA George – Stone Cold Classic,"chosmith (-22)

8. Thief – Alexander Jean (-22)

9. 흔들려 (Confused) – AOA (-28)

10. Camo – BoA (-36)",AKA George,Stone Cold Classic,,,AKA George,Stone Cold Classic,,
2018-11-07,93,Elohim – Half Love,"es, the melody is very danceable. I agree, Elohim, I won’t half love you, I’ll love you all the way.",Elohim,Half Love,,,Elohim,Half Love,,
2018-11-07,100,Carly Rae Jepsen – Run Away With Me,"utiful Ones” by Hurts in Redditvision, and against “Aries” by Fairfield Parlour in the Shuffle Game)",Carly Rae Jepsen,Run Away With Me,,,Carly Rae Jepsen,Run Away With Me,,
2018-11-08,78,Barlow Girl – Never Alone,"taste. Nevertheless, not a bad song. I shall store it in my archive should I reconsider it. 78/100.",Barlow Girl,Never Alone,,,Barlow Girl,Never Alone,,
2018-11-10,100,Simply Three – Maverick,"hird playlist. Results from worst to best:

However, this song has lost a round of the Shuffle Game.",Simply Three,Maverick,,,Simply Three,Maverick,,
2018-11-12,95,The Jungle Book / Sarabande (Mayan Style) – The Piano Guys,decently cool. nothing to complain about. 95/100.,The Piano Guys,The Jungle Book / Sarabande (Mayan Style),,,The Piano Guys,The Jungle Book / Sarabande (Mayan Style),,
2018-11-13,80,Dolvondo – Insanity ft. Chi Chi,ears later (4/7/2021) rating: 80/100 (a bit too predictable rhymes overall and simple unfortunately),Dolvondo,Insanity ft. Chi Chi,,,Dolvondo,Insanity ft. Chi Chi,,
2018-11-14,99,Piano Fantasy – William Joseph (Ft. Caroline Campbell),"ransition is remarkably well done, and the whole song is very fitting for a “piano fantasy”. 99/100.",Piano Fantasy,William Joseph (Ft. Caroline Campbell),,,Piano Fantasy,William Joseph (Ft. Caroline Campbell),,
2018-11-15,88,Maître Gims – Est-ce que tu m’aimes,"d the answer is neat, but I rarely listen to this song despite its high rating. Final rating: 88/100",Maître Gims,Est-ce que tu m’aimes,,,Maître Gims,Est-ce que tu m’aimes,,
2018-11-16,99,A-ha – Take on Me,"ast majority of pop, with the sole flaw of repeating itself a little too much in the middle. 99/100.",A-ha,Take on Me,,,A-ha,Take on Me,,
2018-11-19,91,Tommy Heavenly6 – “PAPERMOON”,"ed, though it seems to be a little out of sync with what the band is doing at times.” /thethirdcurry",“PAPERMOON”,Tommy Heavenly6,,,“PAPERMOON”,Tommy Heavenly6,,
2018-11-19,92,Alexander Rybak – Europe’s Skies,"and charisma as his Fairytale, this song strongly supports that he is not a one-hit wonder. 92/100.",Alexander Rybak,Europe’s Skies,,,Alexander Rybak,Europe’s Skies,,
2018-11-19,95,Girls Generation – Gee,"ell done, it’s got me singing Gee Gee Gee Gee baby baby baby,Gee Gee Gee Gee baby baby baby. 95/100.",Gee,Girls Generation,,,Gee,Girls Generation,,
2018-11-19,80,Bastille – Pompeii,"oh hey oh, hey hey oh hey oh” as an outlier in this song, Pompeii drags along decently fine. 80/100.",Bastille,Pompeii,,,Bastille,Pompeii,,
2018-11-20,80,Giovanni Allevi – Back To Life,"Though a four chord song, it fits the title and is well composed. 80/100.",Giovanni Allevi,Back To Life,,,Giovanni Allevi,Back To Life,,
2018-11-23,88,Feeder – Eskimo,"Calm and well done, this is among the best songs I’ve heard under 250,000 views. 88/100.",Feeder,Eskimo,,,Feeder,Eskimo,,
2018-11-23,85,Breathe (produced by CircusP),A solid cover overall. 85/100.,CircusP),Breathe (produced,,,CircusP),Breathe (produced,,
2018-11-23,82,Black Violin – “A Flat”,"to admit that the song isn’t quite perfect. It’s a decent song, but I definitely overrated it. (A-)",Black Violin,“A Flat”,,,Black Violin,“A Flat”,,
2018-11-24,80,Gavin James – Nervous,"ecently. However, I’m keeping it below 81 because it sounds too similar to other love songs. 80/100.",Nervous,Gavin James,,,Nervous,Gavin James,,
2018-11-25,80,Waterflame – Electroman Adventures,"ut, this song is nevertheless exciting, and presents a strong electronic song and adventure. 80/100.",Waterflame,Electroman Adventures,,,Waterflame,Electroman Adventures,,
2018-11-25,90,Željko Joksimović – Nije Ljubav Stva,"rd place positioning. If I didn’t know better, I’d have thought this was one of the winners. 90/100.",Željko Joksimović,Nije Ljubav Stva,,,Željko Joksimović,Nije Ljubav Stva,,
2018-11-25,83,Lady Gaga – MANiCURE,It’s catchy and the only con is her uncreative yelling out of “man-cure!” 83/100.,Lady Gaga,MANiCURE,,,Lady Gaga,MANiCURE,,
2018-11-27,80,Owl City – Lucid Dream,"It uses a little more autotune than I like, but in the end it’s decent. 80/100.",Owl City,Lucid Dream,,,Owl City,Lucid Dream,,
2018-11-27,84,REOL – No title,"ening to this song too much gets a bit repetitive, but overall this song is quite enjoyable. 84/100.",REOL,No title,,,REOL,No title,,
2018-11-30,78,Cry Wolf – Bebe Rexha,"inventing its own twist) to keep people interested. Still, it’s an alright song on its own. 78/100.",Cry Wolf,Bebe Rexha,,,Cry Wolf,Bebe Rexha,,
2018-12-03,90,Eir Aoi – Tsubasa,", presenting a fantasy theme perfectly! Original rating: 95
Two years later, 4/7/2021 rating: 90/100",Eir Aoi,Tsubasa,,,Eir Aoi,Tsubasa,,
2018-12-03,88,PinocchioP – I’m Glad You’re Evil Too,"is a bit controversial.
The song is a bit cheesy and long but it’s quite well done overall. 88/100.",PinocchioP,I’m Glad You’re Evil Too,,,PinocchioP,I’m Glad You’re Evil Too,,
2018-12-03,99,David Guetta – Titanium ft. Sia,"Though played very often, Titanium is powerful and very well composed as well as sung. 99/100.",David Guetta,Titanium ft. Sia,,,David Guetta,Titanium ft. Sia,,
2018-12-04,90,Zedd – One Strange Rock,"Mysterious and cool, this song proves that Zedd isn’t merely an electronic pop artist. 90/100.",Zedd,One Strange Rock,,,Zedd,One Strange Rock,,
2018-12-05,88,GARNiDELiA – Ambiguous,"the main line (thread of fate) actually fits the anime quite well. Nicely done, Garnidelia! 88/100.",GARNiDELiA,Ambiguous,,,GARNiDELiA,Ambiguous,,
2018-12-05,90,Ludovico Einaudi – Ancora,ce for me to stick on when I need something to absolutely relax and interest me.” /ForeverTreesGreen,Ludovico Einaudi,Ancora,,,Ludovico Einaudi,Ancora,,
2018-12-06,80,Feel Good Inc – Gorillaz,"ransition to “windmill windmill” is a bit strange and jarring. Nevertheless, not a bad song. 80/100.",Gorillaz,Feel Good Inc,,,Gorillaz,Feel Good Inc,,
2018-12-06,90,Celloopa – Piano Guys,"Uber cool and groovy, Celloopa is a fantastic original song by the piano guys. 90/100.",Piano Guys,Celloopa,,,Piano Guys,Celloopa,,
2018-12-07,90,Adam Lambert – Never Close Our Eyes,"Though a bit poppy and discovered only recently, Adam delivers a thoroughly thrilling song. 90/100.",Adam Lambert,Never Close Our Eyes,,,Adam Lambert,Never Close Our Eyes,,
2018-12-07,90,Ulaanbaatar at Night – Tan WeiWei ft.HangGai band,"vocal acrobatics, but that’s nit picking. Pretty strings were used to back her up as well.” /Music74",Ulaanbaatar at Night,Tan WeiWei ft.HangGai band,,,Ulaanbaatar at Night,Tan WeiWei ft.HangGai band,,
2018-12-08,88,Running – Malinda,"Andrew Huang, Running is almost mystical and does pretty well to break normal rules of pop. 88/100.",Malinda,Running,,,Malinda,Running,,
2018-12-08,90,Magic Man – Paris,"dditvision (in fact, I predicted it had a high chance of winning) and certainly deserves it. 90/100.",Paris,Magic Man,,,Paris,Magic Man,,
2018-12-09,90,grandson – Blood//Water,"dded to my top 100, and uses shouting and novel sounds to break the usual pop music pattern. 90/100.",Blood//Water,grandson,,,Blood//Water,grandson,,
2018-12-10,75,David Bowie – Lazarus,jor reason this song is not in my favorites list. My “Critic’s rating”: 92. Personal rating: 75/100.,David Bowie,Lazarus,,,David Bowie,Lazarus,,
2018-12-15,90,Bahari – Savage,"sing Piece

Drive it Like you stole it – The Glitch MobSo Good – Louisa Johnson Thief – Ansel Elgort",Bahari,Savage,,,Bahari,Savage,,
2018-12-25,70,Eminem – Kill You,ch better songs and his rhythm with flow is alright here but a little on the offensive side. 70/100.,Eminem,Kill You,,,Eminem,Kill You,,
2018-12-25,90,Fonzi M	– Fukashigi no Carte,"ke backing, Fukashigi perfectly portrays the show’s theme and creates a decent song overall. 90/100.",Fonzi M,Fukashigi no Carte,,,Fonzi M,Fukashigi no Carte,,
2018-12-25,62,BIGMAN –	Tired of My Love,ll what’s electronic and what’s not. The loss in the shuffle game felt deserved. Final Score: 62/100,BIGMAN,Tired of My Love,,,BIGMAN,Tired of My Love,,
2018-12-26,92,Faun – Tanz Mit Mir,"With a strong celtic theme, this song is very well done. 92/100.",Faun,Tanz Mit Mir,,,Faun,Tanz Mit Mir,,
2018-12-26,83,Cog is Dead	– Death of the Cog,"It’s not the best, but its steampunk theme is unique and pretty darn interesting. 83/100.",Cog is Dead,Death of the Cog,,,Cog is Dead,Death of the Cog,,
2018-12-27,82,神山 羊 – YELLOW,"ive chorus “yellow, yellow, (uh oh) yellow yellow (uh oh)” (not to mention confusing lyrics). 82/100",YELLOW,神山 羊,,,YELLOW,神山 羊,,
2018-12-27,78,ShibayanRecords – Fall in the Dark,"efore, I certainly would’ve given at least 90, but right now it seems more of a 78/100. Unfortunate.",Fall in the Dark,ShibayanRecords,,,Fall in the Dark,ShibayanRecords,,
2018-12-30,88,BTOB (비투비) – WOW,"s are also mildly annoying now, explaining how this song completely lost in the Shuffle Game. 88/100",BTOB (비투비),WOW,,,BTOB (비투비),WOW,,
2018-12-30,90,"Elodie, Michele Bravi e Gué Pequeno – Nero Bali",ool melody. Not to mention the song’s more about seeing skin color versus seeing the person. 90/100.,"Elodie, Michele Bravi e Gué Pequeno",Nero Bali,,,"Elodie, Michele Bravi e Gué Pequeno",Nero Bali,,
2018-12-31,80,Adam Tell – Foreground,"ential, along with the lyrics, “don’t feed me tall tales, I’ll spit them right back at you”. 80/100.",Adam Tell,Foreground,,,Adam Tell,Foreground,,
2019-01-03,92,Florina – Va va vis,"got my top point for Discordvision, and is a French pop song definitely worth listening to. 92/100.",Florina,Va va vis,,,Florina,Va va vis,,
2019-01-06,88,I the Mighty – “The Hound And The Fox”,"Funky and jazzy, this modern rendition is admirable. 88/100.",I the Mighty,“The Hound And The Fox”,,,I the Mighty,“The Hound And The Fox”,,
2019-01-07,95,Linked Horizon – Guren no Yumiya,"to Attack on Titan, this is a fantastic and great Japanese song, even ignoring its origins. 95/100.",Linked Horizon,Guren no Yumiya,,,Linked Horizon,Guren no Yumiya,,
2019-01-08,88,Assassin’s Creed III- Lindsey Stirling,"Well performed, this is a really good cover of a nice song. 88/100.",Lindsey Stirling,Assassin’s Creed III,,,Lindsey Stirling,Assassin’s Creed III,,
2019-01-08,83,The Glitch Mob – Drive It Like You Stole It,"Uber cool, this slow chill electronic song is very well done. 83/100.",The Glitch Mob,Drive It Like You Stole It,,,The Glitch Mob,Drive It Like You Stole It,,
2019-01-08,95,Revivalists –	Wish I Knew You,"kind of fresh sound, this song is quite decent overall. I Wish I Knew You when I was young. 95/100.",Revivalists,Wish I Knew You,,,Revivalists,Wish I Knew You,,
2019-01-09,78,Powerwolf – Demons Are A Girl’s Best Friend,"ng the multiple choruses and the “oh, oh, oh”, I can’t help but think it’s a bit too simple. 78/100.",Powerwolf,Demons Are A Girl’s Best Friend,,,Powerwolf,Demons Are A Girl’s Best Friend,,
2019-01-09,100,Nerina Pallot – The Heart Is A Lonely Hunter,e site must be terrible at noticing jazz since only the last one sounds really simialr to this song.,Nerina Pallot,The Heart Is A Lonely Hunter,,,Nerina Pallot,The Heart Is A Lonely Hunter,,
2019-01-11,95,Fall Out Boy – The Pheonix,I have even considered this song for my top 100 at one point. What’s there to complain about? 95/100,Fall Out Boy,The Pheonix,,,Fall Out Boy,The Pheonix,,
2019-01-12,89,Liu Huan – Night,"eliver a shiver-inducing song. Though I have to say, the electric guitar feels unnecessary.  89/100,",Liu Huan,Night,,,Liu Huan,Night,,
2019-01-12,82,Johnathan Young – Bait,"f silence, but the heavy metal brings out a powerful message, and has a strong final chorus. 82/100.",Johnathan Young,Bait,,,Johnathan Young,Bait,,
2019-01-18,97,Gerudo Valley (from Zelda OoT) Violin Cover – Taylor Davis,"Pretty dang cool, Taylor performs Gerudo Valley perfectly. 97/100.",Taylor Davis,Gerudo Valley (from Zelda OoT) Violin Cover,,,Taylor Davis,Gerudo Valley (from Zelda OoT) Violin Cover,,
2019-01-18,91,Maroon 5 – Misery,"well of when they were better, Misery is a decent love rock song, unlike their recent hits. 91/100.",Maroon 5,Misery,,,Maroon 5,Misery,,
2019-01-20,,Anders Nilsen – Salsa Tequila,"teasing spanish pop music, the rest is standard laughable fare.
See More Than Friends for more info",Anders Nilsen,Salsa Tequila,,,Anders Nilsen,Salsa Tequila,,
2019-01-23,90,Smoke and Mirrors【Jayn】,"Well composed rock, this song doesn’t use any Smoke and Mirrors to disguise itself. 90/100.",Mirrors【Jayn】,Smoke,,,Mirrors【Jayn】,Smoke,,
2019-01-23,85,LUVORATORRRRRY! ver れをる feat.nqrse,"silly song, especially with the beginning rap, but nevertheless has its impressive moments. 85/100.",,LUVORATORRRRRY! ver れをる feat.nqrse,,,,LUVORATORRRRRY! ver れをる feat.nqrse,,
2019-01-23,84,"‘City of Stars’ (Duet ft. Ryan Gosling, Emma Stone)","king in autotune, City of Stars reminds me of the good olden times and performs well in the musical.","Ryan Gosling, Emma Stone)",‘City of Stars’ (Duet,,,"Ryan Gosling, Emma Stone)",‘City of Stars’ (Duet,,
2019-01-23,82,Helen Jane Long – Just,"Though it abuses the four chord progression, something about it seems *just* right. 82/100.",Just,Helen Jane Long,,,Just,Helen Jane Long,,
2019-01-25,92,Evanescence – “Hi-Lo” ft. Lindsey Stirling,"ther artists’ best song, but it is pretty strong with great vocals along with violin-playing. 92/100",Evanescence,“Hi-Lo” ft. Lindsey Stirling,,,Evanescence,“Hi-Lo” ft. Lindsey Stirling,,
2019-01-26,80,pas de deux – doddleoddle,"ir. However, its lack of power is a double-edged sword and gets mundane on multiple listens.. 80/100",doddleoddle,pas de deux,,,doddleoddle,pas de deux,,
2019-01-26,91,Tomorrow Never Knows – The Beatles,"ntal, but nothing will ever make the lyric “surrender to the void” not sound creepy.” /thethirdcurry",The Beatles,Tomorrow Never Knows,,,The Beatles,Tomorrow Never Knows,,
2019-01-26,80,Dark Sarah – “Dance With The Dragon” feat. JP Leppäluoto,"could say it’s arguably a bit too overdramatic, but the song’s uniqueness is to be admired. 80/100.",Dark Sarah,“Dance With The Dragon” feat. JP Leppäluoto,,,Dark Sarah,“Dance With The Dragon” feat. JP Leppäluoto,,
2019-01-27,99,Jim Croce – Time in a bottle,(which is why the compositionally similar While My Guitar Gently Wheeps is in there instead). 99/100,Jim Croce,Time in a bottle,,,Jim Croce,Time in a bottle,,
2019-01-29,97,Paradis – Toi Et Moi,nd Me” uses its chill disco feel and cool rhythm to completely surpass Kesha and impress me. 97/100.,Toi Et Moi,Paradis,,,Toi Et Moi,Paradis,,
2019-01-30,90,Hurts – Beautiful Ones,"s far superior — Run Away With Me– nevertheless, the good message helps the song quite some. 90/100.",Hurts,Beautiful Ones,,,Hurts,Beautiful Ones,,
2019-01-31,93,James Arthur – You Deserve Better,"he “ohhh”s in the song, the groovy bass is done quite well. You Deserve Better, James Arthur. 93/100",James Arthur,You Deserve Better,,,James Arthur,You Deserve Better,,
2019-01-31,91,Set It Off – “Partners In Crime” ~Ft Ash Costello~,"l admit, the duet is still admirably unique, and these Partners in Crime sing well together. 91/100.",Set It Off,“Partners In Crime” ~Ft Ash Costello~,,,Set It Off,“Partners In Crime” ~Ft Ash Costello~,,
2019-02-01,91,Niall Horan – On the Loose,dent it’ll stay there. It’s a shame that Niall’s other songs don’t seem to be like this one. 91/100.,Niall Horan,On the Loose,,,Niall Horan,On the Loose,,
2019-02-01,70,Owl City – Gold,ng due to the autotune. The chorus “gold gold gold” is just a little too repetitive. Removed. 70/100,Owl City,Gold,,,Owl City,Gold,,
2019-02-02,84,bulletproof – la roux,"Not a bad song at all, even if I criticize it, I’m sure it’s *bulletproof*. 84/100",la roux,bulletproof,,,la roux,bulletproof,,
2019-02-03,80,Bad Lips by Brett Domino,Ed Sheeran uses his most commonly used phrases and actually presents a decent song overall. 80/100.,Brett Domino,Bad Lips,,,Brett Domino,Bad Lips,,
2019-02-03,83,Comfortably Numb – Pink Floyd,"guably overrated, only the solo’s worthy of the praise, though the rest of the song is fine. 83/100.",Pink Floyd,Comfortably Numb,,,Pink Floyd,Comfortably Numb,,
2019-02-03,89,INNA – No Help,"y use of the “echoes” and the rather unique chorus, indeed, this song is quite good overall. 89/100.",INNA,No Help,,,INNA,No Help,,
2019-02-03,92,Joe Satriani – Why,"ry groovy and well done, the only question with “Why” I have is why the title is named that. 92/100.",Joe Satriani,Why,,,Joe Satriani,Why,,
2019-02-04,90,Olly Murs – Troublemaker ft. Flo Rida,"100 at one point, troublemaker may have gotten a bit old, but it’s still a really nice song. 90/100",Olly Murs,Troublemaker ft. Flo Rida,,,Olly Murs,Troublemaker ft. Flo Rida,,
2019-02-04,100,Metallica – Enter Sandman,"sions of Atlantis (-69)
15. Storm on the Sea – Thompson Twins (-100)
16. Wake Up Dead Man – U2 (-99)",Metallica,Enter Sandman,,,Metallica,Enter Sandman,,
2019-02-04,91,BEAST IN BLACK – Blind And Frozen,"his metal song might not have been as good as the previous one, but it is still quite decent. 91/100",BEAST IN BLACK,Blind And Frozen,,,BEAST IN BLACK,Blind And Frozen,,
2019-02-04,90,Undertale: Megalovania (Violin Cover) Taylor Davis,is manages Megalovania very well and even adds a little twist in the middle. Not bad at all! 90/100.,Undertale,Megalovania (Violin Cover) Taylor Davis,,,Undertale,Megalovania (Violin Cover) Taylor Davis,,
2019-02-05,97,Meg Myers – “Motel”,"With a raw voice that works very well, Motel is an incredible so-oh-oh-oh-o-ng!",Meg Myers,“Motel”,,,Meg Myers,“Motel”,,
2019-02-05,85,Ellie Goulding – Burn,"hereal quality of her voice, and the fact that this song has been in my top 100 at one point. 85/100",Ellie Goulding,Burn,,,Ellie Goulding,Burn,,
2019-02-05,88,Hey Violet – O.D.D.,"h long ago, it may indeed be a little O.D.D., but it’s a very good song overall. 88/100. (Grade: B+)",Hey Violet,O.D.D.,,,Hey Violet,O.D.D.,,
2019-02-06,91,"BTS – Blood, Sweat and Tears","g follows many K pop cliché. I’ll give a new rating around 91/100, maybe lower depending on the day.",BTS,"Blood, Sweat and Tears",,,BTS,"Blood, Sweat and Tears",,
2019-02-06,82,Sia – Candy Cane Lane,bly a much needed Christmas song with a nice change from the usual overwhelming famous falala tunes.,Sia,Candy Cane Lane,,,Sia,Candy Cane Lane,,
2019-02-08,81,Rewrite the Stars – Greatest Showman,gs show a struggle but ultimately come to this conclusion where there’s too many obstacles in place.,Greatest Showman,Rewrite the Stars,,,Greatest Showman,Rewrite the Stars,,
2019-02-08,78,Can’t Let Go – Faydee,"It’s a little repetitive, but it’s not a bad song. 78/100",Faydee,Can’t Let Go,,,Faydee,Can’t Let Go,,
2019-02-09,80,【LC:AZE】LacrimA – LacrimA,"Though a little overdramatic, the rock is quite well done. 80/100",LacrimA,【LC:AZE】LacrimA,,,LacrimA,【LC:AZE】LacrimA,,
2019-02-09,90,Orange Caramel(오렌지캬라멜) _ Lipstick(립스틱),"cool electro-swing pattern, this K-pop song stands out among the rest and is well-composed. 90/100.",립스틱,Orange Caramel(오렌지캬라멜) _ Lipstick(립스틱),,,립스틱,Orange Caramel(오렌지캬라멜) _ Lipstick(립스틱),,
2019-02-09,93,Earth Song (Original) – Amadeus Electric Quartet,"rong competition coming from Fix, though it feels like it lacks a strong message to reach 94 level…)",Amadeus Electric Quartet,Earth Song (Original),,,Amadeus Electric Quartet,Earth Song (Original),,
2019-02-10,97,Catgroove – Parov Stelar,ry strong main melody. It is a fantastic electro-swing song with an undeniable groove to it. 97/100.,Parov Stelar,Catgroove,,,Parov Stelar,Catgroove,,
2019-02-10,89,Michael Jackson – Xscape,"ne of the few songs that begin with the letter X, this is quite the “xscape” from normal pop. 89/100",Michael Jackson,Xscape,,,Michael Jackson,Xscape,,
2019-02-10,85,Lauren Aquilina – King,"rable to most of meaningless pop. Indeed, Lauren, you’ve got it all; you can be Queen again. 85/100.",King,Lauren Aquilina,,,King,Lauren Aquilina,,
2019-02-11,88,Kelly Clarkson – Dark Side,"ronger and Behind These Hazel Eyes, Dark Side is just as decent and shows off Kelly’s talent. 88/100",Kelly Clarkson,Dark Side,,,Kelly Clarkson,Dark Side,,
2019-02-11,100,Crystallize – Lindsey Stirling,falls apart with this assumption in mind. (I submitted it in the Shuffle Game and it lost brutally),Lindsey Stirling,Crystallize,,,Lindsey Stirling,Crystallize,,
2019-02-11,79,Charlotte – Ta Peau,"ually intended for this song, making some actually dislike this song instead due to its strangeness.",Charlotte,Ta Peau,,,Charlotte,Ta Peau,,
2019-02-11,91,Isador – Jungle,"views since I originally heard it, but it doesn’t seem as impressive as initial. Final score: 91/100",Jungle,Isador,,,Jungle,Isador,,
2019-02-12,98,She Was Mine – AJ Raphael,"very fresh and chill, this song is arguably too underwhelming to make a true impact on most people.",AJ Raphael,She Was Mine,,,AJ Raphael,She Was Mine,,
2019-02-13,80,Usher – More,"only due to nostalgia and mini jazz. It’s honestly just as poppy as this. My taste dude, my taste. 😉",Usher,More,,,Usher,More,,
2019-02-13,97,ONE OK ROCK – Mighty Long Fall,"strong and well done, this song proves that the band will not suffer a *mighty long fall*. 97/100",ONE OK ROCK,Mighty Long Fall,,,ONE OK ROCK,Mighty Long Fall,,
2019-02-13,82,Joey Young – I Can Fly,doesn’t get old even after multiple listens. It’s been on my playlist for a bunch of years. 82/100.,Joey Young,I Can Fly,,,Joey Young,I Can Fly,,
2019-02-14,78,Armin van Buuren feat. Sharon den Adel – In And Out of Love,ly the cool electronic beat keeps me interested. You could say it’s a heavy guilty pleasure. 78/100.,Armin van Buuren feat. Sharon den Adel,In And Out of Love,,,Armin van Buuren feat. Sharon den Adel,In And Out of Love,,
2019-02-16,82,Oasis – Wonderwall,elody is indeed superior to many pop songs but the voice doesn’t exactly seem to be amazing. 82/100.,Oasis,Wonderwall,,,Oasis,Wonderwall,,
2019-02-16,85,A Great Big World – One Step Ahead,"onveys a positive emotion without seemingly too passionate, and is relatively well-grounded. 85/100.",A Great Big World,One Step Ahead,,,A Great Big World,One Step Ahead,,
2019-02-16,59,Sissy That Walk · RuPaul,"ic tune. It’s a confusing song to be sure.
Original Rating: 40/100, 88 if it didn’t have the chorus.",RuPaul,Sissy That Walk · RuPaul,,,RuPaul,Sissy That Walk · RuPaul,,
2019-02-17,87,Brittney Spears – Shattered Glass,"ecently cool, this is one of Brittney Spear’s better hits and shows her relative consistency. 87/100",Brittney Spears,Shattered Glass,,,Brittney Spears,Shattered Glass,,
2019-02-17,87,X Ambassadors – Renegades,"ssage is decent. Hey, hey, hey, hey hey hey, all hail the underdogs, all hail the renegades. 87/100.",X Ambassadors,Renegades,,,X Ambassadors,Renegades,,
2019-02-18,99,Nirvana – Smells Like Teen Spirit,its relatively unique chord progression and strong melody to provide a real nice rock song. 99/100.,Nirvana,Smells Like Teen Spirit,,,Nirvana,Smells Like Teen Spirit,,
2019-02-18,86,Sir Sly – High,", but it doesn’t have enough uniqueness to break the 90’s standard (Papermoon). Final rating: 86/100",High,Sir Sly,,,High,Sir Sly,,
2019-02-19,69,SunStroke Project & Olia Tira – Run Away,"ant good sax, I recommend their other hit, Hey Mamma, or the classic (not by them) Careless Whisper.",SunStroke Project & Olia Tira,Run Away,,,SunStroke Project & Olia Tira,Run Away,,
2019-02-19,100,Michael Jackson – Billie Jean,"l pop song. MJ, is not my lover, but I say that heeee is the one, Billie Jean is his “son”…. 100/100",Michael Jackson,Billie Jean,,,Michael Jackson,Billie Jean,,
2019-02-20,95,Indiana Jones Remix – Piano Guys,"nged together, Indiana Jones’ theme works very well with these Arabian classics. Original Rating: 91",Piano Guys,Indiana Jones Remix,,,Piano Guys,Indiana Jones Remix,,
2019-02-21,98,Plastic Love – Mariya Takeuchi,"t playin’ games, I know it’s plastic love
Dancin’ to the plastic beat, another morning comes
98/100.",Mariya Takeuchi,Plastic Love,,,Mariya Takeuchi,Plastic Love,,
2019-02-21,89,米津玄師「LOSER」,"e, I disagree with the lyrics of this song — “I’m a loser”? No, you’re the complete opposite! 89/100",LOSER,米津玄師「LOSER」,,,LOSER,米津玄師「LOSER」,,
2019-02-22,95,Sheppard – Edge Of The Night,"disco, Sheppard delivers a well-deserved winning RSC song. Milky Sundae delight! 95/100. (Grade: A)",Sheppard,Edge Of The Night,,,Sheppard,Edge Of The Night,,
2019-02-22,99,Lady Gaga – Poker Face,"” and “hearts”… even after all these years, it’s still a perfect score – or something close anyways.",Lady Gaga,Poker Face,,,Lady Gaga,Poker Face,,
2019-02-23,85,Gotye – Somebody That I Used To Know,"e one billion views, I still have to say that overall it is only decent rather than amazing. 85/100.",Gotye,Somebody That I Used To Know,,,Gotye,Somebody That I Used To Know,,
2019-02-23,92,Daniel Ingram – The Magic Inside,"art out on the line
And let the magic in my heart stay true
Just like the magic inside of you
92/100",Daniel Ingram,The Magic Inside,,,Daniel Ingram,The Magic Inside,,
2019-02-24,95,Meg Myers – Jealous Sea,"ith a message that’s a pun on the title, the lyrics are fitting as I “just can’t get enough”. 95/100",Meg Myers,Jealous Sea,,,Meg Myers,Jealous Sea,,
2019-02-25,78,First Light – Lindsey Stirling,"eems interesting, though this song has arguably lost some of its spark since my first listen. 78/100",Lindsey Stirling,First Light,,,Lindsey Stirling,First Light,,
2019-02-25,78,OWEL – I Saw Red,iting chorus makes I Saw Red have potential. I do hope DW improves a bit more… ~78/100 ish right now,OWEL,I Saw Red,,,OWEL,I Saw Red,,
2019-02-25,99,Kiss From A Rose – Seal,"rformance, and the chorus feels absolutely triumphant – hard to find any flaws here.” /thethirdcurry",Seal,Kiss From A Rose,,,Seal,Kiss From A Rose,,
2019-02-26,88,McFly – Love is Easy,"long well, if listening to this is love, then love is easy, it’s the easiest thing to do. 85~88/100.",McFly,Love is Easy,,,McFly,Love is Easy,,
2019-02-26,89,Gnarls Barkley – Crazy,"ith a good beat, and the song doesn’t seem to be uncreative in any way, not even the chorus. 89/100.",Gnarls Barkley,Crazy,,,Gnarls Barkley,Crazy,,
2019-03-01,60,All You Wanted – Michelle Branch,"start for a song, but it just doesn’t feel as polished as even Complicated, one of my old favorites.",Michelle Branch,All You Wanted,,,Michelle Branch,All You Wanted,,
2019-03-02,99,Within Temptation – Angels,"ock songs. The “dark love” theme is also very well done. Deservedly in my top 100, no doubt. 99/100.",Within Temptation,Angels,,,Within Temptation,Angels,,
2019-03-02,95,Demi Lovato – Skyscraper,"this song is still solid to be deserving to be in there, until I find something more worthy. 95/100.",Demi Lovato,Skyscraper,,,Demi Lovato,Skyscraper,,
2019-03-03,100,Ariana Grande – Into You,"ja Cat, NEIKED – Sexual, Nick Jonas – Champagne Problems, Weeknd – Can’t Feel My Face, Zedd – Middle",Ariana Grande,Into You,,,Ariana Grande,Into You,,
2019-03-03,85,BLOW – New Moon Walker,"sideration, the raw and slow voice works very well with the melody and bring out the chorus. 85/100.",BLOW,New Moon Walker,,,BLOW,New Moon Walker,,
2019-03-04,70,CHVRCHES – Miracle,"ng for songs. However, I definitely prefer The Mother We Share or most of their other songs. *shrug*",CHVRCHES,Miracle,,,CHVRCHES,Miracle,,
2019-03-05,87,"헤이즈 (Heize) – 비도 오고 그래서 (You, Clouds, Rain) (Feat. 신용재 (Shin Yong Jae))","Decent and even with a nice touch of jazz, this song is very chill and good to listen to. 87/100",헤이즈 (Heize),"비도 오고 그래서 (You, Clouds, Rain) (Feat. 신용재 (Shin Yong Jae))",,,헤이즈 (Heize),"비도 오고 그래서 (You, Clouds, Rain) (Feat. 신용재 (Shin Yong Jae))",,
2019-03-06,77,Alex & Sierra – Little Do You Know,his song was touching and admirable with the sad to happy theme and the decent mood overall. 77/100.,Alex & Sierra,Little Do You Know,,,Alex & Sierra,Little Do You Know,,
2019-03-07,84,Nirvana – Heart-Shaped Box,. Imad’s version is a bit more pondering though it is indeed difficult to say for sure if it’s good.,Nirvana,Heart-Shaped Box,,,Nirvana,Heart-Shaped Box,,
2019-03-08,80,Lorenzo Fragola – Luce che entra,fectly click with me. I’ll have to listen more to see if Luce Che Entra is truly a good song. 80/100,Lorenzo Fragola,Luce che entra,,,Lorenzo Fragola,Luce che entra,,
2019-03-08,73,Coeur De Pirate – Oublie Moi,"than your average pop hit, but I can’t say that I’m impressed. Oublie Moi (forget me)? Sure. 73/100",Coeur De Pirate,Oublie Moi,,,Coeur De Pirate,Oublie Moi,,
2019-03-09,70,Foreign Hands // George Ogilvie,", but I have to say that this man uses his Foreign Hands to invent a song in “Foreign Lands”. 70/100",,Foreign Hands // George Ogilvie,,,,Foreign Hands // George Ogilvie,,
2019-03-09,78,Ella Eyre – Comeback,"hough I need a few more listens to make sure, it seems like this song is making a *Comeback*. 78/100",Ella Eyre,Comeback,,,Ella Eyre,Comeback,,
2019-03-09,85,HMB ft. Carminho – “O Amor é Assim”,"Pelos Dois, which Redditvisioners think worse than this song. Oh well, maybe it’s just taste. 85/100",HMB ft. Carminho,“O Amor é Assim”,,,HMB ft. Carminho,“O Amor é Assim”,,
2019-03-09,82,Faouzia – Knock On My Door,"r way around). It’s a fine tune, but for a winner of a contest, it seems a bit underwhelming. 82/100",Faouzia,Knock On My Door,,,Faouzia,Knock On My Door,,
2019-03-11,90,Wanting 曲婉婷 – Drenched,"Slow and emotional, this song is drenched with a good feeling. 90/100",Wanting 曲婉婷,Drenched,,,Wanting 曲婉婷,Drenched,,
2019-03-13,91,Alice Merton – No Roots,"t and groovy melody, indeed, this song ironically has Roots to my list (if that makes sense). 91/100",Alice Merton,No Roots,,,Alice Merton,No Roots,,
2019-03-13,86,Dead End In Tokyo – MAN WITH A MISSION,ge combine together to affirm that this band will not find themselves in a Dead End in Tokyo. 86/100,MAN WITH A MISSION,Dead End In Tokyo,,,MAN WITH A MISSION,Dead End In Tokyo,,
2019-03-13,90,Kyouran Hey Kids – 	THE ORAL CIGARETTES,"ly reviewed Japanese song, Kyouran Hey Kids is a solid anime opening and Redditvision winner. 90/100",THE ORAL CIGARETTES,Kyouran Hey Kids,,,THE ORAL CIGARETTES,Kyouran Hey Kids,,
2019-03-13,71,Francisca Valenzuela – “Tómame”,"it, the finger snapping is quite creative, but overall Tomame doesn’t quite seem to be there. 71/100",Francisca Valenzuela,“Tómame”,,,Francisca Valenzuela,“Tómame”,,
2019-03-14,72,Novo Amor	“Birthplace”,"elming. Its calmness and environmental message is nice, but the rest of the song is mediocre. 72/100",Novo Amor,Novo Amor	“Birthplace”,,,Novo Amor,Novo Amor	“Birthplace”,,
2019-03-14,88,Keeping Your Head Up – Birdy,"great positive message, Birdy winning is not a surprise, and the song’s pretty great overall. 88/100",Birdy,Keeping Your Head Up,,,Birdy,Keeping Your Head Up,,
2019-03-14,85,Johnossi – “Air is Free”,"ntly strong, but the repetitive chorus makes me doubtful if this song should’ve actually won. 85/100",Johnossi,“Air is Free”,,,Johnossi,“Air is Free”,,
2019-03-15,95,Panic! At The Disco: Death Of A Bachelor,the thin backing means it gets a bit old over time. (This has shifted to 96 and back to 95.) 95/100,Panic! At The Disco,Death Of A Bachelor,,,Panic! At The Disco,Death Of A Bachelor,,
2019-03-16,97,Infected mushroom – saeed,ell with the electronic sounds for a highly unique song that is considered one of their best. 97/100,Infected mushroom,saeed,,,Infected mushroom,saeed,,
2019-03-17,91,Ghost – Zenith,"With a refreshing backing melody, Zenith *sets me free* and is quite decent with cool lyrics. 91/100",Zenith,Ghost,,,Zenith,Ghost,,
2019-03-17,91,Angelika Vee – When I’m Not With You,ed it too many times and that’s why I dropped it out of my top 100. Still a worthy contender. 91/100,Angelika Vee,When I’m Not With You,,,Angelika Vee,When I’m Not With You,,
2019-03-17,90,Pheonix Legend	– Fly Freely,’s just so many C-pop to choose from to justify my first favorite song to stay in my top 100. 90/100,Pheonix Legend,Fly Freely,,,Pheonix Legend,Fly Freely,,
2019-03-18,88,Alexander Jean – Waiting For You,"C# C# B C#, F# C# C# C# B A, it seems true, Alexander Jean, that I was Waiting For You. 88/100 (A-)",Alexander Jean,Waiting For You,,,Alexander Jean,Waiting For You,,
2019-03-20,84,Jem – 24,"With a decently cool backing and beat, 24 is a nice song. 84/100",Jem,24,,,Jem,24,,
2019-03-21,80,"LSD – Genius ft. Sia, Diplo, Labrinth","listen to this…. perhaps even 20 times if you need to!

Final rating: 78~80/100 (depends on the day)","Genius ft. Sia, Diplo, Labrinth",LSD,,,"Genius ft. Sia, Diplo, Labrinth",LSD,,
2019-03-21,88,“Your Reality” in a minor key – Lollia feat. Chris Thurman,"this song is based off of). With a dark theme and chilling singing, yes, this is My Reality. 88/100",Lollia feat. Chris Thurman,“Your Reality” in a minor key,,,Lollia feat. Chris Thurman,“Your Reality” in a minor key,,
2019-03-22,91,Roberto Cacciapaglia – Atlantico,"Calm and well-written, Roberto delivers a modern classic of a piano piece. 91/100",Roberto Cacciapaglia,Atlantico,,,Roberto Cacciapaglia,Atlantico,,
2019-03-22,70,MARUV – Siren Song,"al 68th edition. The song has a cool groove, but the heavy electronics are a bit much for me. 70/100",Siren Song,MARUV,,,Siren Song,MARUV,,
2019-03-23,88,“By My Side” by David Choi,"Calm and soothing, this love song with nice use of a harp makes me want David By My Side. 88/100",David Choi,“By My Side”,,,David Choi,“By My Side”,,
2019-03-23,95,Guns N’ Roses – Sweet Child O’ Mine,"nown to many, this song deserves its praise, especially with the good guitar solo and melody. 95/100",Guns N’ Roses,Sweet Child O’ Mine,,,Guns N’ Roses,Sweet Child O’ Mine,,
2019-03-24,95,Il Volo – Grande amore,"s, this song is fantastic even with the theme of love. I’m not surprised it won the televote. 95/100",Il Volo,Grande amore,,,Il Volo,Grande amore,,
2019-03-25,82,Ashe – Girl Who Cried Wolf,"ut. I like the “ah, ah, ahhh” right before the chorus, so this song definitely has potential. 82/100",Ashe,Girl Who Cried Wolf,,,Ashe,Girl Who Cried Wolf,,
2019-03-25,86,The White Stripes – ‘Seven Nation Army’,"Antarctica Starts Here – John Cale (-48)
10. She Was Young and She Was Pretty – Marty Robbins (-76)",The White Stripes,‘Seven Nation Army’,,,The White Stripes,‘Seven Nation Army’,,
2019-03-27,97,Coolio – Gangster’s Paradise,", and the final “Tell me why are we, so blind to see
That the one’s we hurt, are you and me”. 97/100",Coolio,Gangster’s Paradise,,,Coolio,Gangster’s Paradise,,
2019-03-28,84,The Script – Hall of Fame,"rogression, and the message is admirable, even if the song gets a bit repetitive in the end. 84/100.",The Script,Hall of Fame,,,The Script,Hall of Fame,,
2019-03-28,85,Mat Kearney – Ships In The Night,"” comparison to the auto-tune poppy Hot Air Balloon and deep dark Bottom of Deep Blue Sea, I’d say…)",Mat Kearney,Ships In The Night,,,Mat Kearney,Ships In The Night,,
2019-03-29,70,Just Can’t Let Her Go – One Direction,"(Perfect, You Don’t Know you’re Beautiful), but the melody is a bit average overall. Removed. 70/100",One Direction,Just Can’t Let Her Go,,,One Direction,Just Can’t Let Her Go,,
2019-03-29,83,VersaEmerge: Past Praying For,"With a relatively cool bridge, it’s tough to justify that this song is Past Praying For. 83/100",VersaEmerge,Past Praying For,,,VersaEmerge,Past Praying For,,
2019-03-30,88,dodie – Secret For The Mad,"A nice and calming song, the message of struggling with oneself is done quite well. 88/100",dodie,Secret For The Mad,,,dodie,Secret For The Mad,,
2019-03-31,87,Rockefeller Street – Getter Jaani,s like it might eventually make it onto my favorites. I’m especially a big fan of the chorus. 87/100,Getter Jaani,Rockefeller Street,,,Getter Jaani,Rockefeller Street,,
2019-04-02,88,Train – 50 Ways to Say Goodbye,"The almost-spanish feel of the song is well done, and the love song isn’t too cliche overall. 88/100",Train,50 Ways to Say Goodbye,,,Train,50 Ways to Say Goodbye,,
2019-04-02,82,M83  – Midnight City,"title well, though is far from perfect with its somewhat interesting but not powerful melody. 82/100",M83,Midnight City,,,M83,Midnight City,,
2019-04-03,95,Estelle – American Boy,"Catchy and decently cool, the sole downfall is arguably the rap part. 95/100",Estelle,American Boy,,,Estelle,American Boy,,
2019-04-03,86,Charlie Puth – Attention,"mine. A cool beat works well with a nice melody for a good song overall, even if a bit poppy. 86/100",Charlie Puth,Attention,,,Charlie Puth,Attention,,
2019-04-04,60,Pink Martini – Lilly,"t doesn’t work out in the end, especially with multiple listens. The song’s too bare overall. 60/100",Pink Martini,Lilly,,,Pink Martini,Lilly,,
2019-04-04,85,Blackbriar – I’d Rather Burn,"A relative strong song, the only possible complaint is perhaps a bit too hard on the rock. 85/100",Blackbriar,I’d Rather Burn,,,Blackbriar,I’d Rather Burn,,
2019-04-04,84,The Sugar Highs – Kino,"With a piano that’s calm and laid-back, the song is well-composed overall. 84/100",Kino,The Sugar Highs,,,Kino,The Sugar Highs,,
2019-04-05,88,DEELYLE – Devil’s Den,if the “whoa whoa whoa” of the chorus itself undermines the coolness of the rest of the song. 88/100,DEELYLE,Devil’s Den,,,DEELYLE,Devil’s Den,,
2019-04-05,70,Crosses – José González,"e. Overall, it’s like Jose says, “cast some light and you’ll be alright”. 70/100, perfectly average.",Crosses,José González,,,Crosses,José González,,
2019-04-07,88,Foo Fighters – The Pretender,"dered this song for my top 100. Though it’s not perfect, the rock is quite catchy and strong. 88/100",Foo Fighters,The Pretender,,,Foo Fighters,The Pretender,,
2019-04-08,88,The Rooks – Secrets,"en with its love song theme, the singing quality for “you can’t let go” has very good timbre. 88/100",The Rooks,Secrets,,,The Rooks,Secrets,,
2019-04-10,93,Xavier Dunn – Isic Tutor,"ckly, especially his voice quality at “needed to be loved by you” in the second chorus afterwards. B",Xavier Dunn,Isic Tutor,,,Xavier Dunn,Isic Tutor,,
2019-04-11,88,Yorushika – That’s Why I Gave Up on Music,"he opposite of the title. With high potential, the melody is well done and quite interesting. 88/100",Yorushika,That’s Why I Gave Up on Music,,,Yorushika,That’s Why I Gave Up on Music,,
2019-04-12,80,Secret Garden – You Raise Me Up,"d emotional without being overly aggressive, and hints at their success with Nocturne in Eurovision.",You Raise Me Up,Secret Garden,,,You Raise Me Up,Secret Garden,,
2019-04-12,92,Secret Garden – Nocturne,"hort, but the instrumentals combine well with what few lyrics it has. A well-deserved winner. 92/100",Nocturne,Secret Garden,,,Nocturne,Secret Garden,,
2019-04-13,91,Behind These Hazel Eyes – Kelly clarkson,"despite the four chord progression, the rock song is solid and has a lot of emotion. 91/100",Kelly clarkson,Behind These Hazel Eyes,,,Kelly clarkson,Behind These Hazel Eyes,,
2019-04-13,85,Set It Off – Uncontainable,"mediocre. It’s still a decent song, but I felt it was too similar to the rest of their stuff. 85/100",Set It Off,Uncontainable,,,Set It Off,Uncontainable,,
2019-04-13,86,Gareth Emery feat. Christina Novelli – Dynamite,"lies running through the night
We are made of dynamite” is equally vapid. Maybe it’s just me. 86/100",Gareth Emery feat. Christina Novelli,Dynamite,,,Gareth Emery feat. Christina Novelli,Dynamite,,
2019-04-14,90,When The Darkness Comes – Static-P,"song is a great start to his detective idol series, and the electro-swing is done very well. 90/100",Static-P,When The Darkness Comes,,,Static-P,When The Darkness Comes,,
2019-04-14,92,Molly Sandén – Satellites,t move). I daresay it even provides competition for the Eurovision winner with the same name. 92/100,Satellites,Molly Sandén,,,Satellites,Molly Sandén,,
2019-04-14,80,Lund – Broken,"t and I’d definitely take this over Lovelytheband. No idea why that post has so many views.
🤷
80/100",Lund,Broken,,,Lund,Broken,,
2019-04-15,91,Backstreet boys – Show me the meaning of being lonely,"Well done and passionate, Backstreet Boys deliver a great modern R&B song. 91/100",Backstreet boys,Show me the meaning of being lonely,,,Backstreet boys,Show me the meaning of being lonely,,
2019-04-15,91,Jon Henrik Fjällgren – En värld full av strider,"Strong and emotional, I argue that this song definitely should’ve gotten into Eurovision. 91/100",Jon Henrik Fjällgren,En värld full av strider,,,Jon Henrik Fjällgren,En värld full av strider,,
2019-04-16,80,LION BABE	Where Do We Go?,Redditvision winner. I just felt the backing line was a tad bit too repetitive… hmmmm. ~80/100 ish?,LION BABE,LION BABE	Where Do We Go?,,,LION BABE,LION BABE	Where Do We Go?,,
2019-04-16,70,Taio Cruz – Dynamite,"rves the attention it gets. Rateyourmusic seems to hate it, though. Guess that’s pop for you. 70/100",Taio Cruz,Dynamite,,,Taio Cruz,Dynamite,,
2019-04-17,54,Rednex – Cotton Eye Joe,"ts lyrics are just as thin as any pop song, and the overplayed country tune boggles it down. 54/100.",Cotton Eye Joe,Rednex,,,Cotton Eye Joe,Rednex,,
2019-04-17,87,Lou Bega – Mambo No. 5 (A Little Bit of…),"A *good* classic to contrast against Cotton Eye Joe, Mambo is quite catchy and cool. 87/100",Lou Bega,Mambo No. 5 (A Little Bit of…),,,Lou Bega,Mambo No. 5 (A Little Bit of…),,
2019-04-18,68,"lovelytheband – maybe, i’m afraid","ve than broken, but the melody seems like it still needs a bit of *umph* to fully impress me. 68/100",lovelytheband,"maybe, i’m afraid",,,lovelytheband,"maybe, i’m afraid",,
2019-04-19,87,Swingrowers – Butterfly,"A cool electro-swing song, this tune floats around like a *Butterfly*. 87/100",Swingrowers,Butterfly,,,Swingrowers,Butterfly,,
2019-04-19,60,One Direction – History,"seemed good, but with my new knowledge of music this just seems underwhelming. Final rating: 60/100",One Direction,History,,,One Direction,History,,
2019-04-19,80,Indigo – Tom Milsom,"o, the lack of autotune is admirable and the message is interesting overall. A worthy listen. 80/100",Tom Milsom,Indigo,,,Tom Milsom,Indigo,,
2019-04-20,89,Aviators – Bulletproof,od but forgettable. It’s an okay song with some nice build up and a decent atmosphere.” /seanlaoveja,Aviators,Bulletproof,,,Aviators,Bulletproof,,
2019-04-20,90,Alice Chater – Wonderland,"nic sounds provide a cool theme overall, and I will certainly “dream until I see you”, Alice. 90/100",Alice Chater,Wonderland,,,Alice Chater,Wonderland,,
2019-04-20,66,Noah Cyrus – I’m Stuck,whoop as the first song I shuffled into. You’re better off listening to High School Musical. 66/100,Noah Cyrus,I’m Stuck,,,Noah Cyrus,I’m Stuck,,
2019-04-21,84,In The Dark – Alice Kristiansen,"pth beyond its tune with some nice lyrics. Very nicely done, even if not yet in my favorites. 84/100",Alice Kristiansen,In The Dark,,,Alice Kristiansen,In The Dark,,
2019-04-21,72,Pretty Balanced – Station Waggin,"g out even among thousands and thousands of choices. Interesting story about “Erica”, though. 72/100",Pretty Balanced,Station Waggin,,,Pretty Balanced,Station Waggin,,
2019-04-22,89,Static-P – Rewind,"final chorus. I really like this song, and I’ve love to listen to it, one more time, Rewind. 89/100",Static-P,Rewind,,,Static-P,Rewind,,
2019-04-23,75,Brass Goggles by Steam Powered Giraffe,"nearly as cool as the previously reviewed Rewind, and the rest of the song is underwhelming. 75/100",Steam Powered Giraffe,Brass Goggles,,,Steam Powered Giraffe,Brass Goggles,,
2019-04-24,85,Maggie Lindemann – Obsessed,"people get *obsessed* about this song. The melody isn’t bad at all, and the chorus is decent. 85/100",Obsessed,Maggie Lindemann,,,Obsessed,Maggie Lindemann,,
2019-04-24,80,Dodie – Burn,"ost tempted to say that if you wanted to remove this song from my list, baby I’d rather burn. 80/100",Dodie,Burn,,,Dodie,Burn,,
2019-04-25,30,LMFAO – Shots,"this ain’t lower is because I thought the pause near the end was alright musically. Nice try, LMFAO.",LMFAO,Shots,,,LMFAO,Shots,,
2019-04-27,78,Fonzi M – Isabella’s Lullaby,"Indeed, this song displays more of the dreaminess without being overly cheesy. Not bad at all. (B+)",Fonzi M,Isabella’s Lullaby,,,Fonzi M,Isabella’s Lullaby,,
2019-04-28,79,DECO*27 – Delusion Tax,"*delusion*, as the chorus’s rock tries a bit too hard. Oh well, it was cool while it lasted. 79/100",DECO*27,Delusion Tax,,,DECO*27,Delusion Tax,,
2019-04-28,80,Ellie Goulding – Love Me Like You Do,"gh arguably overplayed, this pop song is quite decent in my opinion and gets along just fine. 80/100",Ellie Goulding,Love Me Like You Do,,,Ellie Goulding,Love Me Like You Do,,
2019-04-28,85,Min Kyung Hoon – Forever Love,"owerful chorus, especially with “I will never let you go” is admirable. Forever Love, indeed. 85/100",Min Kyung Hoon,Forever Love,,,Min Kyung Hoon,Forever Love,,
2019-04-28,87,CVX – Bicara,"creative tunes than usually heard, and the 2nd place in Redditvision is definitely deserved. 87/100",CVX,Bicara,,,CVX,Bicara,,
2019-04-28,70,Major Lazer – Light it Up,"g, but the electronic sounds are annoying and the whole song kinda collapses based upon that. 70/100",Major Lazer,Light it Up,,,Major Lazer,Light it Up,,
2019-04-29,78,LACUNA COIL – Trip The Darkness,"though the rock is a bit heavy, the overall song is quite decent and well done. 78/100",LACUNA COIL,Trip The Darkness,,,LACUNA COIL,Trip The Darkness,,
2019-05-01,88,Rosendale – Landslide,"With a decent message and melody, the song follows his Fairytale hit very well. 88/100",Rosendale,Landslide,,,Rosendale,Landslide,,
2019-05-01,85,Taylor Swift – Haunted,"I may eventually remove it, but I can say I’ll be *haunted* for quite some time by this tune. 85/100",Taylor Swift,Haunted,,,Taylor Swift,Haunted,,
2019-05-02,82,SVRCINA – Meet Me On The Battlefield,"A fine and calming song, the tune is decent. 82/100",Meet Me On The Battlefield,SVRCINA,,,Meet Me On The Battlefield,SVRCINA,,
2019-05-02,88,Emeli Sandé – Hurts,"Passionate and emotional, the message is very well done. 88/100",Hurts,Emeli Sandé,,,Hurts,Emeli Sandé,,
2019-05-03,74,Feel The Melody – S3RL feat Sara,"e song’s rather repetitive, and there are so many other electronic songs that are like this. 74/100.",S3RL feat Sara,Feel The Melody,,,S3RL feat Sara,Feel The Melody,,
2019-05-03,87,Carly Rae Jepsen – First Time,"Catchy and decent, listening to this again has got me feeling like it’s the *first time*. 87/100",Carly Rae Jepsen,First Time,,,Carly Rae Jepsen,First Time,,
2019-05-03,84,Alexander Rybak – Return,a Return to form for Rybak after Fairytale and Europe’s Skies (and arguably Leave Me Alone). 84/100,Alexander Rybak,Return,,,Alexander Rybak,Return,,
2019-05-03,88,Alexander Rybak – Leave Me Alone,"es pop (similar to Papparazi). The violin adds a cool touch, and the tune’s pretty enjoyable. 88/100",Alexander Rybak,Leave Me Alone,,,Alexander Rybak,Leave Me Alone,,
2019-05-04,87,MOMOLAND (모모랜드) _ BBoom BBoom (뿜뿜),"Catchy and cool, this song indeed creates some *BBoom BBoom*. 87/100",뿜뿜,MOMOLAND (모모랜드) _ BBoom BBoom (뿜뿜),,,뿜뿜,MOMOLAND (모모랜드) _ BBoom BBoom (뿜뿜),,
2019-05-05,87,RADWIMPS – Yumetourou,verse in the fast part. The final 30 seconds is done well with a fitting feeling. Very good. 87/100,RADWIMPS,Yumetourou,,,RADWIMPS,Yumetourou,,
2019-05-06,88,K/DA – POP/STARS,"Catchy and well done, another solid LOL song after Legends Never Die. 88/100",K/DA,POP/STARS,,,K/DA,POP/STARS,,
2019-05-07,86,Manu Gavassi – Hipnose,"With a groovy sax, this song is indeed Hipnose (Hypnosis), 86/100",Manu Gavassi,Hipnose,,,Manu Gavassi,Hipnose,,
2019-05-07,80,Christina Grimmie – I Bet You Don’t Curse God,"h to feel unique. Indeed, this song is definitely not bad and it won’t cause me to curse god. 80/100",Christina Grimmie,I Bet You Don’t Curse God,,,Christina Grimmie,I Bet You Don’t Curse God,,
2019-05-08,86,Halsey – Colors,"lody and message (especially motifs of grey, blue, etc.), this song indeed has many *colors*. 86/100",Halsey,Colors,,,Halsey,Colors,,
2019-05-08,85,JRAFFE – California,"for another California, this song is nevertheless groovy and cool. I’ll take what I can get. 85/100",California,JRAFFE,,,California,JRAFFE,,
2019-05-09,84,Ivy Levan – The Dame Says,"With a cool backing beat, this unusual pop song is done well. 84/100",Ivy Levan,The Dame Says,,,Ivy Levan,The Dame Says,,
2019-05-09,90,A. Piazzolla – Libertango,gnificent work that is Libertango. The song gets awesome especially when the violin comes in. 90/100,A. Piazzolla,Libertango,,,A. Piazzolla,Libertango,,
2019-05-10,95,Loreen – My Heart is Refusing Me,"c sounds to begin with and grows towards a great chorus, inferring her success with Euphoria. 95/100",Loreen,My Heart is Refusing Me,,,Loreen,My Heart is Refusing Me,,
2019-05-11,76,Rosendale – Fairytale,lly with the nice lyrics “drink up all your money to forget the world we’re in”. Final score: 76/100,Rosendale,Fairytale,,,Rosendale,Fairytale,,
2019-05-12,88,Steve Aoki – Lie To Me feat. Ina Wroldsen,"t contributes to the catchiness of the song, especially when she sings “lie lie lie lie lie”. 88/100",Steve Aoki,Lie To Me feat. Ina Wroldsen,,,Steve Aoki,Lie To Me feat. Ina Wroldsen,,
2019-05-13,80,One Direction – Drag Me Down,"ry famous, the rock bassline is done quite well, and it seems like nobody can drag them down. 80/100",One Direction,Drag Me Down,,,One Direction,Drag Me Down,,
2019-05-14,90,Lawson – Mountains,"rst listening to it, I retain still same rating; pretty decent song even with the “whoa oh oh” idea.",Lawson,Mountains,,,Lawson,Mountains,,
2019-05-15,92,Chris Cornell – You Know My Name,"il, in a way, you could argue that his “You Know My Name” is just as proud as the religious verison.",Chris Cornell,You Know My Name,,,Chris Cornell,You Know My Name,,
2019-05-16,84,Katy Perry – Déjà Vu,"op hit from Katy, this is unfortunately probably one of the only good songs on her new album. 84/100",Katy Perry,Déjà Vu,,,Katy Perry,Déjà Vu,,
2019-05-16,69,Imagine Dragons – I Bet My Life,"he song was good, but it’s gotten old and the repetitive “I bet my life on you” gets mundane. 69/100",Imagine Dragons,I Bet My Life,,,Imagine Dragons,I Bet My Life,,
2019-05-17,94,Britney Spears – Break The Ice,"Britney proves that she can indeed *Break the Ice*, and make you feel hots, hots, hots, hots. 94/100",Britney Spears,Break The Ice,,,Britney Spears,Break The Ice,,
2019-05-18,84,Delain – We Are The Others,"a little cheesy, but I’ve since seen few symphonic metal songs like this one. Final Verdict: 84/100",Delain,We Are The Others,,,Delain,We Are The Others,,
2019-05-20,88,The Presets – Downtown Shutdown,"Intriguing but also fun funk, this is indeed the Downtown Shutdown. 88/100",The Presets,Downtown Shutdown,,,The Presets,Downtown Shutdown,,
2019-05-20,88,Blackhole Blitz – Gooseworx,"ars later (2021): Unfortunately, the song’s lost its innovative factor and is slightly worse. 88/100",Blackhole Blitz,Gooseworx,,,Blackhole Blitz,Gooseworx,,
2019-05-20,89,Tyler Ward – A Song For Christina,"calming yet charged with emotion, this song for Christina is worthy of being called great. 89/100",Tyler Ward,A Song For Christina,,,Tyler Ward,A Song For Christina,,
2019-05-21,71,Meghan Trainor – Better When I’m Dancin’,bah” along with the repetitive lyrics makes me feel it’s just not impressive enough. Removed. 71/100,Meghan Trainor,Better When I’m Dancin’,,,Meghan Trainor,Better When I’m Dancin’,,
2019-05-22,78,Sweeter Than Fiction – Taylor Swift,"I will say that this song doesn’t seem to have anything really special going on. Sorry, Tay. 78/100",Taylor Swift,Sweeter Than Fiction,,,Taylor Swift,Sweeter Than Fiction,,
2019-05-22,96,Michael Jackson – Black or White,"Not a bad message, MJ delivers another catchy and neat song. 96/100",Michael Jackson,Black or White,,,Michael Jackson,Black or White,,
2019-05-22,73,LÉON – You And I,"y faves, but I do think it deserved to win, with the other entries not being that impressive. 73/100",LÉON,You And I,,,LÉON,You And I,,
2019-05-23,89,Splash Free – Watanabe Yasushi,"kick kick, oh oh, giving illusion of deep, deep, deep, oh, oh, and indeed, it splashes free! 89/100",Splash Free,Watanabe Yasushi,,,Splash Free,Watanabe Yasushi,,
2019-05-24,80,I Dreamed a Dream · Chase Holfelder,fulfills the already sad lyrics even more and provides a darker and arguably better version. 80/100,Chase Holfelder,I Dreamed a Dream · Chase Holfelder,,,Chase Holfelder,I Dreamed a Dream · Chase Holfelder,,
2019-05-26,98,Eric Clapton – Layla,"ave been clearly premeditated, yet still maintains a feeling of organic spontaneity.” /thethirdcurry",Eric Clapton,Layla,,,Eric Clapton,Layla,,
2019-05-28,95,Michael Jackson – Give In To Me,"cool, sleek and well done, even I’m giving in to him. 95/100",Michael Jackson,Give In To Me,,,Michael Jackson,Give In To Me,,
2019-05-28,88,Bag Raiders – Golden Wings,"the 95~97’s, there’s clearly no room left for an electronic song like this one. Final rating: 88/100",Bag Raiders,Golden Wings,,,Bag Raiders,Golden Wings,,
2019-05-29,88,How Far I’ll Go – Auli’i Cravalho,both the original and Chase’s minor cover are in my favorites. Who knows how far they’ll go? 88/100,Auli’i Cravalho,How Far I’ll Go,,,Auli’i Cravalho,How Far I’ll Go,,
2019-05-30,91,Ava Max – Salt,"Catchy and empowering for females, I’m not one to be *salty* about this song. 91/100",Ava Max,Salt,,,Ava Max,Salt,,
2019-05-30,89,Malinda – Surrender,"With a brooding sound, this song is mysterious and cool to listen to. 89/100",Malinda,Surrender,,,Malinda,Surrender,,
2019-06-01,87,Zhou jie lun – Blue and White Porcelain (青花瓷),"Though it’s not very powerful, it creates a fresh and unique melody that’s nice to listen to. 87/100",Blue and White Porcelain (青花瓷),Zhou jie lun,,,Blue and White Porcelain (青花瓷),Zhou jie lun,,
2019-06-02,91,Foster The People – Sit Next to Me,"Groovy and well-composed, this song makes me agree with their words, “sit next to me”. 91/100",Foster The People,Sit Next to Me,,,Foster The People,Sit Next to Me,,
2019-06-05,87,Jiydesh – Sen,"Though repetitive, Sen is groovy and uses the sax to keep the love lyrics interesting. 87/100",Jiydesh,Sen,,,Jiydesh,Sen,,
2019-06-06,95,Alexander Rybak – Fairytale,"t adds an additional layer of mystery and coolness. 95/100, subtracted points for the hand clapping.",Alexander Rybak,Fairytale,,,Alexander Rybak,Fairytale,,
2019-06-06,82,Tony Carey – Looking At The Moon,"cision, but it definitely provides a decent contrast to Staring while providing its own good melody.",Looking At The Moon,Tony Carey,,,Looking At The Moon,Tony Carey,,
2019-06-11,77,Avicii – Hey Brother,"It’s a bit overplayed, but the beat is infectious and the song is quite alright overall. 77/100",Avicii,Hey Brother,,,Avicii,Hey Brother,,
2019-06-12,73,Daya – New,"might be removed” for now, especially with the chord progression and not super unique lyrics. 73/100",Daya,New,,,Daya,New,,
2019-06-13,89,Grimes – REALiTi,"’m usually used to, but the dreamy voice isn’t badly used, and the song isn’t mundane at all. 89/100",Grimes,REALiTi,,,Grimes,REALiTi,,
2019-06-16,91,Carly Rae Jepsen – Roses,"t feeling of the singer, it might be overall better done than a song like “It’s Raining After All”.)",Carly Rae Jepsen,Roses,,,Carly Rae Jepsen,Roses,,
2019-06-18,95,Rafferty – Glitter,"teresting with the vocal harmonization.
91(first listen)
 92 (re-listen)  
final Verdict: 95/100 (A)",Rafferty,Glitter,,,Rafferty,Glitter,,
2019-06-18,87,Panic! At The Disco: I Write Sins Not Tragedies,"Another decent hit from the band, though curious title and message. 87/100",Panic! At The Disco,I Write Sins Not Tragedies,,,Panic! At The Disco,I Write Sins Not Tragedies,,
2019-06-19,87,The Weeknd – Rockin’,"Decent melody and beat provide a song that’s “rockin'”, indeed. 87/100",The Weeknd,Rockin’,,,The Weeknd,Rockin’,,
2019-06-20,88,Skillet – I want to live,"ng was made in a dangerous situation, it would definitely convey the idea of wanting to live. 88/100",Skillet,I want to live,,,Skillet,I want to live,,
2019-06-21,90,Orange caramel – magic girl,though the theme is silly it is executed well. 90/100,Orange caramel,magic girl,,,Orange caramel,magic girl,,
2019-06-22,87,Underground – Lindsey Stirling,"A bit simplistic for Lindsey, but seems like a good album opener with much promise. 87/100",Lindsey Stirling,Underground,,,Lindsey Stirling,Underground,,
2019-06-24,88,Rebecca Black – Heart Full of Scars,"Thousands of times better than Friday, Rebecca shows her promise yet. 88/100",Rebecca Black,Heart Full of Scars,,,Rebecca Black,Heart Full of Scars,,
2019-06-25,79,ILLENIUM – Crashing,"w and far and few in between, but what’s there ensures the song doesn’t come *crashing* down. 79/100",ILLENIUM,Crashing,,,ILLENIUM,Crashing,,
2019-06-26,89,Molly Sanden – freak,"emotionally sung, the song is well done overall. 89/100",freak,Molly Sanden,,,freak,Molly Sanden,,
2019-06-27,87,Shy Martin – good together,melody and voice work Good Together. I especially like the line “Fuck it till we’re through”. 87/100,Shy Martin,good together,,,Shy Martin,good together,,
2019-06-30,70,The Beatles – Penny Lane,e while Penny Lane holds back no subtleties to listen to or melodies contrasting against each other.,The Beatles,Penny Lane,,,The Beatles,Penny Lane,,
2019-07-02,40,M.A.A.D. city – Kendrick Lamar,"g should give you, fear should not be there. The 40 points here is just appreciation for the lyrics.",Kendrick Lamar,M.A.A.D. city,,,Kendrick Lamar,M.A.A.D. city,,
2019-07-02,90,Misterwives – Our Own House,ways high up there” is indeed a small problem that prevents this from getting a higher score. 90/100,Misterwives,Our Own House,,,Misterwives,Our Own House,,
2019-07-03,92,Unlike Pluto – no scrubs,sts and adds enough on the original to make things very interesting and arguably even cooler. 92/100,Unlike Pluto,no scrubs,,,Unlike Pluto,no scrubs,,
2019-07-06,84,Natasha Bedingfield – Pocketful of Sunshine,"a
Take me away (take me away)
A secret place (a secret place)
A sweet escape (a sweet escape)
84/100",Natasha Bedingfield,Pocketful of Sunshine,,,Natasha Bedingfield,Pocketful of Sunshine,,
2019-07-06,84,NOTE: Hiatus for three months,"so I won’t be posting for three months at least. Well, it was good while it lasted! Cya guys later!",NOTE,Hiatus for three months,,,NOTE,Hiatus for three months,,
2019-07-07,50,Most Dazzling Folk Style – Phoenix Legend,"e quite well, even if the ending is a bit repetitive (especially with the little kid singing lol) 81",Phoenix Legend,Most Dazzling Folk Style,,,Phoenix Legend,Most Dazzling Folk Style,,
2019-07-07,70,Unlucky · Kan Wakan,"cky ponders and slowly sinks in the background, though is an interesting listen nevertheless. 70/100",Kan Wakan,Unlucky · Kan Wakan,,,Kan Wakan,Unlucky · Kan Wakan,,
2019-07-11,92,Daughter – Medicine (Sound Remedy Remix),"itely superior to the original – has a lot more flair to it.
“Escape it all, it’s irrelevant”
92/100",Daughter,Medicine (Sound Remedy Remix),,,Daughter,Medicine (Sound Remedy Remix),,
2019-07-13,85,Bryce Vine – La La Land ft. YG,"at. Seems like the type of song you’d listen to on a long car ride on the interstate highway.
85/100",Bryce Vine,La La Land ft. YG,,,Bryce Vine,La La Land ft. YG,,
2019-10-05,81,Semper Fi – Trace Adkins,"It’s a fine song, honestly. The country genre is an odd choice, but it’s also oddly fitting. 81/100",Trace Adkins,Semper Fi,,,Trace Adkins,Semper Fi,,
2019-10-05,91,Lindsey Stirling – Artemis,"through my heart with her titular song of her new album. original rating: 99
4/4/2021 rating: 91/100",Lindsey Stirling,Artemis,,,Lindsey Stirling,Artemis,,
2019-10-07,60,Terminite – Aspiration,"nutes of awesomeness. Original rating: 80
2021 rating: ehhh… actually… pretty boring ,yeah. (60/100)",Terminite,Aspiration,,,Terminite,Aspiration,,
2019-10-07,85,Lindsey Stirling – “Hold My Heart” feat. ZZ Ward,"e song, and ZZ Ward proves to have a little something under my belt. Not bad, not bad at all. 85/100",Lindsey Stirling,“Hold My Heart” feat. ZZ Ward,,,Lindsey Stirling,“Hold My Heart” feat. ZZ Ward,,
2019-10-07,80,Clara C & David Choi – Darling It’s You,calming artists combine to make a decent soft romantic rock song. Not bad at all. Grade: B- (80/100),Clara C & David Choi,Darling It’s You,,,Clara C & David Choi,Darling It’s You,,
2019-10-07,100,"Earth, Wind and Fire – September","Live Version) – Ted Nugent (-31)
9. Sludge – Trevor Rabin (-44)
10. Emerald Eyes – Jimmy Page (-45)","Earth, Wind and Fire",September,,,"Earth, Wind and Fire",September,,
2019-10-07,78,Mondays feat. Lucy – Be With You,"Though very poppy, the tune is quite enjoyable and I’m keeping it my favorites for now. 78/100",Be With You,Mondays feat. Lucy,,,Be With You,Mondays feat. Lucy,,
2019-10-09,23,Zach Williams – Survivor,e as low as I can justify. I’ll reserve 22 for an especially interesting song. Final rating: 23/100.,Survivor,Zach Williams,,,Survivor,Zach Williams,,
2019-10-09,37,Confident  – Steffany Gretzinger & Bobby Strand,"nfortunately, the thin lyrics prove too much and this song doesn’t really work out very well. 37/100",Steffany Gretzinger & Bobby Strand,Confident,,,Steffany Gretzinger & Bobby Strand,Confident,,
2019-10-09,30,Cornerstone – Hillsong Worship,"he only one that stands is Nearer, My God, to Thee, due to the cool nature of the a cappella. 30/100",Hillsong Worship,Cornerstone,,,Hillsong Worship,Cornerstone,,
2019-10-09,85,"Nearer, My God, to Thee | BYU Vocal Point",e and the arrangement. Very nice (though the gimmick does get old over time). 85/100 (Originally 96),,"Nearer, My God, to Thee | BYU Vocal Point",,,,"Nearer, My God, to Thee | BYU Vocal Point",,
2019-10-10,60,"Train – Hey, Soul Sister","night” gets a bit annoying, but honestly, it’s not a bad song, even if off my favorites list. 60/100",Train,"Hey, Soul Sister",,,Train,"Hey, Soul Sister",,
2019-10-11,28,Travis Ryan – Until My Voice Is Gone,"ut songs I don’t like on here– cuz I don’t like ’em! Anyhow, too repetitive. It got annoying. 28/100",Travis Ryan,Until My Voice Is Gone,,,Travis Ryan,Until My Voice Is Gone,,
2019-10-11,70,Maroon 5 – One More Night,"feel with my wider taste, this song’s just too poppy to stay on my list. Not too bad though. 70/100",Maroon 5,One More Night,,,Maroon 5,One More Night,,
2019-10-11,88,Knights of Cydonia · Muse,"Exciting and well-composed, these are knights indeed. 88/100",Muse,Knights of Cydonia · Muse,,,Muse,Knights of Cydonia · Muse,,
2019-10-11,70,FINNEAS –	“I Lost A Friend”,on at least. I’d need a few more listens to be convinced this deserves to be in my faves. 70/100 (?),FINNEAS,“I Lost A Friend”,,,FINNEAS,“I Lost A Friend”,,
2019-10-11,80,“Why Do You Love Me” by Charlotte Lawrence,"good potential. 80/100

7/13 update: wow, Discovery Weekly shown this to me. Huh. What do you know.",Charlotte Lawrence,“Why Do You Love Me”,,,Charlotte Lawrence,“Why Do You Love Me”,,
2019-10-12,90,Derek Hough – Kairos Ft. Lindsey Stirling,"Exciting and very well done, the “right/critical moment” is precisely what this song shows. 90/100",Derek Hough,Kairos Ft. Lindsey Stirling,,,Derek Hough,Kairos Ft. Lindsey Stirling,,
2019-10-12,91,A Reason For Suffering – Static-P,"ionately sung and with a very nice rhythm, “this is not the end, this is not the end” indeed. 91/100",Static-P,A Reason For Suffering,,,Static-P,A Reason For Suffering,,
2019-10-13,95,Europe’s Skies by Alexander Rybak,"With a nice and relatively unique melody, Europe’s Skies is a worthy follow-up to Fairytale. 95/100",Alexander Rybak,Europe’s Skies,,,Alexander Rybak,Europe’s Skies,,
2019-10-13,77,Taylor Swift – Sparks Fly,"is a bit predictable, but the melody is nice and the song isn’t too bad overall. Original Rating: 75",Taylor Swift,Sparks Fly,,,Taylor Swift,Sparks Fly,,
2019-10-13,70,Fall Out Boy – Stay Frosty Royal Milk Tea,ut the chorus is a bit exciting. Whether it stays on my favorite… that is a difficult choice. 70/100,Fall Out Boy,Stay Frosty Royal Milk Tea,,,Fall Out Boy,Stay Frosty Royal Milk Tea,,
2019-10-14,81,Joel Adams – Please Don’t Go,"w(s) go? Haha, just kidding. It’s a decent song overall and the humming is pretty great. 81/100 (B-)",Joel Adams,Please Don’t Go,,,Joel Adams,Please Don’t Go,,
2019-11-19,75,Lil Nas X – Panini,"Road. Say to me, what you want from me, but I’m just not bready yet for a song like this one. 75/100",Lil Nas X,Panini,,,Lil Nas X,Panini,,
2019-11-19,91,Rafferty – Mausoleum,"separating potential love. It’s a stark contrast against his other piece I reviewed, Glitter. 91/100",Rafferty,Mausoleum,,,Rafferty,Mausoleum,,
2019-11-19,73,Let it Go by Idina Menzel,"the movie and listens to this song. It’s decent, alright, but I’m afraid I had to… Let it Go. 73/100",Idina Menzel,Let it Go,,,Idina Menzel,Let it Go,,
2019-11-19,80,MNEK – Tongue,rd but I can see why he won three song contests. It’s a neat song overall and not bad at all. 80/100,MNEK,Tongue,,,MNEK,Tongue,,
2019-11-19,99,Gravity Falls Theme Song – Brother and Sister (A Cappella),"ase, the two showcase amazing talent in only two minutes. A truly well-done a cappella piece. 99/100",Gravity Falls Theme Song,Brother and Sister (A Cappella),,,Gravity Falls Theme Song,Brother and Sister (A Cappella),,
2019-11-30,79,skygge music— hello shadow,s probably much worse than Misery by Maroon 5 or Mad Hatter by Melanie Martinez. Final score: 79/100,hello shadow,skygge music— hello shadow,,,hello shadow,skygge music— hello shadow,,
2019-11-30,79,Between friends — affection,"dditvision winner, but the baseline is undeniable and the hook is decent. Worthy of listening to. 78",Between friends,affection,,,Between friends,affection,,
2019-11-30,90,Potsu — letting go,"the title is head-scratching, but nonetheless the tune is quite groovy and funky. 90/100",Potsu,letting go,,,Potsu,letting go,,
2019-11-30,94,Infected mushroom — guitarmass,"guitar and electronic sound, the song surpasses expectations and is highly unpredictable. 94/100 (A)",Infected mushroom,guitarmass,,,Infected mushroom,guitarmass,,
2019-12-01,80,Unica mulher— anselmo ralph,t the French lyrics twist the sound and the chords are not as predictable as you would think. 80/100,anselmo ralph,Unica mulher— anselmo ralph,,,anselmo ralph,Unica mulher— anselmo ralph,,
2019-12-02,90,Sur Tes Pas — wakfu,"but let’s give them some leeway since the show is awesome. 75/100 for the song, 90/100 for the show.",Sur Tes Pas,wakfu,,,Sur Tes Pas,wakfu,,
2019-12-02,88,Whale ft. Yama — nemurumachi,"g being a kid, with her parents out at work. I’m probably reading into this too much anyways. 88/100",Whale ft. Yama,nemurumachi,,,Whale ft. Yama,nemurumachi,,
2019-12-03,91,Adam Lambert— running,"e name song that reviewed, Adam delivers a strong competition and a rightful song of his own. 91/100",running,Adam Lambert— running,,,running,Adam Lambert— running,,
2019-12-05,95,Seiren Naru Heretics (清廉なるHeretics) — Kegani [Grand/Fate/Order OP],"ening of No Game No Life, but doesn’t include too much to be overwhelming. An excellent arrangement…",Grand/Fate/Order OP,Seiren Naru Heretics (清廉なるHeretics),Seiren Naru Heretics (清廉なるHeretics) — Kegani [Grand/Fate/Order OP],,Grand/Fate/Order OP,Seiren Naru Heretics (清廉なるHeretics),Seiren Naru Heretics (清廉なるHeretics) — Kegani [Grand/Fate/Order OP],
2019-12-06,91,Jilian — within temptation,"It may be quite similar to their song Angel, but I still enjoy the sound and tune. 99.",within temptation,Jilian,,,within temptation,Jilian,,
2019-12-07,92,Sam tinnesz— play with fire,"a very cool minor key song, he’s playing with Fire, and he’s doing it well. 92/100",play with fire,Sam tinnesz— play with fire,,,play with fire,Sam tinnesz— play with fire,,
2019-12-08,84,FDVM — brightest light,"though the title isn’t entirely befitting, the song is still joyous and hopeful. I like it. 84/100",FDVM,brightest light,,,FDVM,brightest light,,
2019-12-08,89,Lenny kravits — low,"roovy and very well done, if it’s true that he’s “got to keep it low”, he’s failing severely. 89/100",low,Lenny kravits,,,low,Lenny kravits,,
2019-12-09,86,Somo — Ride,research purposes should I say. Regardless the song is decently despite it’s obvious message. 86/100,Somo,Ride,,,Somo,Ride,,
2019-12-10,80,Taylor Swift — I know places,"the verses are slightly at odd with the chorus, but the overall song is decently sounding. 80/100",Taylor Swift,I know places,,,Taylor Swift,I know places,,
2019-12-11,60,G-easy — me myself and i,"icking songs not even in my favorites. Whatever, who cares. Anyhow, too predictable and thin. 60/100",G-easy,me myself and i,,,G-easy,me myself and i,,
2019-12-11,87,Carly Rae Jepson— first time,"ended), I liked it. It’s pretty catchy, and helps the mood/theme of the album, E M O T I O N. 87/100",first time,Carly Rae Jepson— first time,,,first time,Carly Rae Jepson— first time,,
2019-12-12,81,Kimi no nawa— kataware doki,ably beautiful and it’s  heart breaking when it suddenly stops in the right time at the film. 81/100,kataware doki,Kimi no nawa— kataware doki,,,kataware doki,Kimi no nawa— kataware doki,,
2019-12-12,65,A fun game to play on this blog: treasure hunt!,"antasy by Kana Nishino
Earth Song by Amadeus String Quartet
O.D.D. by Hey Violet
Glitter by Rafferty",A fun game to play on this blog,treasure hunt!,,,A fun game to play on this blog,treasure hunt!,,
2019-12-14,70,Flying shopping cart — kaitlin Stauffer,"ightly stronger and the rhythm could be Moreno distinctive. Not too shabby though, wordpress. 70/100",kaitlin Stauffer,Flying shopping cart,,,kaitlin Stauffer,Flying shopping cart,,
2019-12-14,65,"Sigala, Ella eyre, Meghan trainor — just got paid","ent concept, even if the rap makes no sense and the chorus loses its spice by the third time. 65/100","Sigala, Ella eyre, Meghan trainor",just got paid,,,"Sigala, Ella eyre, Meghan trainor",just got paid,,
2019-12-14,78,Tailor — step back,"ts a little bit restrained, but the chorus sounds decent and the whole song isn’t too shabby. 78/100",Tailor,step back,,,Tailor,step back,,
2019-12-15,84,Chris Kazarian — How Good the Cold Feels,"uite unique, and I’m looking forward to the future of music if it’s going to sound like this. 84/100",Chris Kazarian,How Good the Cold Feels,,,Chris Kazarian,How Good the Cold Feels,,
2019-12-16,89,Monsune — Out of My Mind,"Similar to Redbone in grooving and being smooth, I can’t get this song Out of My Mind. 89/100",Monsune,Out of My Mind,,,Monsune,Out of My Mind,,
2019-12-19,88,AOA — Heart Attack,"p competition to Demi’s song with the same name, AOA make sure a good song in it’s own right. 88/100",AOA,Heart Attack,,,AOA,Heart Attack,,
2019-12-19,70,Pink Floyd — Dark Side of the Moon,"ever made, the soft spoken voice of Floyd is unfortunately not something that I can get into. 70/100",Pink Floyd,Dark Side of the Moon,,,Pink Floyd,Dark Side of the Moon,,
2019-12-20,81,princess and the frog — almost there,"azzy and decent sounding. I won’t stop reviewing, but I may not like the songs I will review. 81/100",princess and the frog,almost there,,,princess and the frog,almost there,,
2019-12-20,87,Weslee — sweet dreams,"perhaps another redditvision winner. Who knows, perhaps it will be ani shira vision instead. 87/100",Weslee,sweet dreams,,,Weslee,sweet dreams,,
2019-12-21,70,Metallica — One,"nd no obvious flow like Enter Sandman. Nevertheless, an interesting piece worth checking out. 70/100",Metallica,One,,,Metallica,One,,
2019-12-23,66,Rolling Stones — Satisfaction,t too repetitive and I simply can’t understand why this is called one of the best songs ever. 66/100,Rolling Stones,Satisfaction,,,Rolling Stones,Satisfaction,,
2019-12-23,85,Martina McBride — Concrete Angel,"ly different songs, try listening to the message. Perhaps they’re not so different after all. 85/100",Martina McBride,Concrete Angel,,,Martina McBride,Concrete Angel,,
2019-12-24,67,bob Dylan — like a rolling stone,"be the best song ever, it lacks such impact on me. Who knows, maybe I’m an uncultured swine. 67/100",bob Dylan,like a rolling stone,,,bob Dylan,like a rolling stone,,
2019-12-24,82,Ariana Grande — No Tears left to Cry,"hy and empowering break up song, it is indeed true that “I’m pickin it up, I’m pickin it up”. 82/100",Ariana Grande,No Tears left to Cry,,,Ariana Grande,No Tears left to Cry,,
2019-12-25,65,The Who — My generation,as any normal pop song. The old 60’s sounds only seal its fate as completely out of my taste. 65/100,The Who,My generation,,,The Who,My generation,,
2019-12-27,84,Running— Naughty Boy,"decent And well done, I’m definitely adding this bop to my favorites. 84/100",Naughty Boy,Running— Naughty Boy,,,Naughty Boy,Running— Naughty Boy,,
2019-12-28,68,lady Gaga — Always remember us this way,"ely despite her passion and message, I’m a bit too tired of the usual four chord progression. 68/100",lady Gaga,Always remember us this way,,,lady Gaga,Always remember us this way,,
2019-12-28,80,Blunt —veq me tpas ty,"unexplainable title, but it’s got groove and chill potential. Not bad. 80/100",veq me tpas ty,Blunt —veq me tpas ty,,,veq me tpas ty,Blunt —veq me tpas ty,,
2019-12-29,75,jay Cho — Fade Away,ly despite the decent message. I’ll have to take a few more listens to decide if it’s worthy. 75/100,Fade Away,jay Cho,,,Fade Away,jay Cho,,
2019-12-30,80,Lay low — neon vines,"underrated gem, Andrew Huang once again shows good taste and this woman has decent potential. 80/100",Lay low,neon vines,,,Lay low,neon vines,,
2019-12-31,85,Pvris— Hallucinations,"ing wild
New sensations, sweet temptations
I can’t tell what’s real and what’s Hallucinations
85/100",Hallucinations,Pvris— Hallucinations,,,Hallucinations,Pvris— Hallucinations,,
2020-01-01,82,Khalid — Talk,"decent beats and potential, this song is definitely worth Talking about. 82/100",Khalid,Talk,,,Khalid,Talk,,
2020-01-02,84,Ledger — Foreigner,"g, this power pop song is decent and proves she’s no Foreigner when it comes to singing well. 84/100",Foreigner,Ledger,,,Foreigner,Ledger,,
2020-01-03,70,drake — war,probably compare every rap song to these four since I only have four standards to compare to. 70/100,drake,war,,,drake,war,,
2020-01-05,83,panic room — au/ra,"a decently catchy beat, I’d definitely listen to song if I was stuck in a panic room. 83/100",panic room,au/ra,,,panic room,au/ra,,
2020-01-06,77,XXXtenation— sad,"tle iffy. Not bad potential though, quite different from the other four rap songs on my list. 77/100",sad,XXXtenation— sad,,,sad,XXXtenation— sad,,
2020-01-08,81,Super Smash Bros — Lifelight,"p better. 70/100
Amalee’s version provides greater soul and power, still a little repetitive. 81/100",Lifelight,Super Smash Bros,,,Lifelight,Super Smash Bros,,
2020-01-10,80,Alice Chater — Heartbreak Hotel,"interesting tune and chorus, though nothing exceptional. 80/100",Alice Chater,Heartbreak Hotel,,,Alice Chater,Heartbreak Hotel,,
2020-01-12,80,Sylvan Esso – Radio,ther songs uses its clever beat and melody to surpass its limitations and provide a nice hit. 80/100,Sylvan Esso,Radio,,,Sylvan Esso,Radio,,
2020-01-12,100,Brittney Spears — Toxic,"al, MIA – Bad Girls, Demi Lovato – Sorry Not Sorry, Cascada – Everytime We Touch, Avril Lavigne- Hot",Brittney Spears,Toxic,,,Brittney Spears,Toxic,,
2020-01-18,70,Drake — Hotline Bling,"o create a unique enough and cool identity for his song, so it doesn’t get onto my fave list. 70/100",Drake,Hotline Bling,,,Drake,Hotline Bling,,
2020-01-18,89,Vickeblanka— Black Catcher,little beats and rhythm intrigue me and give it potential. Never watched black clover though. 89/100,Black Catcher,Vickeblanka— Black Catcher,,,Black Catcher,Vickeblanka— Black Catcher,,
2020-01-19,77,Selena Gomez — Rare,"as obviously wham bam as her usual/old style, but rather feels like a sleeper hit. Cool idea. 77/100",Selena Gomez,Rare,,,Selena Gomez,Rare,,
2020-01-19,16,Justin Bieber — Yummy,"unding music, and then there is also bad message. This is one of the few songs that accomplish both.",Justin Bieber,Yummy,,,Justin Bieber,Yummy,,
2020-01-20,50,Litty — Meek Mill,ion this song gets worse upon relisten since there’s clearly no innovation or subtle details. 50/100,Meek Mill,Litty,,,Meek Mill,Litty,,
2020-01-20,65,Kendrick Lamar — DNA,a bit unique but it only gives more confusion and difficult to get used to and like the song. 65/100,Kendrick Lamar,DNA,,,Kendrick Lamar,DNA,,
2020-01-20,55,Diamonds — Young Thug,"oying, especially trying to use the word “diamond” as a kind of beat itself. Strange overall. 55/100",Young Thug,Diamonds,,,Young Thug,Diamonds,,
2020-01-20,5,Goodmorningtokyo— tokyo’s Revenge,und seem more fitting for a night time theme and the title is nearly impossible to understand. 5/100,tokyo’s Revenge,Goodmorningtokyo— tokyo’s Revenge,,,tokyo’s Revenge,Goodmorningtokyo— tokyo’s Revenge,,
2020-01-20,40,Goin baby — daBaby,"eed, I fully intend to try to have one song of every rating on my site since I’m running out. 40/100",daBaby,Goin baby,,,daBaby,Goin baby,,
2020-01-20,69,No love — youngboy never broke again,"feel like anything. I can feel he wants you to feel something, but it’s just not quite there. 69/100",youngboy never broke again,No love,,,youngboy never broke again,No love,,
2020-01-20,80,Jhanjar — Karan Aujla/Desi Crew,"Not bad, YouTube. Need more listens to add to my faves, and analysis of lyrics may be coming. 80/100",Karan Aujla/Desi Crew,Jhanjar,,,Karan Aujla/Desi Crew,Jhanjar,,
2020-01-21,60,Could You Believe It — Fetty Wap,"title)??
Doesnt seem very creative, especially with the tune far worse than Happy Halloween. 60/100",Fetty Wap,Could You Believe It,,,Fetty Wap,Could You Believe It,,
2020-01-25,97,VIXX — Hyde,"ontrol”, this song perfectly encapsulates the idea of Jekyl and Hyde. Well done. Original rating: 96",VIXX,Hyde,,,VIXX,Hyde,,
2020-01-25,95,Faith — Stevie Wonder ft. Ariana Grande,"uring the famous blues bars, Stevie nevertheless manages to produce a catchy and decent song. 95/100",Ariana Grande,Faith,,,Ariana Grande,Faith,,
2020-01-26,91,Dream Theater— Pull Me Under,"it doesn’t deserve dropping down to the level of Papermoon, since its idea is a bit more intricate.",Pull Me Under,Dream Theater— Pull Me Under,,,Pull Me Under,Dream Theater— Pull Me Under,,
2020-01-26,8,XXXtenation — Happy Halloween,"treat,” (in Junky’s song) this song fails to create even merely a tolerable mood. Tasteless. 008/100",XXXtenation,Happy Halloween,,,XXXtenation,Happy Halloween,,
2020-01-27,1,flava — waka flocka flame,"assline and a nonsensical message, this song has no flava, except a sour and bad bitter taste. 1/100",waka flocka flame,flava,,,waka flocka flame,flava,,
2020-01-27,85,Autoheart — Stalker’s Tango,"love. Perhaps it’s fitting…. 

Still. After two years, the winner is still **Roll With the Wind.**.",Autoheart,Stalker’s Tango,,,Autoheart,Stalker’s Tango,,
2020-01-28,92,TUYU — It’s Raining After All,"spite its arguably even more simplistic theme.

Final Verdict: A- [on-par ish with Kids in the Dark]",TUYU,It’s Raining After All,,,TUYU,It’s Raining After All,,
2020-01-30,1,Anaconda — Nicki Manaj,"music taste dont
my music taste dont
my music taste dont want none unless you got talent hun
001/100",Nicki Manaj,Anaconda,,,Nicki Manaj,Anaconda,,
2020-02-03,83,Ivy Levan — Killing You ft. sting,"than the chorus, the duet pairs up well together and create a decently unique rock pop song. 83/100",sting,Ivy Levan,,,sting,Ivy Levan,,
2020-02-05,80,Tuyu — アサガオの散る頃に,and very moving. Looks like Tuyu just became two you! (Because I reviewed two of her song she now…),Tuyu,アサガオの散る頃に,,,Tuyu,アサガオの散る頃に,,
2020-02-08,90,Niall Horan— Nice to Meet You,"Smooth and classy, I can say it was nice to hear you too, Niall. 90/100",Nice to Meet You,Niall Horan— Nice to Meet You,,,Nice to Meet You,Niall Horan— Nice to Meet You,,
2020-02-08,55,Meghan Trainor — Nice to Meet Ya,yle clashes with her and she fails to create a mood as convincing as Niall’s same named song. 55/100,Meghan Trainor,Nice to Meet Ya,,,Meghan Trainor,Nice to Meet Ya,,
2020-02-08,85,Unlikely Candidates — Novocaine,"ews than fall Out boy’s same name song. It’s  more subtle and clever, though. Not bad at all. 85/100",Unlikely Candidates,Novocaine,,,Unlikely Candidates,Novocaine,,
2020-02-15,89,Tuyu — ID,"with a cool catchy hook and chorus, Tuyu shows off her versatility with this song. 89/100",Tuyu,ID,,,Tuyu,ID,,
2020-02-15,44,Barenaked ladies— one week,"The title is fitting for my Haitus, but the song itself is not very impressive. 44/100",one week,Barenaked ladies— one week,,,one week,Barenaked ladies— one week,,
2020-02-15,85,Brian Crain — Rain,"Touching and well composed, Brian proves himself good at setting bittersweet moods. 85/100",Brian Crain,Rain,,,Brian Crain,Rain,,
2020-02-16,86,三月のパンタシア 『三月がずっと続けばいい』,"strong melody and beat, this song drew me in from the very start. A worthy listen. 86/100 (pending)",三月がずっと続けばいい,三月のパンタシア 『三月がずっと続けばいい』,,,三月がずっと続けばいい,三月のパンタシア 『三月がずっと続けばいい』,,
2020-02-16,88,三月のパンタシア 『青春なんていらないわ』,"g what chords and melodies suck me in. Whoeee! As doctor who would say, molto bene. 88/100 (pending)",青春なんていらないわ,三月のパンタシア 『青春なんていらないわ』,,,青春なんていらないわ,三月のパンタシア 『青春なんていらないわ』,,
2020-02-16,79,三月のパンタシア 『パステルレイン』,"laying is amazing! Holy crap, I must listen to all of their songs now! Original Rating: 89 (pending)",パステルレイン,三月のパンタシア 『パステルレイン』,,,パステルレイン,三月のパンタシア 『パステルレイン』,,
2020-02-16,75,「星の涙」三月のパンタシア,Phantasia (“three month phantasia”) shows their ability to compose slow songs as well. 75/100 (hmmm),,「星の涙」三月のパンタシア,,,,「星の涙」三月のパンタシア,,
2020-02-20,70,It’s the Most Wonderful Time of the Year,"It’s okay.
Just felt like randomly posting a Christmas song review for memes.
70/100",,It’s the Most Wonderful Time of the Year,,,,It’s the Most Wonderful Time of the Year,,
2020-02-21,99,cafe de Touhou,"st never review albums, but this mood was so soothing and the collection is incredibly solid. 99/100",,cafe de Touhou,,,,cafe de Touhou,,
2020-02-21,80,【Lowland Jazz】純情スカート,"Catchy and decent, this is a rare jazz song on my playlist (despite the playlist’s name). 80/100",Lowland Jazz,【Lowland Jazz】純情スカート,,,Lowland Jazz,【Lowland Jazz】純情スカート,,
2020-02-25,75,Roddy Ricch – The Box,"of the song being about his awesomeness, it is muddled enough to create an ambiguous effect. 75/100",The Box,Roddy Ricch,,,The Box,Roddy Ricch,,
2020-02-25,99,Simply Three – Heart’s Harmony,"their other song, Maverick, and even then it comes down to personal taste to compare the two. 99/100",Simply Three,Heart’s Harmony,,,Simply Three,Heart’s Harmony,,
2020-02-25,94,Dimash Kudaibergen – SOS d’un terrien en détresse,"otherwise be near impossible for most singers, truly fulfilling the idea of “SOS”. Well done! 94/100",Dimash Kudaibergen,SOS d’un terrien en détresse,,,Dimash Kudaibergen,SOS d’un terrien en détresse,,
2020-03-01,3,Take a Step Back — XXXtenation,"s title through his song? Almost screamo rap, this absurd song is pointless and poorly made. 003/100",XXXtenation,Take a Step Back,,,XXXtenation,Take a Step Back,,
2020-03-01,84,Jacob Collier — Time Alone With You,autiful girl in the world” is a double edged sword with uniqueness but also a little jarring. 84/100,Jacob Collier,Time Alone With You,,,Jacob Collier,Time Alone With You,,
2020-03-05,88,Animenz— this is (not) the end,the song perfectly encapsulates the spirit of not giving up which fits this blog rather well. 88/100,this is (not) the end,Animenz— this is (not) the end,,,this is (not) the end,Animenz— this is (not) the end,,
2020-03-06,80,Celtic woman — nil se’n la,"With a nice Tune, the artist proved she’s not just a one hit wonder. 80/100",Celtic woman,nil se’n la,,,Celtic woman,nil se’n la,,
2020-03-08,68,Melanie Martinez — Strawberry Shortcake,"its not a bad song, but the melody is just a bit too weak with no true focus. 68/100",Melanie Martinez,Strawberry Shortcake,,,Melanie Martinez,Strawberry Shortcake,,
2020-03-08,24,LMFAO — Sexy and I Know It,against my recently liked songs with getting into more J pop or meaningful rap. Unfortunate. 24/100,LMFAO,Sexy and I Know It,,,LMFAO,Sexy and I Know It,,
2020-03-08,28,LMFAO — Party Rock Anthem,"While I’m not entirely against the electronic sound, it’s just a bit too repetitive overall. 28/100",LMFAO,Party Rock Anthem,,,LMFAO,Party Rock Anthem,,
2020-03-09,87,Dorothy — Raise Hell,with a gritty and tight chord/bass line with rhythm to create a relatively unique rock song. 87/100,Dorothy,Raise Hell,,,Dorothy,Raise Hell,,
2020-03-11,87,Billie Eilish— bad guy,"the ending is a bit strange, but the song overall is cool and well done. 87/100",bad guy,Billie Eilish— bad guy,,,bad guy,Billie Eilish— bad guy,,
2020-03-12,84,NF – Time,"id, this song is looking to shape up as my possible new fifth rap song…. we will have to see. 84/100",NF,Time,,,NF,Time,,
2020-03-13,78,Mirei – Lonely in Tokyo,lacks the hard punch offered by the three time song contest winner. A little too repetitive. 78/100,Lonely in Tokyo,Mirei,,,Lonely in Tokyo,Mirei,,
2020-03-14,80,cloudfield – Fantasy (ft. Reichuu),"than Kana Hashino, but for now it’s just as much a guilty pleasure with seeming no substance. 80/100",cloudfield,Fantasy (ft. Reichuu),,,cloudfield,Fantasy (ft. Reichuu),,
2020-03-16,2,fr fr – Wiz Khalifa,"proud, etc. But it’s still undeniably repetitive and the robotic sounds don’t sound artful at all!)",Wiz Khalifa,fr fr,,,Wiz Khalifa,fr fr,,
2020-03-16,76,Rebecca Black – Friday,ver heard. 0.00/100 (three zeroes with period now so I can look up all my horrible songs later haha),Rebecca Black,Friday,,,Rebecca Black,Friday,,
2020-03-16,82,Justin Bieber – Baby,"been fine. Sadly, it is Justin himself, a really bad singer. And you thought Yummy was bad. 0.00/100",Justin Bieber,Baby,,,Justin Bieber,Baby,,
2020-03-16,50,“Sweatshirt” – Jacob Sartorius,"of the way. A kid sings an extremely cringy song.
Horrible version of “toothbrush” by DNCE.
0.00/100",Jacob Sartorius,“Sweatshirt”,,,Jacob Sartorius,“Sweatshirt”,,
2020-03-17,92,"TUYU – I’m getting on the bus to the other world, see ya!","y e s
this gal certainly ain’t a one hit wonder!
92/100",TUYU,"I’m getting on the bus to the other world, see ya!",,,TUYU,"I’m getting on the bus to the other world, see ya!",,
2020-03-18,88,Tatsuya – Ordinary Day,"if this is merely his ordinary day, I’d love to hear the best day of his life. 88/100",Tatsuya,Ordinary Day,,,Tatsuya,Ordinary Day,,
2020-03-18,86,Easier – 5 Seconds of Summer,"etely dominates this song. Well done… if only a little too short. (What is this, Eurovision?) 86/100",5 Seconds of Summer,Easier,,,5 Seconds of Summer,Easier,,
2020-03-20,92,Dua Lipa – Physical,composed beat. Not bad at all… even if arguably not as unique as other Redditvision winners. 92/100,Dua Lipa,Physical,,,Dua Lipa,Physical,,
2020-03-20,100,Each Rating and a Sample song,"man

“101/100” – Given only to a *very special song* — Jake Paul – It’s Everyday Bro

To be updated…",a Sample song,Each Rating,,,a Sample song,Each Rating,,
2020-03-20,85,Doja Cat – Say So,"ese songs, Doja Cat is certainly insanely creative for an American (not to be stereotypical). 85/100",Doja Cat,Say So,,,Doja Cat,Say So,,
2020-03-20,26,Tooji – Stay,"d, and the composer should feel bad. Original rating: 46
New rating (One year later in 2021): 26/100",Stay,Tooji,,,Stay,Tooji,,
2020-03-20,84,The “My five rap songs” argument,bly say that I just like the catchy fast raps for these ones. Maybe Mori’s an exception to the role…,,The “My five rap songs” argument,,,,The “My five rap songs” argument,,
2020-03-21,11,LIL UZI VERT — Baby Pluto,"Too much autotune. As for the rest, Please see my four rap songs argument.
011/100",LIL UZI VERT,Baby Pluto,,,LIL UZI VERT,Baby Pluto,,
2020-03-23,86,Panic at the Disco – House of Memories,"ith the “oh, whoa whoa oh” cliche used in the song, the cool minor key theme makes up for it. 86/100",Panic at the Disco,House of Memories,,,Panic at the Disco,House of Memories,,
2020-03-23,91,Eir Aoi	— Lapis Lazuli,"this edition), yet I personally think Hey Look Ma is far worse, so it’s really about personal taste.",Eir Aoi,Lapis Lazuli,,,Eir Aoi,Lapis Lazuli,,
2020-03-23,89,Loren Allred – Never Enough,"Holfelder
I’ll Never Fall in Love Again

Ludovico Einaudi
Nuvole Bianche

Loren Allred
Never Enough",Loren Allred,Never Enough,,,Loren Allred,Never Enough,,
2020-03-23,76,My “Winners + Loser’s Collection”,", Merry Go Round, Stranger Things, Look What, Wait on Me, Thief, Popcorn Funk, Dumhdurum, Get Tired,",,My “Winners + Loser’s Collection”,,,,My “Winners + Loser’s Collection”,,
2020-03-23,94,My own composition: A Piano Battle of Fire and Ice,"s well achieved, and though the song is a tad short it feels enjoyable to play and listen to. 94/100",Ice,My own composition: A Piano Battle of Fire,,,Ice,My own composition: A Piano Battle of Fire,,
2020-03-24,77,MKTO – Goodbye Song,"ng, this would probably be it. The weakest of them all, but not a true rap song to be honest. 77/100",MKTO,Goodbye Song,,,MKTO,Goodbye Song,,
2020-03-25,84,MISSIO — Bottom Of The Deep Blue Sea,"le lover…
Still don’t know your name, Miss Honey (Sunny?)
Let’s go up in flames, pretty lady”
84/100",MISSIO,Bottom Of The Deep Blue Sea,,,MISSIO,Bottom Of The Deep Blue Sea,,
2020-03-25,85,Carole and Tuesday – The Loneliest Girl,"each there, despite the message and the theme. It’s a little too sad, a little too much of a downer.",Carole and Tuesday,The Loneliest Girl,,,Carole and Tuesday,The Loneliest Girl,,
2020-03-25,80,Angela – Light a Fire,"gh. Alright, fine, I prefer Loneliest girl, but don’t be deceived. This one isn’t bad either. 80/100",Light a Fire,Angela,,,Light a Fire,Angela,,
2020-03-26,77,Cycle – Apple Tree,but the melody more than so makes up for it. The title is confusing though. Not bad overall. 77/100,Apple Tree,Cycle,,,Apple Tree,Cycle,,
2020-03-27,84,Kasia Moś – Flashlight,ugh I can see why it didn’t win Eurovision — it’s just a bit too thin and non-unique overall. 84/100,Kasia Moś,Flashlight,,,Kasia Moś,Flashlight,,
2020-03-27,60,Flutter – Felicity Smokes,nning reminds me a little of touch off by uverworld’s beginning. Not much to talk about here. 60/100,Felicity Smokes,Flutter,,,Felicity Smokes,Flutter,,
2020-03-27,88,Set it Off – Hourglass,lfills the theme and hints at them liking the idea of those previously aforementioned lyrics. 88/100,Set it Off,Hourglass,,,Set it Off,Hourglass,,
2020-03-27,88,Hourglass Love – Set It Off,"their usual rock style. A decent song overall, I love the thematic idea. 88/100 (double hourglass B)",Set It Off,Hourglass Love,,,Set It Off,Hourglass Love,,
2020-03-28,89,Set it Off – One Single Second,"orite f-word, but the u and the n you forgot”, Set it Off supports their Midnight album well. 89/100",Set it Off,One Single Second,,,Set it Off,One Single Second,,
2020-03-29,90,The Synth Wars – Jack O’Reilly,(though the second one’s join is a little jarring) to create an overall epic song. Well done. 90/100,Jack O’Reilly,The Synth Wars,,,Jack O’Reilly,The Synth Wars,,
2020-03-29,52,THE CHANCES-R ●TURN A NEW LEAF OVER,Extremely mediocre. Sounds kind of like Beach Boys. 52/100,R ●TURN A NEW LEAF OVER,THE CHANCES-R ●TURN A NEW LEAF OVER,,,R ●TURN A NEW LEAF OVER,THE CHANCES-R ●TURN A NEW LEAF OVER,,
2020-03-30,86,“Contrast” pairs,"-> Never Alone by Barlow Girl (78)
Celloverse by 2Cellos (100) -> Carry You Home by Ward Thomas (70)",,“Contrast” pairs,,,,“Contrast” pairs,,
2020-03-30,90,Fous n’importe où – Daniel belanger,"und. I like the idea that he’s so in love he doesn’t care, he’ll go anywhere. 90/100 (originally 87)",Daniel belanger,Fous n’importe où,,,Daniel belanger,Fous n’importe où,,
2020-03-31,80,Daniel Bélanger – Te quitter,mmendation. It doesn’t have as unique of a gimmick or vocal impression but overall it’s fine. 80/100,Daniel Bélanger,Te quitter,,,Daniel Bélanger,Te quitter,,
2020-03-31,,Battle of the 98’s,"Note: During this battle’s first occurrence, Happy Halloween, a previous 98, has moved on to be 100.",,,,,,,,
2020-04-01,65,Elvis Presley – Always On My Mind,"fine for the most part, but a little mundane for my taste. 65/100",Elvis Presley,Always On My Mind,,,Elvis Presley,Always On My Mind,,
2020-04-01,92,Battle of the 96’s,"long since this, Vanilla has been unfortunately lowered to 92/100 due to my taste growing out of it)",,,,,,,,
2020-04-02,68,Beatles – Getting Better,"M, I thought you knew I didn’t like Beatles. *sigh* at least the title is fitting. It’s fine. 68/100",Beatles,Getting Better,,,Beatles,Getting Better,,
2020-04-02,,Battle of the 95’s,"the 97’s tier, where it just about equals Toi et Moi. As a result, the current best is Jealous Sea.",,,,,,,,
2020-04-02,94,Battle of 92’s,"a year ago, I got tired of Kid in the Dark. The new 94/100 winner is Infected mushroom — guitarmass.",,Battle of 92’s,,,,Battle of 92’s,,
2020-04-03,74,Aimee Mann – Save Me,"A little slow, but I’m not screaming the title while listening to it, so that’s a good sign. 74/100",Aimee Mann,Save Me,,,Aimee Mann,Save Me,,
2020-04-03,,Battle of the 91’s,"Though slow, it endures longer than most of the other’s, and the slow mood is incredibly well done.",,,,,,,,
2020-04-03,93,Battle of the 90’s,"retty solid. Just not as much of a love as some of my other songs. Perhaps some time, it will be 91.",,,,,,,,
2020-04-04,88,Florrie – Experimenting with Rugs,"ndation from RateYourMusic. I like the melody, though the title is a little strange for sure. 88/100",Florrie,Experimenting with Rugs,,,Florrie,Experimenting with Rugs,,
2020-04-04,82,Battle of the 88’s,"letproof is solid but just a bit too slow for me.

The winner is Avril Lavigne’s Wish You Were Here.",,,,,,,,
2020-04-05,,Battle of the 87’s,"s a bit of spice, but it feels a *little* too ordinary compared to Daniel’s cool production effects)",,,,,,,,
2020-04-06,65,The Byrds – Chimes of Freedom,"It’s fine, but it lacks a big umph and I’m not really hearing “freedom” from this. 65/100",The Byrds,Chimes of Freedom,,,The Byrds,Chimes of Freedom,,
2020-04-06,86,Book of Life – I love you too much,", but it is decent and touching, especially the pivotal verse where “heaven knows your name”. 86/100",Book of Life,I love you too much,,,Book of Life,I love you too much,,
2020-04-07,87,Fundamentally Sound – Silhouette,rds “let’s burn out in flames so everyone knows who we are” this song has a lot of potential. 87/100,Silhouette,Fundamentally Sound,,,Silhouette,Fundamentally Sound,,
2020-04-08,61,Juice Wrld – Lucid Dreams,"d it’s hard to find another song worth rating just a tiny bit higher. Therefore, final rating 61/100",Juice Wrld,Lucid Dreams,,,Juice Wrld,Lucid Dreams,,
2020-04-08,82,Sting – Shape of my Heart,"rld, the catchy hook delivers a decent message, even if the vocals arguably aren’t as strong. 82/100",Sting,Shape of my Heart,,,Sting,Shape of my Heart,,
2020-04-09,88,Tricky – Shoffy,"cool, it’s *tricky* to find a major flaw in this song, other than the thin amount of lyrics. 88/100",Shoffy,Tricky,,,Shoffy,Tricky,,
2020-04-10,88,Monsune – Outta My Mind,"Catchy and cool with a Redbone feel, Outta My Mind is refreshing and nicely composed. 88/100",Monsune,Outta My Mind,,,Monsune,Outta My Mind,,
2020-04-11,,Battle of the 85’s,", “one foot in front of another”. (Old me probably would’ve said One drop or Burn, but they got old)",,,,,,,,
2020-04-11,89,Younger Hunger – Fangs,"Cool and well sung, yes, I can see your fangs. 89/100",Fangs,Younger Hunger,,,Fangs,Younger Hunger,,
2020-04-12,70,Candle – Cavetown,"a little mellow, but a fine beat for a song I merely picked randomly. 70/100",Candle,Cavetown,,,Candle,Cavetown,,
2020-04-13,86,The Darkness – Rock and Roll Deserves to Die,"Very ironic, the song rocks and rolls its way through quite well. 86/100",Rock and Roll Deserves to Die,The Darkness,,,Rock and Roll Deserves to Die,The Darkness,,
2020-04-15,86,Carly Rae Jepsen – Want You in My Room,"e snazzy sax only comes in late in the song, and the title is muffled which is a double-edged sword.",Carly Rae Jepsen,Want You in My Room,,,Carly Rae Jepsen,Want You in My Room,,
2020-04-15,67,John Cale – Antarctica Starts Here,"tch,
yes, The anaesthetic is wearing off, Antarctica starts here
[RNB beats continue until song end]",John Cale,Antarctica Starts Here,,,John Cale,Antarctica Starts Here,,
2020-04-16,87,Hidden Citizens ft. Ruelle – Nothing Is As It Seems,"ns). Nevertheless, not a bad build-up at all. I especially like the line “shadow’s disguise”. 87/100",Hidden Citizens ft. Ruelle,Nothing Is As It Seems,,,Hidden Citizens ft. Ruelle,Nothing Is As It Seems,,
2020-04-16,82,Battle of the 84’s,"uably just as creative, especially with the references to the nice story going on.
Very, very sorry.",,,,,,,,
2020-04-17,90,空白ごっこ – リルビィ,"atchy and cool, I’m not even sure what this song is about, but it seems well made regardless. 90/100",空白ごっこ,リルビィ,,,空白ごっこ,リルビィ,,
2020-04-18,87,Illenium – Lonely,"With lots of potential, the electronic artist delivers another hidden gem. 87/100",Illenium,Lonely,,,Illenium,Lonely,,
2020-04-18,89,Young MC – Bust a Move,"is quite fun to listen to. 89/100
I should really check out this guy’s other songs, he seems decent…",Bust a Move,Young MC,,,Bust a Move,Young MC,,
2020-04-19,89,Imagine Dragons – Believer,"with a strong beat and chorus, this song indeed makes me a *believer* in the band’s talents. 89/100",Imagine Dragons,Believer,,,Imagine Dragons,Believer,,
2020-04-20,85,Fort Minor – Believe Me,remarkably well done and the chorus isn’t bad at all. It was right in front of me all along. 85/100,Fort Minor,Believe Me,,,Fort Minor,Believe Me,,
2020-04-21,87,Perfect – Iamnotshane,"ng, the artist’s name with “m” replacing the n in “shane” ironically is quite close. Not bad. 87/100",Perfect,Iamnotshane,,,Perfect,Iamnotshane,,
2020-04-22,65,Linkin Park – In the End,. It’s hard to believe it’s the same Fort Minor. But the chorus is fine. so… 65/100. Barely passing.,Linkin Park,In the End,,,Linkin Park,In the End,,
2020-04-23,94,YOASOBI – Racing Into the Night,add this excellent J-rock song. Well made. Stiff competition even against “Kids in the Dark”. 94/100,YOASOBI,Racing Into the Night,,,YOASOBI,Racing Into the Night,,
2020-04-24,84,11 Acorn Lane – Story Time,"Jazzy and chill, the only flaw is the repetitiveness of the song. 84/100",11 Acorn Lane,Story Time,,,11 Acorn Lane,Story Time,,
2020-04-24,86,Lindsey Stirling — Sleepwalking,"s the four chord progression again with a nice glissando and catchy rhythm. Well done, again. 86/100",Lindsey Stirling,Sleepwalking,,,Lindsey Stirling,Sleepwalking,,
2020-04-25,74,Like the Wind (Blind the Wind) — ??,"t catchy chorus. It’s kind of a bop, really. A shame the artist is still hidden to the world. 74/100",??,Like the Wind (Blind the Wind),,,??,Like the Wind (Blind the Wind),,
2020-04-26,,Battle of the 86’s,nces and makes me feel something’s missing (especially with White Stripes’ cool rock and roll feel).,,,,,,,,
2020-04-26,80,Hero Too – My Hero Academia,"gainst the Current, and Eri’s smile is priceless. 1 0 0 / — okay fine that’s overrating it 😛
80/100.",Hero Too,My Hero Academia,,,Hero Too,My Hero Academia,,
2020-04-26,88,Illenium – Lost,"hat. In a way, I’m fine with paying attention to the music, but here, “I’m better Lost”. 88/100 (B+)",Illenium,Lost,,,Illenium,Lost,,
2020-04-27,90,MAYLYN – Something Good,A perfectly fitting title. 90/100,Something Good,MAYLYN,,,Something Good,MAYLYN,,
2020-04-28,88,Sheppard – Come Back,"Chilly and relaxing, this is indeed his *come back*. 88/100",Sheppard,Come Back,,,Sheppard,Come Back,,
2020-04-29,87,Set It Off – Catch Me If You Can,"Cool and even a bit sleek, this is a very nice addition to their newest album. 87/100",Set It Off,Catch Me If You Can,,,Set It Off,Catch Me If You Can,,
2020-04-30,90,june – A Little Messed Up,song is so cool and well made that it covers up any mistakes she might have made in the song. 90/100,june,A Little Messed Up,,,june,A Little Messed Up,,
2020-05-01,74,Avril Lavigne – We Are Warriors,"Moving, but not creative enough. 74/100",Avril Lavigne,We Are Warriors,,,Avril Lavigne,We Are Warriors,,
2020-05-01,81,Jessie Ware – Spotlight,"sion winner, this sleek song with 1980’s feel definitely is quite innovative and interesting… 81/100",Jessie Ware,Spotlight,,,Jessie Ware,Spotlight,,
2020-05-01,100,Battle of the 100’s,". The bigger story could win overall, but alone, without context, it’s the worst 100/100 on my list.",,,,,,,,
2020-05-02,87,The Weeknd – Blinding Lights,"Catchy and well done, the song is more subtle than it seems. 87/100",The Weeknd,Blinding Lights,,,The Weeknd,Blinding Lights,,
2020-05-02,70,Bobby McFerrin – Don’t Worry Be Happy,"It’s not a bad song, but I’ve since grown out of simple and chill-relax type. 70/100",Bobby McFerrin,Don’t Worry Be Happy,,,Bobby McFerrin,Don’t Worry Be Happy,,
2020-05-04,86,That’s What I Like – Bruno Mars,"that’s what I like,
that’s what I like
lucky for Mars that’s what I like,
that’s what I like
86/100",Bruno Mars,That’s What I Like,,,Bruno Mars,That’s What I Like,,
2020-05-05,97,If You Want Me To Stay – Sly & The Family Stone,"res, I’m feeling generous enough to grant this a 97/100. (the 100’s are dropping like flies anyways)",Sly & The Family Stone,If You Want Me To Stay,,,Sly & The Family Stone,If You Want Me To Stay,,
2020-05-06,91,A song made entirely from videos that people sent via Twitter — Brett Domino + various artists,"cool, and the hindi vocals combined with fast rapping add up to a nicely done collaboration. 91/100",A song made entirely from videos that people sent via Twitter,Brett Domino + various artists,,,A song made entirely from videos that people sent via Twitter,Brett Domino + various artists,,
2020-05-07,86,Sneaker Pimps – 6 Underground,"st its novelty factor like many other songs, and results in an overall merely “decent” song. 86/100.",Sneaker Pimps,6 Underground,,,Sneaker Pimps,6 Underground,,
2020-05-08,88,Ariana Grande & Justin Bieber – Stuck with U,"quarantine, JB actually does pretty well even with the talented singer at his side. Not bad. 88/100",Ariana Grande & Justin Bieber,Stuck with U,,,Ariana Grande & Justin Bieber,Stuck with U,,
2020-05-11,87,Leonell Cassio – Sittin’ Throwin’ Rocks,"mends from Discovery Weekly, the title is very fitting, and the song is quite decent overall. 87/100",Leonell Cassio,Sittin’ Throwin’ Rocks,,,Leonell Cassio,Sittin’ Throwin’ Rocks,,
2020-05-12,50,Martina McBride – I’m Gonna Love You Through It,fferent feel huh (I’m Gonna Love You Like I’m Gonna lose You)? Anyhow. Standard country fare. 50/100,Martina McBride,I’m Gonna Love You Through It,,,Martina McBride,I’m Gonna Love You Through It,,
2020-05-12,89,Seal – Crazy,"more of his songs, in anticipation of his Kiss winning against Tuyu’s pop hit… we shall see. 89/100",Seal,Crazy,,,Seal,Crazy,,
2020-05-12,70,Killer Queen – Queen,"On My Mind – Elvis Presley (-32)
9. Heart On My Sleeve – Ringo Starr (-34)
10. Ink – Coldplay (-60)",Queen,Killer Queen,,,Queen,Killer Queen,,
2020-05-14,80,Seal – It’s A Man’s Man’s Man’s World,"n I expected! Not bad, not bad at all. Even on first listen his message and melody seem nice. 80/100",Seal,It’s A Man’s Man’s Man’s World,,,Seal,It’s A Man’s Man’s Man’s World,,
2020-05-14,79,Pnau – Changa,"om na na na, oh, indeed. Strange video, but fine music. 79/100",Pnau,Changa,,,Pnau,Changa,,
2020-05-15,90,Rezz & Grabbitz – Someone Else,"cool line “like an angel sent from hell”, indeed, these artists are quite the *someone else*. 90/100",Someone Else,Rezz & Grabbitz,,,Someone Else,Rezz & Grabbitz,,
2020-05-16,80,Within Temptation- Somewhere,"kably similar to Tears of an Angel, this similarly has decent lyrics and slow soothing theme. 80/100",Within Temptation,Somewhere,,,Within Temptation,Somewhere,,
2020-05-16,80,Scissor Seven Opening,"and solid. The “kill chicken/aura” pun seems to be a little silly, but it’s fitting in a way. 80/100",,,,,,,,
2020-05-17,76,The Lonely Island – Jack Sparrow,"Usually I’d be like “four chord sucks”, but this song is clearly satirical and quite funny. 76/100",Jack Sparrow,The Lonely Island,,,Jack Sparrow,The Lonely Island,,
2020-05-18,85,Mr. Daydream – Rx Soul,"relaxing and well composed, the title is very fitting. 85/100",Mr. Daydream,Rx Soul,,,Mr. Daydream,Rx Soul,,
2020-05-19,92,Sting – Desert Rose,"ze I never added this exotic Arabic-sounding classic to my favorites, this is very well made. 92/100",Sting,Desert Rose,,,Sting,Desert Rose,,
2020-05-19,79,Brett Domino – Bad Bad Boy,"n’t reviewed this one, but anyways. Quite catchy despite its gimmick. Not bad bad boy at all. 79/100",Brett Domino,Bad Bad Boy,,,Brett Domino,Bad Bad Boy,,
2020-05-20,96,My Dark Disquiet —  Poets of the Fall,", this is a dark disquiet indeed. I especially like the lyrics “will I get a ride with you”.  96/100",Poets of the Fall,My Dark Disquiet,,,Poets of the Fall,My Dark Disquiet,,
2020-05-21,86,Taylor Swift — You Belong With Me,"depth. A few years ago, I might’ve given this a perfect score, but I’ve grown out of it. 86/100 (B)",Taylor Swift,You Belong With Me,,,Taylor Swift,You Belong With Me,,
2020-05-22,80,OTR – Broken,"Though not yet in my favorites, it has a catchy chorus and is quite decent. 80/100",OTR,Broken,,,OTR,Broken,,
2020-05-22,82,TFboys – Manual of Youth,ars with him and how the youth is much better than adults with their worries. Not bad at all. 82/100,TFboys,Manual of Youth,,,TFboys,Manual of Youth,,
2020-05-23,79,One of These Nights – The Eagles,"way too much. It’s okay, but it’s not Genius. Not sure any song is able to survive that much. 79/100",The Eagles,One of These Nights,,,The Eagles,One of These Nights,,
2020-05-24,,Chris Webby – Our Planet (feat. Bria Lee),the rap lyrics are remarkably important and a big contender for the potential Sixth one on my list.,Chris Webby,Our Planet (feat. Bria Lee),,,Chris Webby,Our Planet (feat. Bria Lee),,
2020-05-25,69,Runaground – Chase You Down,"though only a past favorite and a bit repetitive, the idea isn’t necessarily entirely bad. 69/100",Runaground,Chase You Down,,,Runaground,Chase You Down,,
2020-05-26,84,Lindsey Stirling feat Amy Lee – Love Goes On and On,"lose to normal pop territory, but Lindsey brings a nice umph and the rest of lyrics are fine. 84/100",Lindsey Stirling feat Amy Lee,Love Goes On and On,,,Lindsey Stirling feat Amy Lee,Love Goes On and On,,
2020-05-27,25,The Beatles – Yellow Submarine,keeps getting worse. I think I’ll set this standard as the quarter worst songs. final rating: 25/100,The Beatles,Yellow Submarine,,,The Beatles,Yellow Submarine,,
2020-05-28,88,Kiesza – Hideaway,"finitely not a one hit wonder, even if the “oh, ah, ah, oh” could be argued to be too simple. 88/100",Hideaway,Kiesza,,,Hideaway,Kiesza,,
2020-05-28,,Battle of the 83’s,"to it a lot, explaining why it’s not 84, but it is definitely worthy, and a sleeper hit if you may.",,,,,,,,
2020-05-29,88,Ava Nova – Ramen,"50,000 views (the subreddit’s limit), it greatly challenges my personal best (Jungle, Ta Peau, etc.)",Ava Nova,Ramen,,,Ava Nova,Ramen,,
2020-05-30,82,Hatsune Miku – Freely Tomorrow,"loid song, but the rest sounds pretty close to human, and the tune’s catchy too. Not too bad. 82/100",Hatsune Miku,Freely Tomorrow,,,Hatsune Miku,Freely Tomorrow,,
2020-05-31,90,Swingrowers – No Strings Attached,"incredibly catchy and well written, this caught me on the first listen. Well done. 90/100",Swingrowers,No Strings Attached,,,Swingrowers,No Strings Attached,,
2020-06-01,70,Westlife – My Love,"a little cheesy, but not too shabby overall. 70/100",Westlife,My Love,,,Westlife,My Love,,
2020-06-02,81,TheFatRat – Time Lapse,"creates a unique effect, and though the song’s a bit repetitive I’ll let it stay in my faves. 81/100",TheFatRat,Time Lapse,,,TheFatRat,Time Lapse,,
2020-06-02,92,Sonya Belousova & Giona Ostinelli – Toss a Coin to Your Witcher,"It’s a little bit like a hook, but the well sung melody is fantastic. 92/100",Sonya Belousova & Giona Ostinelli,Toss a Coin to Your Witcher,,,Sonya Belousova & Giona Ostinelli,Toss a Coin to Your Witcher,,
2020-06-03,79,The Chainsmokers & Coldplay – Something Just Like This,"Not bad message, even if a little old by now. 79/100",The Chainsmokers & Coldplay,Something Just Like This,,,The Chainsmokers & Coldplay,Something Just Like This,,
2020-06-04,69,“I’d Like To Teach The World To Sing (In Perfect Harmony),"silly. Felt like mentioning this for no good reason. (Okay fine, Zone tan, but still)

69/100 😉",New Seekers,“I’d Like To Teach The World To Sing (In Perfect Harmony),,,New Seekers,“I’d Like To Teach The World To Sing (In Perfect Harmony),,
2020-06-06,69,Help Me Dr. Dick – E-rotic,"seems like a joke, a ridiculous guilty pleasure if you will. 69/100",E-rotic,Help Me Dr. Dick,,,E-rotic,Help Me Dr. Dick,,
2020-06-07,83,Ludovico Einaudi – Primavera,"Excellently matching the mood of spring, this calming piano song works wonders. 83/100",Ludovico Einaudi,Primavera,,,Ludovico Einaudi,Primavera,,
2020-06-08,80,zumba – Bolly Bhanghra,"y, and the Indian touch provides a refreshing perspective compared to my other regular songs. 80/100",zumba,Bolly Bhanghra,,,zumba,Bolly Bhanghra,,
2020-06-08,89,Siames – The Wolf,"decently catchy and solid, this is an excellent song overall. 89/100",The Wolf,Siames,,,The Wolf,Siames,,
2020-06-09,70,Tasha Cobbs Leonard – You Know My Name ft. Jimi Cravity,is strong in itself. He seems rather focused on his missions to actually go to church often). 70/100,You Know My Name ft. Jimi Cravity,Tasha Cobbs Leonard,,,You Know My Name ft. Jimi Cravity,Tasha Cobbs Leonard,,
2020-06-10,76,Tears For Fears – Head Over Heels,"ous. I may have to take another listen. Right now, only 76/100. Not bad but… eh, it’s lacking a bit.",Tears For Fears,Head Over Heels,,,Tears For Fears,Head Over Heels,,
2020-06-11,85,Timian – Ambrosia,"with high potential, this brooding song is quite interesting. 85/100",Ambrosia,Timian,,,Ambrosia,Timian,,
2020-06-12,82,Battle of the 82’s,e completely solid. (How fitting that the best of the 82’s has an artist with name that has 83… ha.),,,,,,,,
2020-06-12,68,Sam Phillips – I Need Love,"yes, you need love. You’re just a little too underwhelming. 68/100",I Need Love,Sam Phillips,,,I Need Love,Sam Phillips,,
2020-06-12,,iri – wonderland,hy-ness that kinda makes you wanna listen to it all day all day all night all day all day all night.,wonderland,iri,,,wonderland,iri,,
2020-06-13,77,The Waterboys – The Pan Within,m somewhat chaotic). I shall be taking another listen soon enough for a more thorough review. 77/100,The Pan Within,The Waterboys,,,The Pan Within,The Waterboys,,
2020-06-16,84,George Harrison – Isn’t It A Pity,It is a pity. Your song *could* be better. But… I guess it’s fine. 84/100,George Harrison,Isn’t It A Pity,,,George Harrison,Isn’t It A Pity,,
2020-06-16,93,I Fight Dragons – “Pretend”,"Excellent guitar work combined with electronic sounds. No, I am not pretending. 😉

93/100",I Fight Dragons,“Pretend”,,,I Fight Dragons,“Pretend”,,
2020-06-17,79,DADDY! DADDY! DO! — Kaguya-Sama S2 OP,or: the long rating was a lie. He actually likes the repeat just about as much as the short version!,DADDY! DADDY! DO!,Kaguya-Sama S2 OP,,,DADDY! DADDY! DO!,Kaguya-Sama S2 OP,,
2020-06-18,95,Tenacious D – Tribute,’s uniqueness. I really like the lines “when the sun doth shine and the grass doth grow”. 95/100 (A),Tenacious D,Tribute,,,Tenacious D,Tribute,,
2020-06-19,87,Before You Exit – The Butterfly Effect,"soothing and calm, this song has high potential and is quite decent. 87/100",Before You Exit,The Butterfly Effect,,,Before You Exit,The Butterfly Effect,,
2020-06-22,88,Stephen Puth – Watching You Walk Away,his songs provide a remarkably fresh take on pop music and is a great contrast to his style. 88/100,Watching You Walk Away,Stephen Puth,,,Watching You Walk Away,Stephen Puth,,
2020-06-22,97,The Heart of Rock & Roll – Huey Lewis and the News,to say if the nicely composed sax and the melody add up enough to defeat Death of a Bachelor. 97/100,Huey Lewis and the News,The Heart of Rock & Roll,,,Huey Lewis and the News,The Heart of Rock & Roll,,
2020-06-23,60,Mr. Tambourine Man – The Byrds,"22 people averaging to over 4/5, I do not think the song is anything special. It is mediocre. 60/100",The Byrds,Mr. Tambourine Man,,,The Byrds,Mr. Tambourine Man,,
2020-06-24,89,Kimiro Iro Utsuri,"llowed by allusions to love and sorrow, and how the singer likes his potential love interest. 89/100",,Kimiro Iro Utsuri,,,,Kimiro Iro Utsuri,,
2020-06-25,71,Rever Mieux – Daniel Belanger,"not quite as cool as the other song I reviewed from him, but Rever goes along swimmingly. 71/100",Daniel Belanger,Rever Mieux,,,Daniel Belanger,Rever Mieux,,
2020-06-26,80,MLP – This Day Aria,"ery well, especially when you work in education and child care, and your only exposure to My Little…",MLP,This Day Aria,,,MLP,This Day Aria,,
2020-06-28,88,Harry Styles – Watermelon Sugar,ial interpretation about sexual context. Pretty standard stuff. Doesn’t affect my rating. –11/4/2020,Harry Styles,Watermelon Sugar,,,Harry Styles,Watermelon Sugar,,
2020-06-28,99,Infected Mushroom – Heavyweight,at it just doesn’t feel *perfect*. Perhaps a few more listens would truly solidify this song… 99/100,Infected Mushroom,Heavyweight,,,Infected Mushroom,Heavyweight,,
2020-06-29,79,Reversible Campaign – Deco*27,holds back appropriately unlike Rachie being too wordy. Remains to be seen if its potential is good.,Deco*27,Reversible Campaign,,,Deco*27,Reversible Campaign,,
2020-06-30,88,Maisy Kay – Almost Touch Me,es more than merely “almost” touch me. Definitely a potential favorite from Discovery weekly. 88/100,Maisy Kay,Almost Touch Me,,,Maisy Kay,Almost Touch Me,,
2020-07-01,88,Veridia – Blood Diamond,"I love the way she sings “mooon” as well as the Eastern influences. Diamond, indeed. 88/100",Blood Diamond,Veridia,,,Blood Diamond,Veridia,,
2020-07-02,76,Kygo – Stranger Things,". On re-listen, I realize the song just doesn’t have too much stand out factor. Final score: 76/100.",Kygo,Stranger Things,,,Kygo,Stranger Things,,
2020-07-03,78,Shekebon – Vickeblanka,t almost eclipses the half annoying “shaky boom boom” sounding chorus. Kind of catchy though. 78/100,Vickeblanka,Shekebon,,,Vickeblanka,Shekebon,,
2020-07-04,87,Jason Ross – One Look (feat. Heather Sommer),"one listen was enough to impress me, even if the electronic chorus is a little disappointing. 87/100",Jason Ross,One Look (feat. Heather Sommer),,,Jason Ross,One Look (feat. Heather Sommer),,
2020-07-04,89,Tuyu – Bathing in the rain,"she sure does like jazz, rain, and singing about sad relations, but it’s definitely working. 89/100",Tuyu,Bathing in the rain,,,Tuyu,Bathing in the rain,,
2020-07-05,88,Mia Vaile – American Dream,Decently strong and cool beats combine together for a pretty strong song. 88/100,American Dream,Mia Vaile,,,American Dream,Mia Vaile,,
2020-07-06,88,Lissa – Anything But This,"and lyrics, out of the discovery weekly, I’d get rid of anything but *anything but this*. 😉

88/100",Anything But This,Lissa,,,Anything But This,Lissa,,
2020-07-07,89,Golden Child – One (Lucid Dream),and the rap part isn’t bad at all. I will probably add this to my favorites sooner or later. 89/100,Golden Child,One (Lucid Dream),,,Golden Child,One (Lucid Dream),,
2020-07-08,88,Maren Morris – Bones,ore sensible than “I love you beyond the bones” — even if the melody isn’t as strong overall. 88/100,Bones,Maren Morris,,,Bones,Maren Morris,,
2020-07-09,90,Jonth & Tom Wilson – Overdose,"Thankfully, the song does not fulfill the title with too much of anything. Excellent work. 90/100",Jonth & Tom Wilson,Overdose,,,Jonth & Tom Wilson,Overdose,,
2020-07-09,91,Avril Lavigne – Let Me Go,"ainst Papermoon especially with nostalgia factor and unique-ish chords, but a little too repetitive)",Avril Lavigne,Let Me Go,,,Avril Lavigne,Let Me Go,,
2020-07-10,79,NF – Let Me Go,"iece, he knows how to write good lyrics. Just not enough melody to truly add to my favorites… 79/100",NF,Let Me Go,,,NF,Let Me Go,,
2020-07-12,76,Clara Berry and Wooldog – Stella,"ge, the chorus definitely has a lot of potential, even if the message of the song is muddled. 76/100",Stella,Clara Berry and Wooldog,,,Stella,Clara Berry and Wooldog,,
2020-07-13,86,Now That I Found You – Carly Rae Jepsen,"pecially the “mmm” … but taking another listen, perhaps it’s worth a consideration after all… 86/100",Carly Rae Jepsen,Now That I Found You,,,Carly Rae Jepsen,Now That I Found You,,
2020-07-14,88,Carly Rae Jepsen – Making The Most Of The Night,"catchy and nicely done, Carly delivers another bop. 88/100",Carly Rae Jepsen,Making The Most Of The Night,,,Carly Rae Jepsen,Making The Most Of The Night,,
2020-07-15,87,Charlie Puth – BOY,"The jazzy additions are nicely done, and this song is higher quality than his average stuff. 87/100",Charlie Puth,BOY,,,Charlie Puth,BOY,,
2020-07-16,86,Kimi to Koi no mama de Owarenai  – Mai Kuraki,"of D.C.’s best endings, this is well composed and just a short step from potential favorite… 86/100",Mai Kuraki,Kimi to Koi no mama de Owarenai,,,Mai Kuraki,Kimi to Koi no mama de Owarenai,,
2020-07-20,90,Pendulum – Witchcraft,Witchcraft fits its title remarkably well with a strong electronic chorus (and transitions). 90/100,Pendulum,Witchcraft,,,Pendulum,Witchcraft,,
2020-07-20,89,Illenium – Fractures,"dy reviewed this. Anyways, this is one of my sister’s favorite songs and is relatively solid. 89/100",Illenium,Fractures,,,Illenium,Fractures,,
2020-07-20,90,Like A Boy – Nick Pitera,"the-nose, but strong message and nicely sung. 90/100.

Man 90’s is getting really tough competitors.",Nick Pitera,Like A Boy,,,Nick Pitera,Like A Boy,,
2020-07-21,88,Incredibox – The Love,"ect “yeah, with a feelin’ so fun, you gotta go with me” that really makes the song flow well. 88/100",The Love,Incredibox,,,The Love,Incredibox,,
2020-07-22,69,Ava Max – Freaking Me Out,"out. (dangerously close to beating out Papermoon, if it wasn’t so new and a bit repetitive…) 90 /100",Ava Max,Freaking Me Out,,,Ava Max,Freaking Me Out,,
2020-07-22,89,Powfu – death bed,into an excellent lo-fi hip hop melody that just might be the 7th rap song added to my list. 89/100,Powfu,death bed,,,Powfu,death bed,,
2020-07-23,95,St. Vincent – Los Ageless,"d well done, though the electronics are a bit heavy and prevent breaking through this rating. 95/100",St. Vincent,Los Ageless,,,St. Vincent,Los Ageless,,
2020-07-23,84,Alessia Cara – Scars To Your Beautiful,"ng to guide you home, and the violin). Both use “whoa, whoa” chorus so there’s that at least. 84/100",Alessia Cara,Scars To Your Beautiful,,,Alessia Cara,Scars To Your Beautiful,,
2020-07-24,,『NIGHT RUNNING』by Shin Sakiura,"l done, this impresses me so much so that I’ll dare to give it a 100! Don’t disappoint me now, Shin…",Shin Sakiura,『NIGHT RUNNING』by Shin Sakiura,,,Shin Sakiura,『NIGHT RUNNING』by Shin Sakiura,,
2020-07-26,77,Daniel Bélanger – Spoutnik,s himself capable of supporting a slight electronic sound while retaining his acoustic piece. 77/100,Daniel Bélanger,Spoutnik,,,Daniel Bélanger,Spoutnik,,
2020-07-27,65,George Harrison – My Sweet Lord,on’t know why this is higher than 4/5. No special melody or anything. Just religious message. 65/100,George Harrison,My Sweet Lord,,,George Harrison,My Sweet Lord,,
2020-07-28,,Weathers – C’est La Vie,"and well done, this underrated song overwhelms Capital T’s hip hop and Khalid’s four chord nonsense.",Weathers,C’est La Vie,,,Weathers,C’est La Vie,,
2020-07-30,70,Byrds – I’ll Feel a Whole Lot Better,"Sorry Byrds, but I feel a whole lot better with most of my personal favorites. 70/100",Byrds,I’ll Feel a Whole Lot Better,,,Byrds,I’ll Feel a Whole Lot Better,,
2020-07-30,30,Sixto Rodriguez – I Wonder,I wonder why RYM thought this was my type of song… too repetitive. 30/100,Sixto Rodriguez,I Wonder,,,Sixto Rodriguez,I Wonder,,
2020-07-31,33,Byrds – Mr. Tambourine Man,too goddamn old sounding. 33/100,Byrds,Mr. Tambourine Man,,,Byrds,Mr. Tambourine Man,,
2020-08-01,65,Aimee Mann – How Am I Different,"Indeed, a four chord progression rock song about yourself… how are you different? 65/100",Aimee Mann,How Am I Different,,,Aimee Mann,How Am I Different,,
2020-08-01,89,"Coolio – 1,2,3,4 (Sumpin’ New)","e fits perfectly, and the old school rap oozes with strong rhythm and groove. High potential. 89/100",Coolio,"1,2,3,4 (Sumpin’ New)",,,Coolio,"1,2,3,4 (Sumpin’ New)",,
2020-08-02,84,SUNSET / BLU-SWING,is is definitely a high contender for the legendary 5th jazz song on my list. B) Original rating: 92,SWING,SUNSET / BLU-SWING,,,SWING,SUNSET / BLU-SWING,,
2020-08-02,84,秋山黄色『Caffeine』,dubious melody… Caffeine is a decently good song that I may or may not add to my favorites… 89 /100,Caffeine,秋山黄色『Caffeine』,,,Caffeine,秋山黄色『Caffeine』,,
2020-08-03,87,MAX – Where Am I At,"very passionate and well sung, Max delivers a song with high potential to enter my favorites. 87/100",MAX,Where Am I At,,,MAX,Where Am I At,,
2020-08-04,95,Billy Ocean – Caribbean Queen,"excellent groove and beats, very similar to MJ’s style. Well done. 95/100",Billy Ocean,Caribbean Queen,,,Billy Ocean,Caribbean Queen,,
2020-08-05,89,DANSU – DON’T YOU GIVE UP,"funky and nicely composed, yes, I will not give up on you. 89/100",DANSU,DON’T YOU GIVE UP,,,DANSU,DON’T YOU GIVE UP,,
2020-08-06,50,Oneohtrix Point Never – Nobody Here,"re I felt like had the most potential, but… “there’s nobody here” gets a little on my nerves. 50/100",Oneohtrix Point Never,Nobody Here,,,Oneohtrix Point Never,Nobody Here,,
2020-08-07,89,CHVRCHES – Leave A Trace,nice stuff. Could’ve sworn I already reviewed this though… 89/100,CHVRCHES,Leave A Trace,,,CHVRCHES,Leave A Trace,,
2020-08-08,66,Zabelle Panosian – Groung,"Not to shabby, but still way, way too old for my taste. 66/100",Zabelle Panosian,Groung,,,Zabelle Panosian,Groung,,
2020-08-09,70,Bebe Rexha – Self Control,a little too much autotune to be truly good. 70/100,Bebe Rexha,Self Control,,,Bebe Rexha,Self Control,,
2020-08-10,76,Onerepublic – Rich Love,"her than the line “broke as a bottle of wine”, relatively predictable. Not too shabby though. 76/100",Onerepublic,Rich Love,,,Onerepublic,Rich Love,,
2020-08-11,56,ナイトクルージング (Night Cruising) – Fishmans,"slow and too mundane sounding. Neo-Psychedelia tends to be a bit more down-toned, I suppose. 56/100",Fishmans,ナイトクルージング (Night Cruising),,,Fishmans,ナイトクルージング (Night Cruising),,
2020-08-12,91,caramel – caramelldansen,"though also a complete meme song, caramelldansen is a massive bop. Very nice. 91/100",caramel,caramelldansen,,,caramel,caramelldansen,,
2020-08-12,90,Hysteria – Muse,"g melody, base, guitar, add up to a very strong guitar, challenging even the great Papermoon. 90/100",Muse,Hysteria,,,Muse,Hysteria,,
2020-08-13,70,Seann Bowe – Hate You,"while the title doesn’t fit my feeling toward this scene, it just seems not enough. 70/100",Seann Bowe,Hate You,,,Seann Bowe,Hate You,,
2020-08-13,92,Typewriter Symphony – Leroy Anderson,"Review

A fantastically fun orchestral piece with excellent idea and execution. 92/100′;",Leroy Anderson,Typewriter Symphony,,,Leroy Anderson,Typewriter Symphony,,
2020-08-14,64,Kate Vogel – Glad It’s You,"unfortunately, youtube suggestions have been too mediocre for the most part. 64/100",Kate Vogel,Glad It’s You,,,Kate Vogel,Glad It’s You,,
2020-08-15,70,Live or Let Die – Wings,"James Bond, this is fine with its faster pace, but a little chaotic and not the best I feel. 70/100",Wings,Live or Let Die,,,Wings,Live or Let Die,,
2020-08-16,88,nf – trauma,I never expected this rapper to be also good at singing. Has potential. 88/100,nf,trauma,,,nf,trauma,,
2020-08-17,88,Kelly Clarkson – Behind These Hazel Eyes,"reviewed this song, this one

broken up, deep inside

but at least you’ll see the 88/100 in my eyes",Kelly Clarkson,Behind These Hazel Eyes,,,Kelly Clarkson,Behind These Hazel Eyes,,
2020-08-18,87,Girls’ Generation – Paparazzi,just as catchy and good as Lady Gaga’s same named song. 87/100,Girls’ Generation,Paparazzi,,,Girls’ Generation,Paparazzi,,
2020-08-20,84,Tequila Song – The Champs,"….(funky music plays)

….(funky music plays)

….(funky music plays)

….(funky music plays)

84/100!",The Champs,Tequila Song,,,The Champs,Tequila Song,,
2020-08-21,87,Clean Bandit and Mabel – Tick Tock,interesting. Has potential. 87/100,Clean Bandit and Mabel,Tick Tock,,,Clean Bandit and Mabel,Tick Tock,,
2020-08-21,65,Rain Over Me – Pitbull,"eview: Pitbull is only mildly annoying, especially with Mark’s passionate voice. Not bad overall. 80",Pitbull,Rain Over Me,,,Pitbull,Rain Over Me,,
2020-08-21,88,亲爱的姑娘你为何要离开 (Dear Girl Why Must You Leave) – 郑冰冰 (Gigi Lai),"and bittersweet, Gigi Lai delivers a surprisingly passionate song… all for a Children’s show! 88/100",Gigi Lai,亲爱的姑娘你为何要离开 (Dear Girl Why Must You Leave),,,Gigi Lai,亲爱的姑娘你为何要离开 (Dear Girl Why Must You Leave),,
2020-08-22,85,Dean Lewis – Waves,It does indeed comes and goes in waves. 85/100,Dean Lewis,Waves,,,Dean Lewis,Waves,,
2020-08-23,88,Robin Williams – Friend Like Me,"With zany descriptions and show off, indeed, I never had a friend like Robin Williams. 88/100",Robin Williams,Friend Like Me,,,Robin Williams,Friend Like Me,,
2020-08-24,75,The Kid Laroi – Any Other Way,"ng and less exciting, Kid Laroi nevertheless delivers a somewhat alright in only two minutes. 75/100",The Kid Laroi,Any Other Way,,,The Kid Laroi,Any Other Way,,
2020-08-25,86,Valeree – Any Other Way,"smooth, velvety, a contrast against We the Kings but arguably just as decent. 86/100",Valeree,Any Other Way,,,Valeree,Any Other Way,,
2020-08-27,60,Tomberlin – Any Other Way,"as we traverse down these same name songs, they are really getting lackluster. 60/100",Tomberlin,Any Other Way,,,Tomberlin,Any Other Way,,
2020-08-28,79,Quree -One Forgotten Night,"ost night. Original score: 89

New score (6 months later): Got a bit bored of the soundtrack. 79/100",One Forgotten Night,Quree -One Forgotten Night,,,One Forgotten Night,Quree -One Forgotten Night,,
2020-08-29,80,DJ OKAWARI feat. 二宮愛 「Speed of Light」,"a little noisy, but not too bad overall. 80/100",二宮愛 「Speed of Light」,DJ OKAWARI,,,二宮愛 「Speed of Light」,DJ OKAWARI,,
2020-09-01,72,The Captains Intangible – Any Other Way,"there are still any other ways? Anyways. A fine song overall, but nothing special. 72/100",The Captains Intangible,Any Other Way,,,The Captains Intangible,Any Other Way,,
2020-09-01,81,Swordland · Yuki Kajiura,"the meme “coffee soda give me something”, Swordland is doubtlessly pretty and not too shabby. 81/100",Yuki Kajiura,Swordland · Yuki Kajiura,,,Yuki Kajiura,Swordland · Yuki Kajiura,,
2020-09-03,70,Kanye West – Runaway,"Severely overrated on RYM, I feel like this is just another regular song to be honest. 70/100",Kanye West,Runaway,,,Kanye West,Runaway,,
2020-09-04,79,SYML – Wildfire,A remarkably light-mood nice little song. Not too shabby. 79/100,Wildfire,SYML,,,Wildfire,SYML,,
2020-09-06,89,Jim Yosef x RIELL – Hate You,"same title I reviewed, this is fantastic especially with the violin follow-up to the chorus! 89/100",Jim Yosef x RIELL,Hate You,,,Jim Yosef x RIELL,Hate You,,
2020-09-07,82,Chemicals – Glitch Mob,part of their uniqueness. Interesting. I especially like the line “I can use a miracle”. (B-) 82/100,Glitch Mob,Chemicals,,,Glitch Mob,Chemicals,,
2020-09-08,79,PVRIS – Wish You Well,"unfortunately, but I like the chorus along with echoes. Upon a re-listen, I retain the same rating.",PVRIS,Wish You Well,,,PVRIS,Wish You Well,,
2020-09-09,79,A Dance of Fire and Ice – Thanks For Playing My Game,el soundtracks with a nostalgic and tricky sound to it. The 300 BPM is also a bit innovative. 79/100,Thanks For Playing My Game,A Dance of Fire and Ice,,,Thanks For Playing My Game,A Dance of Fire and Ice,,
2020-09-10,80,James Tw – You & Me,"a little mainstream sounding, but that’s not too bad. 80/100",James Tw,You & Me,,,James Tw,You & Me,,
2020-09-11,59,Brat – Mox,and being fucked until she bleeds and using her until she cums. Very extreme. Final rating: 59/100.,Brat,Mox,,,Brat,Mox,,
2020-09-12,86,Missio – Can You Feel the Sun,"sual style combined with a unique message and melody, Missio delivers another promising song. 86/100",Missio,Can You Feel the Sun,,,Missio,Can You Feel the Sun,,
2020-09-13,88,My Mind Is a Box · Pretty Balanced,"range as Station Waggin, but minimalistic and equally meaningful, Mind is Box is interesting. 88/100",Pretty Balanced,My Mind Is a Box · Pretty Balanced,,,Pretty Balanced,My Mind Is a Box · Pretty Balanced,,
2020-09-16,76,Nothing But Thieves – Trip Switch,"Interesting, but not that amazing. 76/100",Nothing But Thieves,Trip Switch,,,Nothing But Thieves,Trip Switch,,
2020-09-18,49,Palace – Bones,"uninteresting, an Indie song that relies on a strong sense of chillness. Not my cup of tea. 49/100 F",Bones,Palace,,,Bones,Palace,,
2020-09-21,79,Victoria Monét – Experience,"t of RSC winner, and the autotune is a bit on the nose. But overall the song is not that bad. 79/100",Victoria Monét,Experience,,,Victoria Monét,Experience,,
2020-09-21,78,Allie X – Devil I Know,"repetitive “mmm mmm” dependent. A little more production than actual product, in my opinion. 78/100",Allie X,Devil I Know,,,Allie X,Devil I Know,,
2020-09-22,69,Jim Yosef – Firefly,hy it’s called Firefly. It’s interesting how “restrained” his “Hate You” seems by comparison. 69/100,Jim Yosef,Firefly,,,Jim Yosef,Firefly,,
2020-09-23,80,Sabrina Claudio – “Unravel Me”,"of the Japanese “Unravel”, the song serves as a chill and nice contrast with much potential. 80/100",Sabrina Claudio,“Unravel Me”,,,Sabrina Claudio,“Unravel Me”,,
2020-09-24,80,Christina Perri – The Lonely,"ges me to re-add through effort, I say, yes, the soothing ballad is still worth listening to. 80/100",Christina Perri,The Lonely,,,Christina Perri,The Lonely,,
2020-09-25,79,Melanie Martinez – The Bakery,"ore towards mainstream style, but keeps her lyrical unique style. Interesting, has potential. 79/100",Melanie Martinez,The Bakery,,,Melanie Martinez,The Bakery,,
2020-09-27,80,Crosscode – Shizuka,"e interesting background songs. This one’s pretty cool especially with motifs, even if short. 80/100",Shizuka,Crosscode,,,Shizuka,Crosscode,,
2020-09-29,84,「BEASTARS」ノンクレジット,"e time… Original Rating: 88

[If counting animation, +5 points for uniqueness, leading to 93 Rating]",,「BEASTARS」ノンクレジット,,,,「BEASTARS」ノンクレジット,,
2020-10-01,89,Sheet Music Boss Theme V2,is great to listen to– even if a tad fast and stretched out at the end. A great idea overall! 89/100,,,,,,,,
2020-10-01,90,Bastian Baker & Yves Larock – Here We Go,"sung and performed, yes, here we go, new artist obsession (potentially). Thank you, Gnoosic. 90/100",Bastian Baker & Yves Larock,Here We Go,,,Bastian Baker & Yves Larock,Here We Go,,
2020-10-02,90,Swing Republic – Crazy in Love,"R. is arguably superior to the original, which has a much weaker theme and idea.  Grade: A- (90/100)",Swing Republic,Crazy in Love,,,Swing Republic,Crazy in Love,,
2020-10-02,89,Selena Gomez – Slow Down,"n your attention, let me speak of this song and how it’s quite catchy and well made. Not bad. 89/100",Selena Gomez,Slow Down,,,Selena Gomez,Slow Down,,
2020-10-03,89,Billie Eilish – No Time To Die,that for 60 years now the Bond franchise continues to generate excellent these songs.” /Musiclover9,Billie Eilish,No Time To Die,,,Billie Eilish,No Time To Die,,
2020-10-04,80,Melis – So Called Love,"the so-called “love” I would have for this song is limited, but there is potential. 80/100",So Called Love,Melis,,,So Called Love,Melis,,
2020-10-07,89,Nurmat Sadyrov – Kyrgyz kyzdary,"An impressive Kyrgyzstan hit, the fancy tune is quite catchy and cool. Well done. 89/100",Nurmat Sadyrov,Kyrgyz kyzdary,,,Nurmat Sadyrov,Kyrgyz kyzdary,,
2020-10-07,88,Rina Sawayama – XS,I realized the pun with “X S” (Excess). Pretty nice tune overall. 88/100,Rina Sawayama,XS,,,Rina Sawayama,XS,,
2020-10-08,73,‘Light” by Nathan Wagner,"d of thing. Slightly better, but four chord progression and slower build means a yawn for me. 73/100",Nathan Wagner,‘Light”,,,Nathan Wagner,‘Light”,,
2020-10-12,89,Lena Raine – Resurrections,ections is a damn cool video game soundtrack. The middle part is very haunting and well done. 89/100,Lena Raine,Resurrections,,,Lena Raine,Resurrections,,
2020-10-13,80,Guster – “Satellite”,"Not as cool as Molly Sanden’s song with same title, but still decent rock and tune. 80/100",Guster,“Satellite”,,,Guster,“Satellite”,,
2020-10-15,80,Knives At Sea – Gone Be Fine,"Alright YT, yeah. It is gone be fine. 80/100",Knives At Sea,Gone Be Fine,,,Knives At Sea,Gone Be Fine,,
2020-10-17,62,Never Shall Forget,"Kinda funky, not that bad, though… could be more fitting to the title.",,,,,,,,
2020-10-18,19,Debate – Amar Sehmbi,"title was English, referring to some online debate 

Anyways… too much autotune for my taste. 19/100",Amar Sehmbi,Debate,,,Amar Sehmbi,Debate,,
2020-10-19,86,MALICE MIZER – 追憶の欠片,"rying to say something. Definitely better than Imy’s song, though not by too big of a margin. 86/100",MALICE MIZER,追憶の欠片,,,MALICE MIZER,追憶の欠片,,
2020-10-20,69,Clouds by Zach Sobiech,"the movie summary is touching, the singing is a bit lackluster and the song becomes mediocre. 69/100",Zach Sobiech,Clouds,,,Zach Sobiech,Clouds,,
2020-10-23,85,Jem 77 – Never felt this way,oks like Fragments of Recollection has a long way to go before breaking through Jem’s record… 85/100,Jem 77,Never felt this way,,,Jem 77,Never felt this way,,
2020-10-26,59,Haschak Sisters – Show Me What You Got,"ting, has potential, but a little too bland and predictable on the surface. 59/100

“BOO, NOT COOL!”",Haschak Sisters,Show Me What You Got,,,Haschak Sisters,Show Me What You Got,,
2020-10-26,3,Lil Keed – Show Me What You Got,"This song:

talentless autotune, meaningless lyrics, complete trash overall. 3/100

“BOO, NOT COOL!”",Show Me What You Got,Lil Keed,,,Show Me What You Got,Lil Keed,,
2020-10-27,100,Rating System Update,"it, either guilty pleasure or truly good piece

100/100: Nearly flawless, or perfect in my opinion.",,Rating System Update,,,,Rating System Update,,
2020-10-27,91,Queen – Under Pressure,"to sample the same bassline and call it a different song. (I’m looking at you, Ice Ice Baby.) 91/100",Queen,Under Pressure,,,Queen,Under Pressure,,
2020-11-02,76,Sad sad day – Muddy Waters,Quite groovy. Not bad at all. 76/100,Muddy Waters,Sad sad day,,,Muddy Waters,Sad sad day,,
2020-11-02,75,Set it Off – Forever Stuck in Our Youth,"With decent rock melody, listening to this makes me feel stuck in my youth. 75/100",Set it Off,Forever Stuck in Our Youth,,,Set it Off,Forever Stuck in Our Youth,,
2020-11-02,70,Louisa Johnson – so good,"the title is surprisingly unfitting. It’s an alright song though, overall. 70/100",so good,Louisa Johnson,,,so good,Louisa Johnson,,
2020-11-02,80,Ansel Elgort – Thief,ng Piece or Drive it Like You Stole It. I’m lowering this below Hot Air Balloon. Final score: 80/100,Ansel Elgort,Thief,,,Ansel Elgort,Thief,,
2020-11-03,78,MisterWives – find my way home,"e (hell, even Tuesday and Carole is displayed before it!), this is a hidden gem in the midst. 78/100",MisterWives,find my way home,,,MisterWives,find my way home,,
2020-11-05,88,Время и Стекло – Дим,"otential, providing stiff competition even against a long-standing song like Papermoon. B+ (~88/100)",Дим,Время и Стекло,,,Дим,Время и Стекло,,
2020-11-07,92,Guardian · Lindsey Stirling,Cool. Sounds very fitting to the title. A-,Lindsey Stirling,Guardian · Lindsey Stirling,,,Lindsey Stirling,Guardian · Lindsey Stirling,,
2020-11-10,75,Lil Wayne – Show Me What You Got,"A little chaotic, but not too bad. 

Grade: C",Lil Wayne,Show Me What You Got,,,Lil Wayne,Show Me What You Got,,
2020-11-11,85,jacksfilm – It’s Everyday Bro,"t into opera, the song is incredibly well sung, and does the seeming impossible. Well done. Grade: B",jacksfilm,It’s Everyday Bro,,,jacksfilm,It’s Everyday Bro,,
2020-11-11,82,Disturbed – Sound of silence,favorites. A lot of people hated it compared to the original. I found it fine. Pretty nice song. B+,Disturbed,Sound of silence,,,Disturbed,Sound of silence,,
2020-11-12,82,MONATIK – УВЛИУВТ,"onatik presents cool melodies, combined together to a solid song. (Slightly worse than Papermoon) A-",MONATIK,УВЛИУВТ,,,MONATIK,УВЛИУВТ,,
2020-11-15,88,Static-P: The Chase,"t. Perhaps the best of the series so far. (Not quite “Papermoon” or “Selfie Face” level, however) B+",Static-P,The Chase,,,Static-P,The Chase,,
2020-11-16,88,OBNN – ElㆍTangoㆍEgoista,shows much promise. I prefer the English version slightly more due to smaller cast of characters. B+,OBNN,ElㆍTangoㆍEgoista,,,OBNN,ElㆍTangoㆍEgoista,,
2020-11-16,78,Miike Snow – Genghis Khan,"Catchy, but it lacks the umph to get on my favorites. Not bad overall. Funny music video. C+",Miike Snow,Genghis Khan,,,Miike Snow,Genghis Khan,,
2020-11-16,72,The Lumineers – Cleopatra,"Sadly, it resembles a mediocre Indie song with nothing special. D",The Lumineers,Cleopatra,,,The Lumineers,Cleopatra,,
2020-11-18,85,Temtem – Temtem Up,"was the only song that remotely impressed me from my discover weekly. Anyways, pretty neat stuff. B",Temtem Up,Temtem,,,Temtem Up,Temtem,,
2020-11-18,93,mr. chris – lovesick,I have] motif of “G F# E D E” would display the idea of being lovesick. A little too repetitive. D+,mr. chris,lovesick,,,mr. chris,lovesick,,
2020-11-18,93,mr. chris – dream within a dream within a nightmare,"out the name, but better than lovesick. mr. chris shows some nice promise with lo-fi electronics. C-",mr. chris,dream within a dream within a nightmare,,,mr. chris,dream within a dream within a nightmare,,
2020-11-20,78,Billie Eilish- Therefore I Am,"No idea who she is speaking of, but she sings, therefore she is. Not bad at all. B+",Billie Eilish,Therefore I Am,,,Billie Eilish,Therefore I Am,,
2020-11-20,85,Bones – EQUINOX,"orus doesn’t make sense if you think too much about it, Bones is deep and does very well overall. B+",Bones,EQUINOX,,,Bones,EQUINOX,,
2020-11-20,93,Beyonce – Crazy in Love,ined with the man’s “commentary” style contributing to the song. Swing Republic did it far better. C,Beyonce,Crazy in Love,,,Beyonce,Crazy in Love,,
2020-11-22,75,Kambido – Don’t Know,"utotune is a bit on the nose, but the idea isn’t too shabby. Too short to give a proper score to. C-",Kambido,Don’t Know,,,Kambido,Don’t Know,,
2020-11-22,78,Kambido – Boy something,"No idea about the title, but the slightly scary backing with hip hop beats. Not bad at all. B",Kambido,Boy something,,,Kambido,Boy something,,
2020-11-22,85,Kambido – Suzy,"here near as cool as Caravan Palace’s same-named song, this trap beat nevertheless is intriguing. B-",Kambido,Suzy,,,Kambido,Suzy,,
2020-11-22,82,Caravan Palace – Suzy,"reviewed this. Pretty damn cool stuff, very solid overall. On-par with Papermoon, if not better. A-",Caravan Palace,Suzy,,,Caravan Palace,Suzy,,
2020-11-24,85,Kambido – Pluameda,"twists or break downs after two minutes (when we usually expect something new to happen) 

Grade: B",Kambido,Pluameda,,,Kambido,Pluameda,,
2020-11-24,65,Kambido – Pirate,No idea what’s up with the title. Too heavy and disjointed overall. Grade: D,Kambido,Pirate,,,Kambido,Pirate,,
2020-11-25,50,Pinkfong – Baby Shark,"ng ever created. On the bright side, the minor key version actually isn’t too bad. Grade: F– (0/100)",Baby Shark,Pinkfong,,,Baby Shark,Pinkfong,,
2020-11-26,78,Denzel Curry – ULT,"ne of the best rap songs of 2017, ULT is indeed Ultimate. Not bad at all. (on-par with Papermoon) A-",Denzel Curry,ULT,,,Denzel Curry,ULT,,
2020-11-27,95,Raye – Natalie Don’t,"the disco is strong, winning another deserved Redditvision. Grade: A (on-par with Kids in the Dark)",Raye,Natalie Don’t,,,Raye,Natalie Don’t,,
2020-12-01,75,Gramps Morgan – Darling it’s You,"same name, I’m simply not used to the style. Relatively unknown, but alright song overall. Grade: C",Gramps Morgan,Darling it’s You,,,Gramps Morgan,Darling it’s You,,
2020-12-02,82,Carly Rae Jepsen – It’s Not Christmas Till Somebody Cries,"s song. Auto tune is a little on the nose, but not too bad. A fine song from CRJ, pretty boppy. (B+)",Carly Rae Jepsen,It’s Not Christmas Till Somebody Cries,,,Carly Rae Jepsen,It’s Not Christmas Till Somebody Cries,,
2020-12-02,78,Stairway To Heaven – Led Zeppelin,"y the message strives to touch my heart. In that stand, Bohemian far and wide destroys it. Grade: C+",Led Zeppelin,Stairway To Heaven,,,Led Zeppelin,Stairway To Heaven,,
2020-12-03,94,Robert DeLong – Don’t Wait Up,wing and quite well made. Unpredictable and good melody combine together to a solid hit. (A; 94/100),Robert DeLong,Don’t Wait Up,,,Robert DeLong,Don’t Wait Up,,
2020-12-03,100,The Suspense – unknown artist,"it sounds cooler) 

For a perfectly composed mini song, I give this the distinguished A++ (100/100).",unknown artist,The Suspense,,,unknown artist,The Suspense,,
2020-12-03,85,Apologize – OneRepublic,"oler with “tyranny” and “liberty”, and willingness to break it with “unalienable rights”. Verdict: B",OneRepublic,Apologize,,,OneRepublic,Apologize,,
2020-12-04,85,Taylor Davis – Starfire,The Asian influence is unique and cool even on Taylor’s standards. Very cool overall. (B+),Taylor Davis,Starfire,,,Taylor Davis,Starfire,,
2020-12-05,95,Pentatonix – Hallelujah,don’t understand why people dislike this. It’s fine. Very emotionally powerful and good overall. A+,Pentatonix,Hallelujah,,,Pentatonix,Hallelujah,,
2020-12-06,85,WALLIS – Lonely Christmas,very impressive for a 15 year old. The song perfectly encapsulates what Christmas is nowadays. B+,Lonely Christmas,WALLIS,,,Lonely Christmas,WALLIS,,
2020-12-07,1,Yung Zel – Play,"the end…friends” puts the nail in the coffin and destroys the song from within. 

Grade: F- (1/100)",Yung Zel,Play,,,Yung Zel,Play,,
2020-12-07,75,Corpse Husband – E-girl,"ngs, and the metal voice is strange. It’s off from my taste, but it seems decent enough overall. (C)",Corpse Husband,E-girl,,,Corpse Husband,E-girl,,
2020-12-08,92,DION – Pardon Me,"ng overall, feels about equal to Papermoon, and difficult to compare. Will need to listen more. (A-)",Pardon Me,DION,,,Pardon Me,DION,,
2020-12-09,82,Cody Lovass – Oh no!,The song’s pretty solid. More like “oh yes!” to me. (B+),Cody Lovass,Oh no!,,,Cody Lovass,Oh no!,,
2020-12-10,85,Annette Lee – Song For The Underdog,"Truly an underdog in views and in message, Annette keeps fighting on well. (B)",Annette Lee,Song For The Underdog,,,Annette Lee,Song For The Underdog,,
2020-12-12,72,美しく、闇 covered by 花譜,t even with the seeming mediocre verse. Sounds kind of like “Waiting For You” by Alexander Jean. (B),花譜,美しく、闇 covered,,,花譜,美しく、闇 covered,,
2020-12-13,95,Steins; Gate – Believe Me,"hing and sad song still yet with quite some hope, Believe Me is a very well composed piano song. (A)",Steins; Gate,Believe Me,,,Steins; Gate,Believe Me,,
2020-12-15,78,Savannah Outen – Sad in the Summer,"ertheless, this is one of the best songs in the Discovery Weekly this time. Has some potential. (C+)",Savannah Outen,Sad in the Summer,,,Savannah Outen,Sad in the Summer,,
2020-12-15,72,Lana Del Rey – Summertime Sadness,"ir, Summertime is not a bad song, but it feels kind of mediocre due to the thematic somber mood. (C)",Lana Del Rey,Summertime Sadness,,,Lana Del Rey,Summertime Sadness,,
2020-12-16,62,EVERGLOW (에버글로우) – LA DI DA,"e isn’t all that bad. Pretty catchy! [Slightly worse than Papermoon, though… need more listens] (A-)",EVERGLOW (에버글로우),LA DI DA,,,EVERGLOW (에버글로우),LA DI DA,,
2020-12-18,82,Hitoshizuku × Yama△ – Alice in NY,"istoria?Chase me, fashionista!

[this means, to know more, follow my blog or ask me directly]

 (B-)",Alice in NY,Hitoshizuku × Yama△,,,Alice in NY,Hitoshizuku × Yama△,,
2020-12-22,88,Jonas Blue – Naked,"Extremely catchy and cool, Jonas Blue delivers an interesting song. (B+)",Jonas Blue,Naked,,,Jonas Blue,Naked,,
2020-12-22,82,Rick Astley – Never Gonna Give You Up,himself. Anyways. The meme is very nice and the song isn’t bad at all. Never Gonna Give you up. (B),Rick Astley,Never Gonna Give You Up,,,Rick Astley,Never Gonna Give You Up,,
2020-12-23,78,Calema – Te Amo,"luckily has good control of its autotune, enough to not be too annoying. Te Amo, indeed! (Grade: C+)",Calema,Te Amo,,,Calema,Te Amo,,
2020-12-25,72,Skillet – Breaking Free,"ehow, it doesn’t feel as meaningful, especially with the chorus nearing four chord progression. (C-)",Skillet,Breaking Free,,,Skillet,Breaking Free,,
2020-12-25,82,S3RL – Hentai,"ic melody. To be fair though, even without the unique elements, S3RL has his usual solid beats. (C+)",S3RL,Hentai,,,S3RL,Hentai,,
2020-12-27,88,Rini – Aphrodite,delivers a chill and cool song that goes along very well. A great potential favorite for sure. (B+),Rini,Aphrodite,,,Rini,Aphrodite,,
2020-12-28,85,Cheat Codes – On My Life,"oney”, followed by “nothing much changed, only my change”. Overall, the song is not too shabby. (B-)",Cheat Codes,On My Life,,,Cheat Codes,On My Life,,
2020-12-29,78,Juice WRLD – Lean Wit Me,"tance abused topic is quite deep. Even if the autotune is a bit on the nose, the song’s alright. (C)",Juice WRLD,Lean Wit Me,,,Juice WRLD,Lean Wit Me,,
2020-12-29,72,Juice WRLD – Righteous,"s Righteous title. Somehow, he pulls off his casual singing and manages the autotune just right. (B)",Juice WRLD,Righteous,,,Juice WRLD,Righteous,,
2020-12-29,78,The Kid LAROI – TRAGIC,"f the song just don’t quite meet my taste, and that’s Tragic. Nevertheless, the song’s alright. (B-)",The Kid LAROI,TRAGIC,,,The Kid LAROI,TRAGIC,,
2020-12-29,75,"The Kid LAROI, Juice WRLD – GO","d rating. (C ~ish)

You’re probably better off with Super Junior M – Go, though it depends on taste.","The Kid LAROI, Juice WRLD",GO,,,"The Kid LAROI, Juice WRLD",GO,,
2020-12-30,65,Godzilla -Eminem and Juice,"rapping speed is insane. Sadly, Juice’s auto-tone lowers my rating down by half a grade point. (B-)",Juice,Godzilla -Eminem,,,Juice,Godzilla -Eminem,,
2020-12-30,78,Ariana Grande – PoV,"llad-like voice. Worth a listen to. Probably slightly worse than Papermoon, but not bad at all. (A-)",Ariana Grande,PoV,,,Ariana Grande,PoV,,
2020-12-30,78,Lil Story – RIOT!,sure. It certainly can’t be dismissed on the surface by my “four rap songs argument”. (C+ … pending),Lil Story,RIOT!,,,Lil Story,RIOT!,,
2020-12-30,85,The Chipmunks – Christmas Time is Here,"while balancing on the cringe line for their voices, versus the melodic idea of Christmas Time. (B)",The Chipmunks,Christmas Time is Here,,,The Chipmunks,Christmas Time is Here,,
2020-12-30,50,Chipettes – Single Ladies,"’t too horrible, but the song gives nothing new to the song. I don’t know why they covered this. (C)",Chipettes,Single Ladies,,,Chipettes,Single Ladies,,
2020-12-30,62,You Are My Home – The Chipmunks,part. Also… not a big fan of the “literal address the audience” idea. Let’s go with the latter. (D-),The Chipmunks,You Are My Home,,,The Chipmunks,You Are My Home,,
2020-12-30,65,Chipmunks – You Spin Me Right Round,"e purpose of the entire song, which the original conveys a highly intriguing mood in comparison. (D)",Chipmunks,You Spin Me Right Round,,,Chipmunks,You Spin Me Right Round,,
2020-12-30,85,Dionesium x Mr. Chris – Nebula feat. Jason Qiu,"ieved quite well. Slightly underwhelming, but not too shabby. Will listen to more of this later. (B)",Dionesium x Mr. Chris,Nebula feat. Jason Qiu,,,Dionesium x Mr. Chris,Nebula feat. Jason Qiu,,
2020-12-30,65,Boards of Canada – Reach for the Dead,"e genre, this is probably the best one I’ve heard yet, since it’s not too repetitive or boring. (B-)",Boards of Canada,Reach for the Dead,,,Boards of Canada,Reach for the Dead,,
2020-12-30,,Artist list and rating,"here I culminate random song related information, including a back up of my song list. Check it out!",rating,Artist list,,,rating,Artist list,,
2020-12-31,78,Red – Let It Burn,"mainstream rock. However, the anti-God message is uniquely refreshing, and I say, let it burn. (C+)",Red,Let It Burn,,,Red,Let It Burn,,
2021-01-01,88,Red – Shadow and Soul,"With a challenging melody, Red delivers a promising metal style song. (B+)",Red,Shadow and Soul,,,Red,Shadow and Soul,,
2021-01-01,82,RED ~ What You Keep Alive,"instrumental is a bit extreme, but the five minutes don’t feel like they drag on for too long. (B-)",,,,,,,,
2021-01-02,78,Red – Of These Chains,of these chains of metal that usually strap them to the ground (pun intended). Not bad at all. (B+),Red,Of These Chains,,,Red,Of These Chains,,
2021-01-03,91,Swingrowers – Selfie Face,"ing song, with lots of groove and surprise. Let’s call it a tie between Papermoon, eh? (A-) [91/100]",Swingrowers,Selfie Face,,,Swingrowers,Selfie Face,,
2021-01-04,84,Troy (Zac Efron) – Bet On It,"HSM2 song is catchy and cool. Will I listen to it again? Bet on it, bet on it, bet on it, bet on it!",Bet On It,Troy (Zac Efron),,,Bet On It,Troy (Zac Efron),,
2021-01-04,93,Matthew Perryman Jones – Living in the Shadows,"etflix show “Love Death and Robots”, with an episode with an unexpected twist. Shadows, indeed. (B+)",Matthew Perryman Jones,Living in the Shadows,,,Matthew Perryman Jones,Living in the Shadows,,
2021-01-05,95,Taylor Swift – Enchanted,"With a strong voice and surprisingly high rating on RYM, this song makes me feel *Enchanted*. (A)",Taylor Swift,Enchanted,,,Taylor Swift,Enchanted,,
2021-01-07,50,2 Chainz – Birthday Song ft. Kanye West,"t on the site. Anyways… not a great birthday song, ironically. LOL. I’m thinking this is satire. (F)",2 Chainz,Birthday Song ft. Kanye West,,,2 Chainz,Birthday Song ft. Kanye West,,
2021-01-10,82,Jules Ahoi – Denmark,"an Indie style melody delivered with passion. Quite decent, despite the four chord progression. (B)",Denmark,Jules Ahoi,,,Denmark,Jules Ahoi,,
2021-01-10,78,Namika – Lieblingsmensch,"ven though Namika is not my Lieblingsmensch (favorite person), the song is quite cool. Not bad. (B-)",Namika,Lieblingsmensch,,,Namika,Lieblingsmensch,,
2021-01-11,82,F.B-17 — طرابلس عاصمتنا ( Tripoli is our capital),"r any bad singing. Not to mention, I’m always a sucker for violin. Not a bad Libya song at all. (C+)",F.B-17,طرابلس عاصمتنا ( Tripoli is our capital),,,F.B-17,طرابلس عاصمتنا ( Tripoli is our capital),,
2021-01-11,89,Jim Yosef x REILL – Animal,"eI, IAm feeling like an animal”

Original score (Jan 2021): near perfect

After three months: 89/100",Jim Yosef x REILL,Animal,,,Jim Yosef x REILL,Animal,,
2021-01-12,88,Lauv – Feelings,Joel Adam’s “Please Don’t Go” — except even the melody is superior (due to being less passive). (B+),Lauv,Feelings,,,Lauv,Feelings,,
2021-01-13,82,Coldplay – Hymn For The Weekend,"s song. Solid hit, though not sure what it’s about. Slightly worse than Selfie Face, I suppose? (A-)",Coldplay,Hymn For The Weekend,,,Coldplay,Hymn For The Weekend,,
2021-01-14,92,Ani Lorak – Shady Lady,"Catchy and cool, Ani Lorak is one *Shady Lady*. I especially like the head nodding. (A-)",Ani Lorak,Shady Lady,,,Ani Lorak,Shady Lady,,
2021-01-15,92,Sam Tinnesz – Human,"tunes in to our human nature and vulnerability. Stiff competition, even against “Selfie Face”. (A-)",Sam Tinnesz,Human,,,Sam Tinnesz,Human,,
2021-01-17,88,The Prodigy – Omen,"With a challenging melody and good rock beats, Prodigy delivers an Omen of good. (B+)",The Prodigy,Omen,,,The Prodigy,Omen,,
2021-01-20,86,bill wurtz – here comes the sun,"funky and jazzy, Bill delivers a fun and neat song. Pretty cool stuff. (A-)",bill wurtz,here comes the sun,,,bill wurtz,here comes the sun,,
2021-01-22,75,Lappu Topu Coolah · Heiakim,"is not a jet coaster

Lappu topu coolah is coolu you know

[Four chord progression novelty song] (C)",Heiakim,Lappu Topu Coolah · Heiakim,,,Heiakim,Lappu Topu Coolah · Heiakim,,
2021-01-22,85,[Hatsuki Yura] The Clockwork Rose,"catchy and cool, Clockwork Rose is a very quaint almost Victorian style J-rock stuff. (B)",Hatsuki Yura,[Hatsuki Yura] The Clockwork Rose,,,Hatsuki Yura,[Hatsuki Yura] The Clockwork Rose,,
2021-01-25,75,Warriors – Aaliyah Rose,"t’s your standard Children’s show opening, Warriors is nevertheless a strong rock song overall. (C+)",Aaliyah Rose,Warriors,,,Aaliyah Rose,Warriors,,
2021-01-26,78,TJB – Lifesaver,"The idea is interesting, but I’m not convinced this is the “best” underground rap song… (C+)",TJB,Lifesaver,,,TJB,Lifesaver,,
2021-01-27,85,Swingrowers – Chiovi,"seems to be talking about someone leaving, though it’s hard to tell what the message is about. (B+)",Swingrowers,Chiovi,,,Swingrowers,Chiovi,,
2021-01-29,84,Lorian Ross – Find Your Way,"y with the chorus. “In the silence, in the darkness, Find your voice, Find your light”. (~84/100 B+)",Find Your Way,Lorian Ross,,,Find Your Way,Lorian Ross,,
2021-01-31,100,The Eagles – Hotel California,ar solo is epic and the strange story combines for a unique song with fantastic melody. 100/100 (A+),The Eagles,Hotel California,,,The Eagles,Hotel California,,
2021-01-31,88,"Cruisin’ for a Bruisin’ by Ross Lynch, Jason Evigan & Grace Phipps","and well done, the surf rock song goes along very well. I do anything I want, any time I want. (B+)","Ross Lynch, Jason Evigan & Grace Phipps",Cruisin’ for a Bruisin’,,,"Ross Lynch, Jason Evigan & Grace Phipps",Cruisin’ for a Bruisin’,,
2021-02-03,99,Portishead – Glory Box,"of trip hop, Glory Box is a fantastic top-notch song. “Give me a reason to love you”, indeed! 99/100",Portishead,Glory Box,,,Portishead,Glory Box,,
2021-02-05,85,Dead Pirates – Clement,"ard along with the chant of “Chinatown”. Nevertheless, the song rocks its weirdness pretty well. (B)",Dead Pirates,Clement,,,Dead Pirates,Clement,,
2021-02-07,97,CharlesBerthoud – Impossible Bass Solo,"the rest is very creative and resembles a boss battle very closely. Well done, Charles. (~97/100, A)",Impossible Bass Solo,CharlesBerthoud,,,Impossible Bass Solo,CharlesBerthoud,,
2021-02-07,84,Om – Addis,"the Indian flavor is quite nice, though it’s a bit too slow for my taste. (C+)",Om,Addis,,,Om,Addis,,
2021-02-09,82,Dream Shadow – Big Problem,"Big problem? More like, no problem. Solid jazz electro-swing all around. (A)",Dream Shadow,Big Problem,,,Dream Shadow,Big Problem,,
2021-02-11,88,Gabrielle Aplin – Dear Happy,"light, but grows into a strong chorus. Great competition even against Dodie’s same-named song. (B+)",Dear Happy,Gabrielle Aplin,,,Dear Happy,Gabrielle Aplin,,
2021-02-15,85,BEAST IN BLACK – Sweet True Lies,"estival, though slightly standard for the metal rock band. I ain’t spitting [insert title] here. (B)",BEAST IN BLACK,Sweet True Lies,,,BEAST IN BLACK,Sweet True Lies,,
2021-02-15,88,Lxandra – Swimming Pools,“Still the kids who don’t have swimming pools in their forty million square feet mansions ooh”. (B+),Lxandra,Swimming Pools,,,Lxandra,Swimming Pools,,
2021-02-16,65,Take My Hand · Nolimiter,"for a Christian devotion song, the novelty is a double edged sword, and quite jarring overall. (D-)",Nolimiter,Take My Hand · Nolimiter,,,Nolimiter,Take My Hand · Nolimiter,,
2021-02-21,84,King Sis – Hiatus,"epresent my current status well, Hiatus is actually pretty solid R&B obscure song. Pretty good. (B+)",Hiatus,King Sis,,,Hiatus,King Sis,,
2021-02-22,97,Lizzo – Juice,"zzy and funky, it ain’t her fault, you gotta blame it on the Juice! (Grade A — Approximately 97/100)",Lizzo,Juice,,,Lizzo,Juice,,
2021-02-23,78,Night Riots – Contagious,"pretty standard. It makes sense for a Redditvision song winner. Not bad, but gets old over time. (B)",Night Riots,Contagious,,,Night Riots,Contagious,,
2021-02-24,92,For Veronica’s Sake – Alice Cooper,er solid rock tune. Excellent stuff. Hard to compare to a guilty pleasure like Kids in the Dark. (A),Alice Cooper,For Veronica’s Sake,,,Alice Cooper,For Veronica’s Sake,,
2021-02-25,92,Down in the Dandelions · Siobhan Miller,Siobhan challenges even the best of the <25k view on youtube. I will have another listen later. (A-),Siobhan Miller,Down in the Dandelions · Siobhan Miller,,,Siobhan Miller,Down in the Dandelions · Siobhan Miller,,
2021-02-25,82,Evil Ways – Santana,"tyle. Nicely done, not too shabby. I’m going to try to mention all the scales once from here on. (B)",Santana,Evil Ways,,,Santana,Evil Ways,,
2021-02-26,85,Faouzia – Bad Dreams,"ng, I’m sure many can sympathize with their nightmares haunting them. A well done song overall. (B+)",Faouzia,Bad Dreams,,,Faouzia,Bad Dreams,,
2021-02-26,82,I Care by Beyoncé,"e progression may be phrygian chords, but it’s difficult to say [insert title]. Nicely composed. (B)",Beyoncé,I Care,,,Beyoncé,I Care,,
2021-02-27,85,Katy Perry – Part of Me,"ong — on a re-listen, I can hear it. Nevertheless, the chorus docks point for being predictable. (B)",Katy Perry,Part of Me,,,Katy Perry,Part of Me,,
2021-02-28,75,Friction – Imagine Dragons,"song so far… in the end, I feel a bit like it’s a little shallow. The song has sung its course. (C)",Imagine Dragons,Friction,,,Imagine Dragons,Friction,,
2021-03-01,,Battle of the 81’s,"ssion narrowly beats out Dodie’s, fitting my taste better. The winner is Rybak – Roll With the Wind.",,,,,,,,
2021-03-01,,Battle of the 80’s,"y encapsulates what 80 is supposed to mean, while standing out from the crowd with the unique genre.",,,,,,,,
2021-03-01,86,Re:ZERO – Redo,"A solid rock anime opening, pretty decent. (86/100, or B+)",Redo,Re:ZERO,,,Redo,Re:ZERO,,
2021-03-01,90,Fire Force – Inferno,"your average rock song. Even against my gatekeeper, Papermoon, Inferno shines through. (90/100, A-)",Inferno,Fire Force,,,Inferno,Fire Force,,
2021-03-01,86,Cowboy Bebop – Tank!,"that escapes slightly outside of my taste, but mostly is very innovative and well done. (86/100, B+)",Cowboy Bebop,Tank!,,,Cowboy Bebop,Tank!,,
2021-03-01,74,Orange Range – Asterick,"nfortunately, this song just feels like a regular J-rock song.*

*contains some talking.

74/100, C.",Asterick,Orange Range,,,Asterick,Orange Range,,
2021-03-01,60,chelmico – Easy Breezy,"too strange and quite a bit off from my usual liking. Not a big fan of the weird melody. (60/100, D)",Easy Breezy,chelmico,,,Easy Breezy,chelmico,,
2021-03-01,88,Mob Choir – 99.9,"melody can only get a decent, rather than a near perfect score. Needs some more uniqueness. (88/100)",99.9,Mob Choir,,,99.9,Mob Choir,,
2021-03-01,89,ADAMAS – LiSA,"ff for the four chord progression chorus, but overall relatively solid stuff from them. (89/100, B+)",LiSA,ADAMAS,,,LiSA,ADAMAS,,
2021-03-01,77,Fate/Zero OP 1,"Kinda same “heard it all before” verses and rock noises, still, not bad chorus. (77/100)",,,,,,,,
2021-03-01,89,『Gurenge』by LiSA,"p down from Papermoon, but that’s saying more about papermoon’s quality than this song. (89/100, B+)",LiSA,『Gurenge』by LiSA,,,LiSA,『Gurenge』by LiSA,,
2021-03-01,87,Again by Yui [Fullmetal Alchemist: Brotherhood],"tful than most rock songs I’ve reviewed here, along with a gritty hook. Not bad at all. (87/100, B+)",Fullmetal Alchemist: Brotherhood,Again by Yui,,,Fullmetal Alchemist: Brotherhood,Again by Yui,,
2021-03-01,75,Tengen Toppa Gurren Lagann-Sorairo Days,"to my “resetter” to make sure I’m not getting too bored of these J-rock style openings. (75/100, C)",Sorairo Days,Tengen Toppa Gurren Lagann-Sorairo Days,,,Sorairo Days,Tengen Toppa Gurren Lagann-Sorairo Days,,
2021-03-01,76,KANA-BOON – Starmaker,"pressive as the main act — Hero Too — but still, I can tell how this is a starmaker. (76/100 –    C)",KANA-BOON,Starmaker,,,KANA-BOON,Starmaker,,
2021-03-01,87,Steins;Gate – Hacking the Gate,"e’s opening. I slightly prefer the ending, but nevertheless, a very solid song overall. (87/100, B+)",Hacking the Gate,Steins;Gate,,,Hacking the Gate,Steins;Gate,,
2021-03-01,70,Eve – Kaikai Kitan,"oper song. There’s nothing that really impresses me; feels kind of like elevator music. (70/100, C-)",Eve,Kaikai Kitan,,,Eve,Kaikai Kitan,,
2021-03-01,78,Welcome to Chaos by (K)NoW_NAME – Dorohedoro,"ong wise. It’s a bit out of my taste, but it’s probably better than your “Average” rock song. 78/100",Welcome to Chaos by (K)NoW_NAME,Dorohedoro,,,Welcome to Chaos by (K)NoW_NAME,Dorohedoro,,
2021-03-01,76,Ghost in the Shell – Inner Universe,"opera feel, but it feels like a hit-or-miss kind of song… with mediocre results for me. (76/100 – C)",Ghost in the Shell,Inner Universe,,,Ghost in the Shell,Inner Universe,,
2021-03-01,69,” My War” by Shinsei Kamattechan,"atic, but the mumbled lyrics being drowned out defeats its own purpose. Eh. (69/100 – Nice try – D+)",Shinsei Kamattechan,” My War”,,,Shinsei Kamattechan,” My War”,,
2021-03-01,65,Kana Boon – Silhouette,"Could you get any more mundane? Come on, be more unique. (65/100 – D)",Silhouette,Kana Boon,,,Silhouette,Kana Boon,,
2021-03-01,76,Colors – Flow,it has some neat modal interchanges and a reasonable melody overall. (76/100 – C+),Flow,Colors,,,Flow,Colors,,
2021-03-01,79,Aoi Shiori by Galileo Galilei,"lar indie J-rock song, it is very fitting for Anohana and does it job remarkably well. (79/100 – C+)",Galileo Galilei,Aoi Shiori,,,Galileo Galilei,Aoi Shiori,,
2021-03-01,88,Dot Hack Sign Opening,"strange sounds that feel like “anomalies”….regardless, very unique and quite well done. (88/100, B+)",,,,,,,,
2021-03-02,92,Måns Zelmerlöw & Petra Mede – Love Love Peace Peace,"to actually listen to, it’s an otherwise pretty standard power ballad ignoring the parody elements]",Måns Zelmerlöw & Petra Mede,Love Love Peace Peace,,,Måns Zelmerlöw & Petra Mede,Love Love Peace Peace,,
2021-03-05,95,deadmau5 & Kaskade – I Remember,"highly varied and interesting electronic that rivals the best 8+ minute songs I know of. (95/100, A)",deadmau5 & Kaskade,I Remember,,,deadmau5 & Kaskade,I Remember,,
2021-03-07,88,Eliza Rickman – Pretty Little Head,"h, nor dirty mind, but she has a pretty little head with pretty little sound. Neat little song. (B+)",Eliza Rickman,Pretty Little Head,,,Eliza Rickman,Pretty Little Head,,
2021-03-10,95,Bobby Brown – My Prerogative,"The theme “G# A C G# A” is quite catchy and strong, fitting the title very well. (B+)",Bobby Brown,My Prerogative,,,Bobby Brown,My Prerogative,,
2021-03-10,88,Enjoy the Ride – Krewella,"ionship to our daily lives. 

“If it’s fast or slow, all I really know is I’ll enjoy the ride.” (B+)",Krewella,Enjoy the Ride,,,Krewella,Enjoy the Ride,,
2021-03-11,90,Little Mix – Secret Love Song,"ng is stuck at an odd B+, unable to move beyond PAPERMOON’s established 90/100 standard. Alas, alas.",Little Mix,Secret Love Song,,,Little Mix,Secret Love Song,,
2021-03-13,92,Girl’s Day – Expectation,"nd, I had high expectations — and they were not let down. Only slightly worse than Selfie Face. (A-)",Girl’s Day,Expectation,,,Girl’s Day,Expectation,,
2021-03-14,72,MDK – Press Start,est in the middle to raise it above the bar offered by Hot Air Balloon/Bottom of Deep Blue Sea. (B+),Press Start,MDK,,,Press Start,MDK,,
2021-03-15,,Rematch: Hot Air Balloon VS Bottom of the Deep Blue Sea,"ew lines, and you will satisfy seldiora.

The winner is still Hot Air Balloon by a very slim margin.",Rematch,Hot Air Balloon VS Bottom of the Deep Blue Sea,,,Rematch,Hot Air Balloon VS Bottom of the Deep Blue Sea,,
2021-03-18,92,HEATHENS – Twenty One Pilots,"which goes along very well, had it not contradicted the song idea. (for more, See: The Arena)  (A-)",Twenty One Pilots,HEATHENS,,,Twenty One Pilots,HEATHENS,,
2021-03-20,82,Sheppard – Learning To Fly,A very solid and inspiring song overall with no significant flaws. On par with Selfie Face. (A-),Sheppard,Learning To Fly,,,Sheppard,Learning To Fly,,
2021-03-22,82,KSI – Patience ft. YUNGBLUD & Polo G,rest of the song is fine. Not nearly interesting to compete in the Hot Air Balloon competition. (B-),KSI,Patience ft. YUNGBLUD & Polo G,,,KSI,Patience ft. YUNGBLUD & Polo G,,
2021-03-23,84,Jon Bellion – Woke The F*ck Up,"ly becomes a four chord progression ballad, which doesn’t really help. Not significantly better. (B)",Jon Bellion,Woke The F*ck Up,,,Jon Bellion,Woke The F*ck Up,,
2021-03-24,78,Level 99 Games – Fabricated Legend (Eligor’s Theme),"lear here, the thoughtful process shines through and creates a neat little soundtrack. Not bad. (C+)",Level 99 Games,Fabricated Legend (Eligor’s Theme),,,Level 99 Games,Fabricated Legend (Eligor’s Theme),,
2021-03-24,82,Level 99 Games – Treasure Best Left Forgotten (Shekhtur’s theme),"be a speedster. Nevertheless, it has some exotic flavors that work pretty well. Pretty decent. (B-)",Level 99 Games,Treasure Best Left Forgotten (Shekhtur’s theme),,,Level 99 Games,Treasure Best Left Forgotten (Shekhtur’s theme),,
2021-03-24,75,Level 99 Games – Dystopian Gate (Khadath’s Theme),"ly with his dodgy effects. As such, minus some points for missing the feeling of his playstyle. (C+)",Level 99 Games,Dystopian Gate (Khadath’s Theme),,,Level 99 Games,Dystopian Gate (Khadath’s Theme),,
2021-03-24,72,Level 99 Games – Underground Project (Hikaru’s theme),doesn’t feel anything special about this theme sadly. Feels about average at best. Sorry Hikaru! (C),Level 99 Games,Underground Project (Hikaru’s theme),,,Level 99 Games,Underground Project (Hikaru’s theme),,
2021-03-24,82,Level 99 Games – Ignore the Primordial Warning (Luc’s Theme),"and the soundtrack is decently fitting. Not quite near the top 85’s level, but definitely solid. (B)",Level 99 Games,Ignore the Primordial Warning (Luc’s Theme),,,Level 99 Games,Ignore the Primordial Warning (Luc’s Theme),,
2021-03-24,78,Level 99 Games – Fatal Encounter (Rukyuk’s Encounter),"very clear from the slightly smart sounding soundtrack. It’s not perfect, but it does its work. (C+)",Level 99 Games,Fatal Encounter (Rukyuk’s Encounter),,,Level 99 Games,Fatal Encounter (Rukyuk’s Encounter),,
2021-03-24,65,Level 99 Games – Follow the Moonlit Autumn Path (Kallistar’s Theme),"D A E D A E D” theme repeating throughout, and the different motifs definitely are interesting. (B-)",Level 99 Games,Follow the Moonlit Autumn Path (Kallistar’s Theme),,,Level 99 Games,Follow the Moonlit Autumn Path (Kallistar’s Theme),,
2021-03-24,90,Level 99 Games – Monument (Cesar’s Theme),"comparing it to the 90/100’s standard, Selfie Face/ Papermoon, as it stands strong on its own. (A-)",Level 99 Games,Monument (Cesar’s Theme),,,Level 99 Games,Monument (Cesar’s Theme),,
2021-03-25,88,I Fight Dragon – Eighteen,"eed, the song has got it all — it’s got nothing. Slightly better than Hot Air Balloon, I’d say. (B+)",Eighteen,I Fight Dragon,,,Eighteen,I Fight Dragon,,
2021-03-28,85,Raccy – Through Money,upports the funky nature of Bongcloud in chess quite well. Not quite as good as Hot Air Balloon. (B),Through Money,Raccy,,,Through Money,Raccy,,
2021-03-29,72,Battle of the 72’s,"while PB’s song is quite challenging and an outlier on my song list, it is the best of the 72/100’s.",,,,,,,,
2021-03-30,48,Celebrate Summer – T. Rex,"mmer”. Even though this song is a bit obscure, I’ll be a bit critical here and give this song 48/100",Celebrate Summer,T. Rex,,,Celebrate Summer,T. Rex,,
2021-03-30,63,The Song We Were Singing – Paul McCartney,"Not a big fan of this song, but it’s not too shabby. 63/100",Paul McCartney,The Song We Were Singing,,,Paul McCartney,The Song We Were Singing,,
2021-03-30,41,American Tune – Paul Simon,Just a bit too mundane and down low to impress me. 41/100,Paul Simon,American Tune,,,Paul Simon,American Tune,,
2021-03-30,47,Along Came Mary – Roger Hodgson,"esting, but the beginning sadly ruins the show. Since half the song was good, I’ll give this 47/100.",Roger Hodgson,Along Came Mary,,,Roger Hodgson,Along Came Mary,,
2021-03-30,20,Clump – Iamamiwhoami,"to Locrian (?) Key and completely off from my desired style. Must listen to this later. (F, 20/100)",Clump,Iamamiwhoami,,,Clump,Iamamiwhoami,,
2021-03-30,24,The Full Graft – Xploding Plastix,"on this song? Some weird experimental electronic bongling gibberish… eh, yeah, not my thing (24/100)",Xploding Plastix,The Full Graft,,,Xploding Plastix,The Full Graft,,
2021-03-30,39,Sweet Jane – Cowboy Junkie,Zzzzz…. this is basically if Jose Gonzales Crosses was way too sleepy. Come on man. (39/100),Cowboy Junkie,Sweet Jane,,,Cowboy Junkie,Sweet Jane,,
2021-03-30,43,She – Charles Aznavour,A little too mundane and uninteresting for me (43/100),Charles Aznavour,She,,,Charles Aznavour,She,,
2021-03-30,21,Brain Damage/Eclipse – Pink Floyd,", Time, Money, Comfortably Numb). Sadly, it looks like they received Brain Damage this song (21/100)",Pink Floyd,Brain Damage/Eclipse,,,Pink Floyd,Brain Damage/Eclipse,,
2021-03-31,90,Rodrigo y Gabriela- “Hanuman”,"ul song with plenty of fresh air. Reminds me a little of Alexander Jean. 

Original Rating: (A ~ 97)",“Hanuman”,Rodrigo y Gabriela- “Hanuman”,,,“Hanuman”,Rodrigo y Gabriela- “Hanuman”,,
2021-03-31,36,Justin Beiber – Love Yourself,I cannot love my past self’s taste decisions. This song has since gotten old and dry. Next! (36/100),Justin Beiber,Love Yourself,,,Justin Beiber,Love Yourself,,
2021-03-31,86,Michael Bolton – Go the Distance,"singing proves that they will go the distance, and that every mile will be worth the while. (A ~96)",Michael Bolton,Go the Distance,,,Michael Bolton,Go the Distance,,
2021-04-02,84,Yakuza OST – Baka Mitai,s is powerful and the melody is very moving (84/100). Very fitting for chess memes and Yakuza alike.,Yakuza OST,Baka Mitai,,,Yakuza OST,Baka Mitai,,
2021-04-02,74,Allie X – Downtown,"well, though I’m tempted to remove this due to its sexual theme. Bleh, past self taste. (C, 74/100)",Allie X,Downtown,,,Allie X,Downtown,,
2021-04-03,95,Chopin – Etude Op. 25 No. 5 (Wrong Note Etude),"hopin proves that with skilled composition, there are hardly any “wrong notes” in music. (A ~95/100)",Chopin,Etude Op. 25 No. 5 (Wrong Note Etude),,,Chopin,Etude Op. 25 No. 5 (Wrong Note Etude),,
2021-04-04,88,Blackalicious – Alphabet Aerobics,"just that it’s more about impressiveness than actual melody, story, or meaning, unfortunately. (B+)",Blackalicious,Alphabet Aerobics,,,Blackalicious,Alphabet Aerobics,,
2021-04-04,42,The Zombies – Care of Cell 44,Too average to be impressive. (42/100),The Zombies,Care of Cell 44,,,The Zombies,Care of Cell 44,,
2021-04-04,13,"“!aaaH-aH ,yawA eM ekaT oT gnimoC er’yehT”, Napoleon XIV","is such a novelty that I won’t give it absolute 0, but it’s insufferable and sounds cursed. (13/100)","aH ,yawA eM ekaT oT gnimoC er’yehT”, Napoleon XIV","“!aaaH-aH ,yawA eM ekaT oT gnimoC er’yehT”, Napoleon XIV",,,"aH ,yawA eM ekaT oT gnimoC er’yehT”, Napoleon XIV","“!aaaH-aH ,yawA eM ekaT oT gnimoC er’yehT”, Napoleon XIV",,
2021-04-04,4,(You’re) Having My Baby – Paul Anka and Odia Coates,"e songs at the bottom of my list, this song receives a 004/100 for seeming like they actually tried.",Paul Anka and Odia Coates,(You’re) Having My Baby,,,Paul Anka and Odia Coates,(You’re) Having My Baby,,
2021-04-04,18,The Birdie Song (1981) – The Tweets,Bad but relatively harmless. 18/100,The Tweets,The Birdie Song,,,The Tweets,The Birdie Song,,
2021-04-04,3,"“Mr Blobby”, Mr Blobby",Pretty terrible. 003/100,,"“Mr Blobby”, Mr Blobby",,,,"“Mr Blobby”, Mr Blobby",,
2021-04-04,5,Sisqo – Thong Song,"The melody is okay, but the abuse of sexual lyrics is pretty terrible. 005/100",Thong Song,Sisqo,,,Thong Song,Sisqo,,
2021-04-04,10,NewSong – The Christmas Shoes,"For a Christmas song, this sounds okay on the surface, but the lyrics are ridiculous! 10/100",The Christmas Shoes,NewSong,,,The Christmas Shoes,NewSong,,
2021-04-04,85,My Chemical Romance – Welcome To The Black Parade,"get to the good part, but I don’t mind (except that it is bested by Papermoon in this aspect). (B+)",My Chemical Romance,Welcome To The Black Parade,,,My Chemical Romance,Welcome To The Black Parade,,
2021-04-06,76,Panic! at the Disco – Casual Affair,"usual combined with autotune, but the melody is acceptable and the song seems fine overall. (76/100)",Panic! at the Disco,Casual Affair,,,Panic! at the Disco,Casual Affair,,
2021-04-07,82,Within Temptation – Ice Queen,"four chord progression, Ice Queen avoids any cliche messages and keeps a relatively solid rock. (B+)",Within Temptation,Ice Queen,,,Within Temptation,Ice Queen,,
2021-04-08,45,Nihiloxica – Tewali Sukali,"The drum beats could definitely be worse, but it’s just too strange and non-melodic for me. (45/100)",Nihiloxica,Tewali Sukali,,,Nihiloxica,Tewali Sukali,,
2021-04-08,32,Air Afrique (Wind) – Jon Hassell and Farafina,against each other and the bongo’s just goin sky high with the weird voices… not my style. (32/100),Air Afrique (Wind),Jon Hassell and Farafina,,,Air Afrique (Wind),Jon Hassell and Farafina,,
2021-04-08,12,"Long Road, No Turns – Daughters",Is this meant to convey insanity and absurd dissonant stuff? Totally not my thing (12/100),Daughters,"Long Road, No Turns",,,Daughters,"Long Road, No Turns",,
2021-04-10,88,Apink – Dumhdurum,"beats raise it higher than usual and I greatly enjoy the titular “Dumhdurum”. Nicely done. (A-, 91)",Apink,Dumhdurum,,,Apink,Dumhdurum,,
2021-04-10,46,"Track X – Black Country, New Road",Very normal sounding Indie song. Bleh. (46/100),"Black Country, New Road",Track X,,,"Black Country, New Road",Track X,,
2021-04-11,78,Tuesday and Carole – Move Mountains,"py and nothing too special, unfortunately. Not bad for imitation of “AI generated song” though. (C+)",Tuesday and Carole,Move Mountains,,,Tuesday and Carole,Move Mountains,,
2021-04-13,85,【Inaba Cumori ft. Kaai Yuki】 Lost Umbrella,Japanese song. Listening to this is like finding a lost umbrella. Must try to hear this again… (B+),Kaai Yuki】 Lost Umbrella,【Inaba Cumori,,,Kaai Yuki】 Lost Umbrella,【Inaba Cumori,,
2021-04-13,93,New York I Love You – LCD Soundsystem,this song above PAPERMOON standards. Whoever originally found this combination: Excellent work. (A-),LCD Soundsystem,New York I Love You,,,LCD Soundsystem,New York I Love You,,
2021-04-13,38,Early Morning Blues and Greens – The Monkees,"For some reason, the lacklustre voice is extra bad and just completely outside of my taste. (38/100)",The Monkees,Early Morning Blues and Greens,,,The Monkees,Early Morning Blues and Greens,,
2021-04-13,94,Chopin – Revolutionary Etude,"being difficult and challenging, just like the powerful mood depicted in the piece. Solid A (94/100)",Chopin,Revolutionary Etude,,,Chopin,Revolutionary Etude,,
2021-04-13,99,Listz – Fuex Follets,"sible to play, the playful mystical mood of the song is fantastical and great to listen to. (99/100)",Listz,Fuex Follets,,,Listz,Fuex Follets,,
2021-04-14,92,Eminem – Mockingbird,"lative idea overall. Slightly superior to Papermoon/Selfie Face, but hard to compare otherwise. (A-)",Eminem,Mockingbird,,,Eminem,Mockingbird,,
2021-04-15,92,Paramore – Decode,"ently strong rock song, but doesn’t have much twists or turns to surpass a song like PAPERMOON. (A-)",Paramore,Decode,,,Paramore,Decode,,
2021-04-16,14,ppcocaine – S.L.U.T.,"mpletely garbage and meaningless, with the provocative title providing nothing interesting. (14/100)",S.L.U.T.,ppcocaine,,,S.L.U.T.,ppcocaine,,
2021-04-17,80,Pendulum – The Island pt 2 (Dusk),e four chord progression interruption seems more like a cop out than a necessary inclusion. (80/100),Pendulum,The Island pt 2 (Dusk),,,Pendulum,The Island pt 2 (Dusk),,
2021-04-18,60,"Disclosure, Aminé, slowthai – My High","songs” argument, My High is just a little off base and feels too strange for my taste. (60/100 – F+)","Disclosure, Aminé, slowthai",My High,,,"Disclosure, Aminé, slowthai",My High,,
2021-04-19,80,Stephanie Mabey – Zombie Song,"nd goofy, this is *mabey* a good song, but some people might prefer a more serious message. (80/100)",Stephanie Mabey,Zombie Song,,,Stephanie Mabey,Zombie Song,,
2021-04-20,84,Jessie Ware – Soul Control,azuli’s ratings. It’s arguably a niche counter to Hot Air Balloon or Bottom of Deep Blue Sea. 84/100,Jessie Ware,Soul Control,,,Jessie Ware,Soul Control,,
2021-04-22,95,Hooverphonics – Mad About You,"with a very soothing sensual voice, you could say I’m Mad About You, Hooverphonics. (A)",Hooverphonics,Mad About You,,,Hooverphonics,Mad About You,,
2021-04-23,88,Scatman – Scatman John,"ite significantly from my usual pop rock selection, though not from the older electronic songs. (B+)",Scatman John,Scatman,,,Scatman John,Scatman,,
2021-04-24,97,A Lin [A-Lin] – Love,er by converting it more to a Ballad pop idea. I think it makes the sad break up even more powerful.,Love,A Lin [A-Lin],,,Love,A Lin [A-Lin],,
2021-04-25,97,Special Match/Battle: Refrain (Ian) VS Love (A-Lin),"ely Ian’s voice isn’t as showman-like or powerful as A-Lin, allowing me to throw Ian into obscurity.",A-Lin,Special Match/Battle: Refrain (Ian) VS Love,,,A-Lin,Special Match/Battle: Refrain (Ian) VS Love,,
2021-04-27,85,Ariana Grande – 34+35,"h 69 and “fuck me till the daylight”, Ariana’s pop song is reasonably catchy and well sung. (85/100)",Ariana Grande,34+35,,,Ariana Grande,34+35,,
2021-04-28,85,Cassadee Pope – I Am Invincible,"sn’t sure the lyrics especially concerning “diamond cut to last”, but the song is fine overall. (B+)",Cassadee Pope,I Am Invincible,,,Cassadee Pope,I Am Invincible,,
2021-04-30,35,The Wind – Cat Stevens,"no no no no…. too boring, even worse than Dear One by George Harrison. (F ~ 35/100?)",Cat Stevens,The Wind,,,Cat Stevens,The Wind,,
2021-05-01,92,Long Shot – Mayu Maeshima,"ar more fitting to me, and the song is quite powerful overall — even if a step below PAPERMOON. (A-)",Mayu Maeshima,Long Shot,,,Mayu Maeshima,Long Shot,,
2021-05-02,95,Yurima – River Flows in You,worth. Even the lyrical version isn’t too much worse. The only part I don’t like is the ending. (A),Yurima,River Flows in You,,,Yurima,River Flows in You,,
2021-05-04,82,ILIRA​ x VIZE – Dynamite,ayed — while being a bit worse than Gareth Emery’s same-named song. Too short to know for sure. (B-),Dynamite,ILIRA​ x VIZE,,,Dynamite,ILIRA​ x VIZE,,
2021-05-04,85,BTS – Dynamite,"BTS delivers a powerful, even if poppy song. Definitely better than Taio Cruz’s Dynamite though. (B)",BTS,Dynamite,,,BTS,Dynamite,,
2021-05-05,15,Beach Boy – God Only Knows,t my thing. All beach boy songs are not great at all. Kinda mundane and just flows through. (15/100),God Only Knows,Beach Boy,,,God Only Knows,Beach Boy,,
2021-05-11,62,anson seabra – that’s us,"asure. And I can take it all, for worse or better. Not a bad song — on par with Hot Air Balloon. (B)",anson seabra,that’s us,,,anson seabra,that’s us,,
2021-05-11,100,Ratt – Lay it Down,"hell is this guy and why haven’t I heard him? Here you go, a very rare perfect score. (100/100, A++)",Ratt,Lay it Down,,,Ratt,Lay it Down,,
2021-05-13,88,Stellar – El Dorado,"It’s very short to judge properly, but what is there is quite curious of a song. (B+)",Stellar,El Dorado,,,Stellar,El Dorado,,
2021-05-16,78,RŮDE – Iris,"peating listens. (C+)

[C A A, C C B,  C A A, C C B,  (occasional pause) A E E, G D D(E?), E A B G#]",Iris,RŮDE,,,Iris,RŮDE,,
2021-05-17,85,Ballad of Princess Star – Patrick Stump,"as. Overall, quite an insane song, arguably comparable to a modern attempt at Bohemian Rhapsody. (B)",Patrick Stump,Ballad of Princess Star,,,Patrick Stump,Ballad of Princess Star,,
2021-05-19,72,The Script – Make Up,"a little cliche, the subtle melody choices raise it above your average pop song in my opinion. (C+)",The Script,Make Up,,,The Script,Make Up,,
2021-05-21,75,Peter Bence – The Awesome Piano,can only carry the song for so long… I feel it’s overall lacking something truly unique. (Grade: C),The Awesome Piano,Peter Bence,,,The Awesome Piano,Peter Bence,,
2021-05-27,93,Rematch: Earth Song (Amadeus String Quartet) VS Fix (Chris Lane),"vely set in place despite Fix’s promotion.

Congratulations, Chris Lane. You got better over time. 🙂",Chris Lane,Rematch: Earth Song (Amadeus String Quartet) VS Fix,,,Chris Lane,Rematch: Earth Song (Amadeus String Quartet) VS Fix,,
2021-05-30,94,2021: Battle of the 94’s,"Minor and Shadows still got a bit old, and the uniqueness of Chris Lane creates an outstanding idea.",2021,Battle of the 94’s,,,2021,Battle of the 94’s,,
2021-06-01,34,Siempre Vas – El Kinto,"Bahh…. just really really nothing standing out about it, really. Too boring. 34/100",El Kinto,Siempre Vas,,,El Kinto,Siempre Vas,,
2021-06-03,84,"Panic! at the Disco –  Hey Look Ma, I Made It",A neat decent song that is probably on par ish with Hot Air Balloon. At least he made it! 84/100,Panic! at the Disco,"Hey Look Ma, I Made It",,,Panic! at the Disco,"Hey Look Ma, I Made It",,
2021-06-04,93,Diablo Swing Orchestra – Voodoo Mon Amour,"uffle, followed by the pop song “Love the Way You Lie”. More on that insane comparison later. XD (B)",Diablo Swing Orchestra,Voodoo Mon Amour,,,Diablo Swing Orchestra,Voodoo Mon Amour,,
2021-06-04,93,Eminem – Love the Way You Lie ft. Rihanna,"l delivers strong verses to support the power choruses. Nice song overall, even if a bit poppy. (B+)",Eminem,Love the Way You Lie ft. Rihanna,,,Eminem,Love the Way You Lie ft. Rihanna,,
2021-06-06,96,Special Match: No Time to Die (Billie Eilish) VS Night Vision (Lindsey Stirling),"ons, Billie. You are now the best 96/100. More to come with whether it deserves to go to 97’s later.",Lindsey Stirling,Special Match: No Time to Die (Billie Eilish) VS Night Vision,,,Lindsey Stirling,Special Match: No Time to Die (Billie Eilish) VS Night Vision,,
2021-06-10,,Special Match: Lapis Lazuli (Eir Aoi) Vs Wish You Were Here (Avril Lavigne),"ideas are stronger than Avril, and win out by a little bit. Even if I’m a little tired of the song.",Avril Lavigne,Special Match: Lapis Lazuli (Eir Aoi) Vs Wish You Were Here,,,Avril Lavigne,Special Match: Lapis Lazuli (Eir Aoi) Vs Wish You Were Here,,
2021-06-10,,Battle of the 89’s,"he lo-fi hip hop nature of Powfu better than the old school style of Bust.

The winner is Death Bed.",,,,,,,,
2021-06-15,85,Jess Lee – Suffering,creates a love song at least on the level of Hot Air Balloon — even if arguably not as creative. (B),Suffering,Jess Lee,,,Suffering,Jess Lee,,
2021-06-16,,Music Personality/Taste Over Time!,"resent: Continue Variations

Coldplay – Coloratura, Why Don’t We – Fallin’, Alstroemeria – Inclusion",,,,,,,,
2021-06-17,82,Carly Rae Jepson – Curiosity,"nts a nice poppy hit that does nicely and overall has a good theme, despite the “oh oh oh” idea. (B)",Carly Rae Jepson,Curiosity,,,Carly Rae Jepson,Curiosity,,
2021-06-18,92,Sheppard  – Die young,"ative and fresh sounding than the same named song by Kesha, Sheppard delivers an excellent hit. (B+)",Sheppard,Die young,,,Sheppard,Die young,,
2021-06-21,95,Hans Zimmer – Time,but the electric guitar really brings out the subtleties in the theme. A master piece overall. (A+),Hans Zimmer,Time,,,Hans Zimmer,Time,,
2021-06-22,62,Amphibia Theme Song,"do”, or using an Indian accent to sing more varied tune, or not using as much autotune. Ruined. (D-)",,,,,,,,
2021-06-26,88,Sam Riegel – Your Turn to Roll,"s very well written, even if a bit short. It’s not a natural 20, but it’s definitely a success. (B+)",Sam Riegel,Your Turn to Roll,,,Sam Riegel,Your Turn to Roll,,
2021-06-29,82,Aviators – Traveler’s Song,"with a strong fantasy theme, the Traveler’s Song is a nice potential to add to my favorites. (B+)",Aviators,Traveler’s Song,,,Aviators,Traveler’s Song,,
2021-07-03,,Breath and Bone – Wizard With A Gun,at quiet moment of “hammer come down with a heady blow”. I still wish there was an extended version…,Breath and Bone,Wizard With A Gun,,,Breath and Bone,Wizard With A Gun,,
2021-07-10,,Special Battle: FLYERS by BRADIO vs Go the Distance (Michael Bolton),"cing is too fast and similar to other k-rock in order to win. 

The better song, is Go the Distance.",BRADIO vs Go the Distance (Michael Bolton),Special Battle: FLYERS,,,BRADIO vs Go the Distance (Michael Bolton),Special Battle: FLYERS,,
2021-07-13,85,Layto – Beauty,", especially with the “oh it’s so so sweet”, even with the repetition. Let’s see if it survives… (B)",Layto,Beauty,,,Layto,Beauty,,
2021-08-02,96,Phoenix – Fall Out Boy,"indeed. (Okay, it’s August, but whatever). Great song overall with very powerful chorus. A (96/100)",Fall Out Boy,Phoenix,,,Fall Out Boy,Phoenix,,
2021-08-04,82,Sasha Alex Sloan – Lie,"ut it seems very nice with potential. I’m sure Sloan would want me to lie, lie, lie to her face… (B)",Sasha Alex Sloan,Lie,,,Sasha Alex Sloan,Lie,,
2021-08-07,,We Are Pillows – The Ides of March,Yes… you are pillows… zzzz (goes to sleep).,The Ides of March,We Are Pillows,,,The Ides of March,We Are Pillows,,
2021-08-07,17,Tag You’re It – Ask The Slave,No…. not that much better than Melanie Martinez’s same song name. (17/100),Ask The Slave,Tag You’re It,,,Ask The Slave,Tag You’re It,,
2021-08-11,85,JAWS – Dive Back in Time,"beating Seven Nation Army. It may be only 85/100, but it’s perhaps the most perfect 85 of all time.",JAWS,Dive Back in Time,,,JAWS,Dive Back in Time,,
2021-08-12,6,Sarah Brand – Red Dress,"an indie pop ridiculousness. Probably the former, but still going to put a bad score to it. 006/100.",Sarah Brand,Red Dress,,,Sarah Brand,Red Dress,,
2021-08-13,,Battle of the 97’s,"meaning and intentions of the songs are simply too difficult to compare. Well done, the two of you.",,,,,,,,
2021-08-13,95,Thousand Foot Crutch – Lifeline,"w this yet. A fine, even if slightly predictable song. Nearly as good as PAPERMOON, I dare say. (A-)",Lifeline,Thousand Foot Crutch,,,Lifeline,Thousand Foot Crutch,,
2021-08-17,95,BoA -Camo,"A difficult comparison to a song like AoA’s Confused, but slightly worse I feel. (B+)",Camo,BoA -Camo,,,Camo,BoA -Camo,,
2021-08-18,53,The Kudu – Once More,e song contains nothing of big interest. I’m afraid I won’t be listening to this *once more*. 53/100,Once More,The Kudu,,,Once More,The Kudu,,
2021-08-18,72,Ratings without a song assigned,to see these ratings accomplished one by one. I may move down some of my other mediocre songs down.,,Ratings without a song assigned,,,,Ratings without a song assigned,,
2021-08-18,31,Midnight – HM Surf,"this slow dumb stuff, but at least it gives me something to use my lower number ratings for. 31/100.",HM Surf,Midnight,,,HM Surf,Midnight,,
2021-08-18,27,Wolf – DJ Politik,"r weekly getting the worst, so let’s knock out another rating while we’re at the mumble raps. 27/100",DJ Politik,Wolf,,,DJ Politik,Wolf,,
2021-08-19,79,Izzy Bizu – Faded,"inst modern pop songs (ahem, cough, Alan Walker same name song), Izzy presents a nice tune. (79/100)",Faded,Izzy Bizu,,,Faded,Izzy Bizu,,
2021-08-19,2,Earth – Lil Dicky,re purpose. I’d say it deserves the rare “lucky” rating out of the worst reviews.Original rating: 7.,Earth,Lil Dicky,,,Earth,Lil Dicky,,
2021-08-19,9,narpy – wanna go?,Standard dumb rap song. 9/100.,narpy,wanna go?,,,narpy,wanna go?,,
2021-08-19,29,RiceGum – Its EveryNight Sis,ikely being a parody of Everyday Bro. So I arbitrarily assign a low score between 20 and 30. 29/100.,RiceGum,Its EveryNight Sis,,,RiceGum,Its EveryNight Sis,,
2021-09-05,92,Coldplay – Coloratura,a somewhat powerful progressive rock song. Many think the song similar to Pink Floyd; I agree. (A-),Coldplay,Coloratura,,,Coldplay,Coloratura,,
2021-09-12,92,J. Rey Soul – PULL UP,"Probably about cars, a pretty unique Daft-Punk esque type of groove. I like it! (A-)",J. Rey Soul,PULL UP,,,J. Rey Soul,PULL UP,,
2021-09-12,93,RIELL – Golden,"on of the title, but I love the way she sings “me, me”, however strong production effect it is. (B+)",RIELL,Golden,,,RIELL,Golden,,
2021-09-12,85,ALSTROeMERIA – Valkyrja,"aylist by the same artist for 9 years. Still, an intriguing idea. May keep a look on this later. (B)",ALSTROeMERIA,Valkyrja,,,ALSTROeMERIA,Valkyrja,,
2021-09-12,75,Alstroemeria – 夜空,"ing for… but, I’m low on activity, so why not. This one’s a standard j-rock song, unfortunately. (C)",Alstroemeria,夜空,,,Alstroemeria,夜空,,
2021-09-12,88,Queen – We Will Rock You,solid rock song that fulfills its title. Great classic that doesn’t need many words to describe. (A),Queen,We Will Rock You,,,Queen,We Will Rock You,,
2021-09-12,85,Ne-Yo – So Sick,"n R&B classic that I can sympathize with, especially since I’m shuffling into all my same songs… (B)",Ne-Yo,So Sick,,,Ne-Yo,So Sick,,
2021-09-14,92,TheFatRat – The Storm (ft. Maisy Kay),get enough of this fresh and unique sounding song featuring the Na’vi language! Excellent work. (A),TheFatRat,The Storm (ft. Maisy Kay),,,TheFatRat,The Storm (ft. Maisy Kay),,
2021-09-15,95,Autoheart – We Can Build a fire,"A rather regular indie song, though it seems most of Autoheart’s standard songs are like this. (C-)",Autoheart,We Can Build a fire,,,Autoheart,We Can Build a fire,,
2021-09-16,75,ALSTROeMERIA – Iddun’s Apple,"the partially Egyptian influences are interesting, but the autotune is overwhelming. (C)",ALSTROeMERIA,Iddun’s Apple,,,ALSTROeMERIA,Iddun’s Apple,,
2021-09-20,88,Gracey – Like That,"so much, but I enjoy it thus far. Just beware, I can change my view, just like *snap* 

–that. (B+)",Like That,Gracey,,,Like That,Gracey,,
2021-09-24,88,Alexander Jean – Pain,"re “breathing” (breaks) in the song would be appreciated. I like the gradual build up, however. (B+)",Alexander Jean,Pain,,,Alexander Jean,Pain,,
2021-09-25,88,Mashup of every TheFatRat song ever (Beyond Gaia’s Horizon),Monody (“Summer in the Hills”) is a bit counter intuitive to the message of the original song. (B+),,,,,,,,
2021-09-29,92,X Ambassador – Beautiful Liar,"sleek. Fortunately, I do not need to be a beautiful liar about this one. Solid melody and idea. (A)",X Ambassador,Beautiful Liar,,,X Ambassador,Beautiful Liar,,
2021-10-03,85,WORN OUT TAPES by peak divide & Rachel Lake,"With a nice Asian style opening, even the soft voice still results in a decent song overall. (B+)",peak divide & Rachel Lake,WORN OUT TAPES,,,peak divide & Rachel Lake,WORN OUT TAPES,,
2021-10-03,72,This is Halloween – Marilyn Manson,"to the movie, and the message is utterly indecipherable on its own. An average song all in all. (C+)",Marilyn Manson,This is Halloween,,,Marilyn Manson,This is Halloween,,
2021-10-05,75,Coldplay – My Universe,"low with no special traits, being a complete opposite to their progressive rock hit, Coloratura. (C)",Coldplay,My Universe,,,Coldplay,My Universe,,
2021-10-06,68,Absorption · Silver Maple,"like Taylor’s, but doesn’t have a powerful climax. Slightly disappointing, but not too shabby. (C+)",Silver Maple,Absorption · Silver Maple,,,Silver Maple,Absorption · Silver Maple,,
2021-10-06,93,Wizard Love – Meekakitty ft heyhihello,nice call back and reasonable for a fan made song. Pretty similar to most love based pop songs. (B-),Wizard Love,Meekakitty ft heyhihello,,,Wizard Love,Meekakitty ft heyhihello,,
2021-10-06,82,Giorgio Gaber IL – Conformista,"Sadly, it doesn’t quite pack the punch of Simply Three’s song’s Hook. Overall, not too shabby. (B-)",Giorgio Gaber IL,Conformista,,,Giorgio Gaber IL,Conformista,,
2021-10-08,75,Static-P – Nightmare,voices. Still… I’d say it’s certainly better than pure autotune rap songs about adult nonsense. (C),Static-P,Nightmare,,,Static-P,Nightmare,,
2021-10-08,13,Prada – 24kGoldin,A talentless cursed autotune nonsense song. 13/100.,24kGoldin,Prada,,,24kGoldin,Prada,,
2021-10-11,88,Gawr Gura – Reflect,"es make the chorus and bridges slightly weaker, but overall the song is very unique. I like it. (B+)",Reflect,Gawr Gura,,,Reflect,Gawr Gura,,
2021-10-15,,Gold rush – Emma Stevens,"milar four chord progression) in my songs, or more well known “Only Teardrops” the Eurovision winner",Emma Stevens,Gold rush,,,Emma Stevens,Gold rush,,
2021-10-17,82,Brictom – Eluveitie,along fine like a medieval Scottish town. Even if it is admittedly a little messy at the edges. (C+),Brictom,Eluveitie,,,Brictom,Eluveitie,,
2021-10-20,88,Caelestinum Finale Termini by Yu-peng chen,es are very dramatic without overdoing it. Great work and one of the best of Genshin soundtrack. (A),Yu-peng chen,Caelestinum Finale Termini,,,Yu-peng chen,Caelestinum Finale Termini,,
2021-10-25,95,Archie – Back Again,"ice electronic beat, the song ensures I will be *back again*, and again, to listen to this song. (A)",Archie,Back Again,,,Archie,Back Again,,
2021-10-29,88,Flowers of Hell – Amalee,owed by same named songs of orchestral origins — Flowers of Hell is catchy and mighty exciting. (B+),Amalee,Flowers of Hell,,,Amalee,Flowers of Hell,,
2021-10-30,85,Set It Off – Skeleton,"n if it’s for a little. I don’t really 100% understand the song meaning, but seems kinda catchy. (B)",Set It Off,Skeleton,,,Set It Off,Skeleton,,
2021-11-07,82,Ed Sheeran – Shivers,"however, the four chord progression twist is done well, and Ed delivers a decent solid pop song. (B)",Ed Sheeran,Shivers,,,Ed Sheeran,Shivers,,
2021-11-07,82,Super Eurobeat – Deja Vu,"a decently strong song, despite losing a “random song contest” between my songs I hosted once. (B-)",Super Eurobeat,Deja Vu,,,Super Eurobeat,Deja Vu,,
2021-11-09,85,Koko – The Last Bullet,haps the final obstacle to lead the way to her goal. What crazy creativity Japanese people have. (B),The Last Bullet,Koko,,,The Last Bullet,Koko,,
2021-11-10,82,Nerina Pallot – Human,"ur scars.” A nicely sung find, even if not as unique as her jazz hit “heart is a lonely hunter”. (B)",Nerina Pallot,Human,,,Nerina Pallot,Human,,
2021-11-14,95,Tom Cardy – Why am I Anxious?,"Funny, funky, Tom delivers a short but intriguing hit that is very relatable. (A)",Why am I Anxious?,Tom Cardy,,,Why am I Anxious?,Tom Cardy,,
2021-11-17,95,Constellations – Jade LeMac,"wever, the lack of variation in loudness overall prevent this song from reaching the “A” level. (B-)",Jade LeMac,Constellations,,,Jade LeMac,Constellations,,
2021-11-19,95,Slash – Mind Your Manners,"ul chorus, you better Mind Your Manners around me if you want to carelessly criticize this song… (A)",Mind Your Manners,Slash,,,Mind Your Manners,Slash,,
2021-11-27,85,Invisible Wings – Angela Zhang,"upbeat. The slower ballad is less catchy, but seems to have more meaning in it. Not bad overall. (B)",Angela Zhang,Invisible Wings,,,Angela Zhang,Invisible Wings,,
2021-11-30,76,bothneco — choco-mint flavor [ft. Hatsune Miku],the title is brought out. I will be keeping out a look on Mikgazer album…. (A) — pending re-listens…,bothneco,choco-mint flavor [ft. Hatsune Miku],,,bothneco,choco-mint flavor [ft. Hatsune Miku],,
2021-12-03,75,阿肆 – 热爱105°C的你,similar to the famous “xi shua shua” song by The Flowers I liked very very long ago as a child. (C),阿肆,热爱105°C的你,,,阿肆,热爱105°C的你,,
2021-12-03,82,Ronald Jenkees – Guitar Sound,"r melody cutting through the electronic production, Ronald produces a very solid *Guitar Sound*. (A)",Ronald Jenkees,Guitar Sound,,,Ronald Jenkees,Guitar Sound,,
2021-12-04,88,When You Sleep – My Bloody Valentine,"time). But again, my taste is quite different. Kudos for having an interesting melody, though. (D+)",My Bloody Valentine,When You Sleep,,,My Bloody Valentine,When You Sleep,,
2021-12-06,75,Christine Welch – 一百萬個可能/Yi Bai Wan Ge Ke Neng,"ge sense of familiar-ness. Still, I’m giving this benefit of the doubt. An okay melody overall. (C+)",Christine Welch,一百萬個可能/Yi Bai Wan Ge Ke Neng,,,Christine Welch,一百萬個可能/Yi Bai Wan Ge Ke Neng,,
2021-12-08,62,『KILLER B』by 島風,"ite catchy even if oft heard in other songs, though that doesn’t make it bad. Pretty reasonable. (B)",島風,『KILLER B』by 島風,,,島風,『KILLER B』by 島風,,
2021-12-08,65,OneRepublic – Someday,table melody and lyrics. This is utter foolishness. Try again next year One Republic… D minus grade],OneRepublic,Someday,,,OneRepublic,Someday,,
2021-12-09,95,Daniel Ingram – The Spectacle,"A good Lady Gaga parody, Spectacle is quite catchy and well done, though a bit short. (B-)",Daniel Ingram,The Spectacle,,,Daniel Ingram,The Spectacle,,
2021-12-11,91,Kaleo – No Good,"For such a title, Kaleo’s rock hit is ironically actually very good. (A — approximate rating 91/100)",No Good,Kaleo,,,No Good,Kaleo,,
2021-12-12,88,OneRepublic – Sunshine,"the song has  little bit of sunshine, but it’s just too predictable. Not great. (D-)",OneRepublic,Sunshine,,,OneRepublic,Sunshine,,
2021-12-15,75,Baby Keem – lost souls,ant to convey especially with the sexual connotation between verses. Hm…. needs more judgement. (C?),Baby Keem,lost souls,,,Baby Keem,lost souls,,
2021-12-17,75,TWRP – Starlight Brigade,"nce why this is out of my favorites list, but the animation is great and the story is admirable. (C)",Starlight Brigade,TWRP,,,Starlight Brigade,TWRP,,
2021-12-20,82,Sting – What Could Have Been,"n the context of the show. Not too shabby… though we know in his prime, *what could have been*. (B-)",Sting,What Could Have Been,,,Sting,What Could Have Been,,
2021-12-23,82,Shi Shang Zhi You Mama Hao – Carl Doy,"e song, but I see it’s actually children’s lullaby. Intriguing. A nice interpretation over here. (B)",Shi Shang Zhi You Mama Hao,Carl Doy,,,Shi Shang Zhi You Mama Hao,Carl Doy,,
2021-12-24,100,Klaus Badelt – He’s a Pirate,"g theme, the song fits the theme very well and is remarkably unique and catchy. Fantastic! (100/100)",Klaus Badelt,He’s a Pirate,,,Klaus Badelt,He’s a Pirate,,
2021-12-26,75,Jikky Bytt – Prologue [Spectacle Album],r the album and their other songs had a feeling similar to Baba is You. Though maybe that’s me. (C?),Jikky Bytt,Prologue [Spectacle Album],,,Jikky Bytt,Prologue [Spectacle Album],,
2021-12-26,79,李宇春 (Li Yuchun) – Give Me Five,kind of unique and crazy considering how “usual” the rest of song is. Pretty interesting I say. (C+),李宇春 (Li Yuchun),Give Me Five,,,李宇春 (Li Yuchun),Give Me Five,,
2021-12-27,72,Jikky Bytt – Cyber Enhanced World,"allenging and strange, Jikky delivers a curious electronic sound that has a very fitting title. (C-)",Jikky Bytt,Cyber Enhanced World,,,Jikky Bytt,Cyber Enhanced World,,
2021-12-28,13,"Alice Longyu Gao, Alice Glass – Legend",elatively high rating on RateYour Music — one of the top rated Chinese singles of all time. (13/100),"Alice Longyu Gao, Alice Glass",Legend,,,"Alice Longyu Gao, Alice Glass",Legend,,
2022-01-02,78,Blind Tyler – Edging to Insane,"t besides the inappropriate connotation, the song is surprisingly good. Has a lot of potential. (C+)",Blind Tyler,Edging to Insane,,,Blind Tyler,Edging to Insane,,
2022-01-04,78,Nerina Pallot – Put Your Hands Up,"songs don’t offer. It’s not bad, though slightly out of my taste without anything super unique. (C+)",Nerina Pallot,Put Your Hands Up,,,Nerina Pallot,Put Your Hands Up,,
2022-01-06,82,Wicked – Defying Gravity,"doesn’t defy too many expectations, but it is pretty decent. Here’s a review for you, Mango-18. (B+)",Wicked,Defying Gravity,,,Wicked,Defying Gravity,,
2022-01-07,85,BoyWithUke – Toxic,"deas as Brittney Spear’s same named song, and thus not as good. Still, got a little potential… (B…?)",BoyWithUke,Toxic,,,BoyWithUke,Toxic,,
2022-01-08,39,Selena Gomez – Come and Get It,eat. It’s not like Toxic that skillfully had a cool sample or anything really. (F — about … 39/100?),Selena Gomez,Come and Get It,,,Selena Gomez,Come and Get It,,
2022-01-08,,Dimash – Stranger,"can see. New ground, underneath my feet. New chance to know who I amIf I have the strength to begin.",Dimash,Stranger,,,Dimash,Stranger,,
2022-01-11,93,Celeste – Strange,It is a lone woman telling of a strange love story indeed. Intriguing and has great potential. (A-),Celeste,Strange,,,Celeste,Strange,,
2022-01-11,78,Jhené Aiko – stranger,"sting (especially compared to the Arabic influenced Dimash), but it has some interesting ideas. (C+)",Jhené Aiko,stranger,,,Jhené Aiko,stranger,,
2022-01-18,80,Sweet Dreams – Eurythmics,(-22)8. I Was Here – Beyonce (-33)9. Soldier – Gareth Emery (-44)10. Cake by the Ocean – DNCE (-47),Eurythmics,Sweet Dreams,,,Eurythmics,Sweet Dreams,,
2022-01-20,95,Radiohead – Paranoid Android,"A critically acclaimed song, but really messy and strange to me overall. Very challenging! (C)",Radiohead,Paranoid Android,,,Radiohead,Paranoid Android,,
2022-01-21,72,Dark was the Night – Blind Willie Johnson,"eYourMusic, it’s just a bit too slow for me overall. Doesn’t seem to have anything too special. (C-)",Blind Willie Johnson,Dark was the Night,,,Blind Willie Johnson,Dark was the Night,,
2022-01-23,82,Charlie Puth – Light Switch,"it on the nose, the song is still fine overall. The titular gimmick isn’t too shabby. Neat idea. (B)",Charlie Puth,Light Switch,,,Charlie Puth,Light Switch,,
2022-01-26,78,Beyonce – I was Here,"s, you were here. I guess I don’t really listen to this song that often. An alright pop ballad. (B-)",Beyonce,I was Here,,,Beyonce,I was Here,,
2022-01-26,78,Tech N9ne – Face Off (Lyrics) ft. The Rock,not to mention The Rock’s well made verse. It’s unfortunate; the song definitely had potential. (C+),Tech N9ne,Face Off (Lyrics) ft. The Rock,,,Tech N9ne,Face Off (Lyrics) ft. The Rock,,
2022-01-29,85,Joanna Newsom – Have One on Me,f harp. Not too shabby… though more listens needed to hear the five star factor rated by others. (B),Joanna Newsom,Have One on Me,,,Joanna Newsom,Have One on Me,,
2022-02-04,92,Jessica Darrow – Surface Pressure,"ip” is softly sung… an interesting decision! Has a pop structure, but relatively unpredictable. (A-)",Jessica Darrow,Surface Pressure,,,Jessica Darrow,Surface Pressure,,
2022-02-13,78,Mary Mary – Shackles,ilar to the slightly annoying Dance Monkey (especially with melody difference). Not bad at all. (B+),Shackles,Mary Mary,,,Shackles,Mary Mary,,
2022-02-15,85,Lala – Just Dance (現在不跳舞要幹嘛),"wed this one… a pretty catchy funky danceable song, as the title implies. Funny music video too. (B)",Lala,Just Dance (現在不跳舞要幹嘛),,,Lala,Just Dance (現在不跳舞要幹嘛),,
2022-02-15,78,We Are Young – Fun,"ed with the “na na na na, na na na na”…. Still, it’s not too shabby even after all these years. (C+)",Fun,We Are Young,,,Fun,We Are Young,,
2022-02-15,78,Rare Americans – Hullabaloo,"ing idea is interesting, and the song has some potential, if unusual… will have to listen more… (C+)",Rare Americans,Hullabaloo,,,Rare Americans,Hullabaloo,,
2022-02-17,75,Sudan Archive – Confessions,he melody is a bit too experimental and strange. One of the weird winners of Redditvision… hmmm. (C),Confessions,Sudan Archive,,,Confessions,Sudan Archive,,
2022-02-17,100,Ado – Odo,"specially electronic sounds). I like the foreign influences, however. Not bad. Original Rating: (C+)",Ado,Odo,,,Ado,Odo,,
2022-02-21,82,Plain White T’s – Hey There Delilah,"ong before. It’s nostalgic, but I wouldn’t say “it’s what you do to me”. Still, not too shabby. (B-)",Plain White T’s,Hey There Delilah,,,Plain White T’s,Hey There Delilah,,
2022-03-08,92,Priscilla Block – Wish You Were the Whiskey,"hors, such as “bottom of the bottle”, and comparing her ex and situation to the whiskey. Bravo! (A-)",Priscilla Block,Wish You Were the Whiskey,,,Priscilla Block,Wish You Were the Whiskey,,
2022-03-11,85,uamee – Puck Footin,"fers to, and the strong melodies avoid usual rap tropes with hard base. Interesting composition. (B)",Puck Footin,uamee,,,Puck Footin,uamee,,
2022-03-11,95,Imagine Dragons – Bones,"A catchy cool minor-key pop tune, Dragons surprises me with a remarkably fresh idea. Good work! (B+)",Imagine Dragons,Bones,,,Imagine Dragons,Bones,,
2022-03-11,85,Ruth B. – Dandelions,"soft spoken and making you long for someone, Ruth gives a very sweet song overall. (B+)",Ruth B.,Dandelions,,,Ruth B.,Dandelions,,
2022-03-13,76,Rasmussen – Higher Ground,"all, and the hook “freeze the arrow in the air” is very unique. I applaud the group for efforts. (B)",Higher Ground,Rasmussen,,,Higher Ground,Rasmussen,,
2022-03-20,75,Herman Gjeitanger –  One Like Putin,"e (despite the four chord progression), but is horribly outdated now. My condolences to Ukraine. (C)",One Like Putin,Herman Gjeitanger,,,One Like Putin,Herman Gjeitanger,,
2022-03-20,85,Bang a Gong (Get It On) by T.Rex,"le song. However, I feel it’s mostly due to the other songs’ lack of quality compared to T. Rex. (B)",T.Rex,Bang a Gong (Get It On),,,T.Rex,Bang a Gong (Get It On),,
2022-03-20,92,Olivia rodrigo – drivers license,s such as the ”taunting tune” mentioned by others or the unfinished final chord are lost on me. (A-),Olivia rodrigo,drivers license,,,Olivia rodrigo,drivers license,,
2022-03-21,88,Random matchup: Ulaanbaatar at Night (Tan Wei Wei) vs drivers license (Olivia),"e unique, with the ostinato of car beep and the growth to the dreamy chorus. Great songs either way.",Random matchup,Ulaanbaatar at Night (Tan Wei Wei) vs drivers license (Olivia),,,Random matchup,Ulaanbaatar at Night (Tan Wei Wei) vs drivers license (Olivia),,
2022-03-25,82,Jericho Rose | S-Class,"obscure, the song is merely fine instead of breaching past A and into the so called ” S class”. (B-)",Class,Jericho Rose | S-Class,,,Class,Jericho Rose | S-Class,,
2022-03-27,75,Madcon – Don’t Worry,to do pretty fine with enough “interruptions” so the chorus doesn’t get too sickening overall. (C+),Don’t Worry,Madcon,,,Don’t Worry,Madcon,,
2022-03-27,93,ill peach – DANDELION,"my side” is interesting contrast with the smile or love, which is quite curious. Not bad at all… (B)",ill peach,DANDELION,,,ill peach,DANDELION,,
2022-04-01,75,Fool – Frankie Cosmos,"e v e r 1 0 0 / 1 0 0.

(Just kidding. Happy april fools everyone. This song is just okay. Grade: C)",Frankie Cosmos,Fool,,,Frankie Cosmos,Fool,,
2022-04-01,82,Tiesto – The Business,"ntly cool, Tiesto delivers an interesting song about potentially breaking up with someone else. (B-)",Tiesto,The Business,,,Tiesto,The Business,,
2022-04-01,85,Jaymes Young – Infinity,"tely don’t enjoy this as much as the title, however Jayames delivers a reasonable song overall. (B-)",Infinity,Jaymes Young,,,Infinity,Jaymes Young,,
2022-04-06,62,Bad Habits – Ed Sheeran,"bably won’tI got nothin’ left to lose, or use, or do

My bad habits lead to you

(B for bad habits.)",Ed Sheeran,Bad Habits,,,Ed Sheeran,Bad Habits,,
2022-07-04,75,The Bangles – Manic Monday,"it’s quite manic, but it doesn’t feel moving enough. Just jingles and bangles. (C)",The Bangles,Manic Monday,,,The Bangles,Manic Monday,,
2022-07-04,62,Burak Yeter – Tuesday,"intriguing despite being slightly repetitive, Tuesday is not a bad song at all. (B)",Burak Yeter,Tuesday,,,Burak Yeter,Tuesday,,
2022-07-04,65,Autoheart – Lent,hard to say what this is trying to say. The mumble jumble results in less than average overall. (D+),Autoheart,Lent,,,Autoheart,Lent,,
2022-07-04,68,Macklemore – Wednesday Morning,"auto tune’s not my style, but the ideas are interesting enough. (D+)",Macklemore,Wednesday Morning,,,Macklemore,Wednesday Morning,,
2022-07-04,84,Jess Glynne – Thursday,"A reasonably good song about being yourself, Thursday is surprisingly good! (B+)",Thursday,Jess Glynne,,,Thursday,Jess Glynne,,
2022-07-05,85,sir charles jones – Friday,"a neat little song, Friday is chill and nice. (B)",Friday,sir charles jones,,,Friday,sir charles jones,,
2022-07-08,,Brooke Sauce – Falling For You,"July – 78 

7. Doctor Whomst – 77

 8. Greaze – 75

 9. Hustle on the Side – 72 

10. Chemicals – 66",Brooke Sauce,Falling For You,,,Brooke Sauce,Falling For You,,
2022-07-08,,椎名林檎 (Shiina Ringo) — 宗教 (“Religion”),"6. July – 78

7. Doctor Whomst – 77

8. Greaze – 75

9. Hustle on the Side – 72

10. Chemicals – 66",椎名林檎 (Shiina Ringo),宗教 (“Religion”),,,椎名林檎 (Shiina Ringo),宗教 (“Religion”),,
2022-08-01,85,【Ado】 神っぽいな 歌いました (God-ish),"The hip hop sound in the middle was very interesting, and the “tutututuru feng” was quite cool. (B?)",ish),【Ado】 神っぽいな 歌いました (God-ish),,,ish),【Ado】 神っぽいな 歌いました (God-ish),,
2022-08-03,75,Tycho – Horizon,"relaxing, somewhat speaking. There are no lyrics so I have no idea what Horizon this refers to. (C+)",Tycho,Horizon,,,Tycho,Horizon,,
2022-08-03,85,Dedicated To Nunu by Standing On The Corner,"The song’s too short to give a proper grade, but the Jazzy effort is appreciated. (B?)",Standing On The Corner,Dedicated To Nunu,,,Standing On The Corner,Dedicated To Nunu,,
2022-08-03,85,Freaky Times by Louis Cole,st place” lyrics and the message flies by without being able to grasped onto. Might listen more? (B),Louis Cole,Freaky Times,,,Louis Cole,Freaky Times,,
2022-08-03,85,4AM by ANTEMASQUE,"ck, kind of like most rock songs I’ve heard, except more melodic variations. Approve! (B leaning B+)",ANTEMASQUE,4AM,,,ANTEMASQUE,4AM,,
2022-08-03,93,Yves Tumor – Jackie,"o this guy. Seems kind of like sleeper hit ish, hard to love it instantly. Has potential though. (C)",Yves Tumor,Jackie,,,Yves Tumor,Jackie,,
2022-08-03,72,Hiei Oroshi by Satoshi Kishida,bit too calming for me. There’s a reason I don’t like too much indie folk related type songs…. (C-),Satoshi Kishida,Hiei Oroshi,,,Satoshi Kishida,Hiei Oroshi,,
2022-08-03,82,Waiting For Blood by Uncle Acid And The Deadbeats,"I’m not hearin’ blood, but it’s still a fine song all in all. (B)",Uncle Acid And The Deadbeats,Waiting For Blood,,,Uncle Acid And The Deadbeats,Waiting For Blood,,
2022-08-03,72,Loving Is Easy by death’s dynamic shroud,what is this? “we have vocaloid at home”? Not a big fan… (C-),death’s dynamic shroud,Loving Is Easy,,,death’s dynamic shroud,Loving Is Easy,,
2022-08-03,65,Measurements by James Blake,award for “most Christmas sounding song that isn’t Christmas” goes to… Measurements. Not a fan. (D),James Blake,Measurements,,,James Blake,Measurements,,
2022-08-03,75,The Call by Madlib,retty unnotable. Not in the same way as a “calming song” like Crosses by Jose Gonzales. *shrug*. (C),Madlib,The Call,,,Madlib,The Call,,
2022-08-03,76,Moor Jewelry – “Look Alive”,"ightly challenging, but mostly unnotable. Not sure what the melody has to do with looking alive… (C)",Moor Jewelry,“Look Alive”,,,Moor Jewelry,“Look Alive”,,
2022-08-03,82,Randy Holden – Guitar Song,a better melody than expected. Definitely lost among all the famous songs of the 1970’s… Nice! (B+),Randy Holden,Guitar Song,,,Randy Holden,Guitar Song,,
2022-08-03,78,Fact 2 by Poison Girl Friend,"Fact 1… haha. Jokes aside, slightly intriguing with experimental sounds, somewhat. Interesting… (C+)",Poison Girl Friend,Fact 2,,,Poison Girl Friend,Fact 2,,
2022-08-03,75,Descending Scale by Peter Green,"minutes in, but it isn’t enough. Especially since it loses focus 4 minutes in. (C? For creativity.)",Peter Green,Descending Scale,,,Peter Green,Descending Scale,,
2022-08-03,65,Perfume Genius – “Describe”,"ents the song usually begins on tonic to draw you in, but dull low voice isn’t really my thing. (C-)",Perfume Genius,“Describe”,,,Perfume Genius,“Describe”,,
2022-08-04,78,Silverbacks – Rolodex City,"Not sure what the rolodex city means, but… alright song. (C+)",Rolodex City,Silverbacks,,,Rolodex City,Silverbacks,,
2022-08-04,78,Sympathy For The Baby Boo by Deerhoof,"ed. As for two minute songs, probably quite a bit worse than the Gravity Falls a capella cover. (C+)",Deerhoof,Sympathy For The Baby Boo,,,Deerhoof,Sympathy For The Baby Boo,,
2022-08-04,82,Blue Funk by Tsuneo Imahori,"ah, Trigun huh? Some nice solid music fitting the title. Cool beans! (B+)",Tsuneo Imahori,Blue Funk,,,Tsuneo Imahori,Blue Funk,,
2022-08-04,72,Streaker by Tobacco,"ightly challenging, and not really seeing the “Streaker” aspect, still not a bad song, somehow. (C+)",Tobacco,Streaker,,,Tobacco,Streaker,,
2022-08-04,65,Neue Tanz by Yellow Magic Orchestra,"rchestra, but this was just… not anything, really. If this is the new dance, I’m standing still. (D)",Yellow Magic Orchestra,Neue Tanz,,,Yellow Magic Orchestra,Neue Tanz,,
2022-08-04,76,Blessed by KEN Mode,"Not sure how this shows “blessed”, especially with the standard-y rock voice. Seems okay. (C-)",KEN Mode,Blessed,,,KEN Mode,Blessed,,
2022-08-04,82,peeping tom – we’re not alone,"nice Band name and song… unnerving just as the title implies. Not bad, not bad! (C+)",peeping tom,we’re not alone,,,peeping tom,we’re not alone,,
2022-08-04,78,Viribhoni (Varnam),"I prefer something with a straighter strong melody (Toxic, Desert Rose), but I like the effort. (C+)",Varnam,Viribhoni (Varnam),,,Varnam,Viribhoni (Varnam),,
2022-08-04,76,Antimatter Animals by Tropical Fuck Storm,"he band name? Hahaha…. well… the song’s okay? Gets a bit crazy almost three minutes in, so. Eh. (C-)",Tropical Fuck Storm,Antimatter Animals,,,Tropical Fuck Storm,Antimatter Animals,,
2022-08-04,92,Two Way Street by Kimbra,considering a higher grade. Has some nice melodies without being too cliche for pop. Excellent! (B+),Kimbra,Two Way Street,,,Kimbra,Two Way Street,,
2022-08-04,90,Curated Song Reviews,ening Challenge – I try to listen and review various countries that are less appreciated in general.,,,,,,,,
2022-08-04,76,Pleasure is Mine – Alya,"Cool idea, but the hook is a bit too repetitive honestly…. (C)",Alya,Pleasure is Mine,,,Alya,Pleasure is Mine,,
2022-08-06,95,Bittersweet – Liana La Havas,"A moving emotional song, if only slightly stunted by bit of lack of direction. (C+)",Liana La Havas,Bittersweet,,,Liana La Havas,Bittersweet,,
2022-08-06,68,Deer hoof – apple bomb,"What’s this, sufjan Steven? I’m surprised this isn’t labeled indie folk… an odd calmish song. (D+)",Deer hoof,apple bomb,,,Deer hoof,apple bomb,,
2022-08-06,65,Floating – Julee Cruise,"A very fitting title, floating keeps an air of mystery without being boring. (B)",Julee Cruise,Floating,,,Julee Cruise,Floating,,
2022-08-06,88,Montrose – rock the nation,t overall seems very underrated. Not quite as good as a song like “the heart of rock and roll”. (B+),Montrose,rock the nation,,,Montrose,rock the nation,,
2022-08-08,72,You Thrill Me by Patty Waters,"Sadly, I cannot answer the title with a similar feeling. Mediocre. (C)",Patty Waters,You Thrill Me,,,Patty Waters,You Thrill Me,,
2022-08-08,72,Atlas Sound – Logo,“sufjan steven at home”. Kind of. Unimpressive. (C-),Atlas Sound,Logo,,,Atlas Sound,Logo,,
2022-08-08,72,Every Artist Needs A Tragedy by No Age,"… and is this song, the Artist’s Tragedy? If so, I weep. (C-)",No Age,Every Artist Needs A Tragedy,,,No Age,Every Artist Needs A Tragedy,,
2022-08-08,82,Deed I Do by Blossom Dearie,"Nice and calming, not too shabby. (B)",Blossom Dearie,Deed I Do,,,Blossom Dearie,Deed I Do,,
2022-08-08,78,The Architect’s Building by Lalo Schrifrin,"some slightly free jazz, but not bad all in all. (B)",Lalo Schrifrin,The Architect’s Building,,,Lalo Schrifrin,The Architect’s Building,,
2022-08-08,72,TNT by Tortoise,Too… meh for my tastes. Nothing special here. (C),Tortoise,TNT,,,Tortoise,TNT,,
2022-08-08,82,Want It All Back by The Seatbelts,"oh, Cowboy Bebop? Quite solid, quite solid. Don’t need any of my money back from these guys! (B)",The Seatbelts,Want It All Back,,,The Seatbelts,Want It All Back,,
2022-08-08,75,Eritarka by The Mars Volta,Progresses in an interesting enough way. (C),The Mars Volta,Eritarka,,,The Mars Volta,Eritarka,,
2022-08-08,82,Deep Sea Pastures by Joe Hisaishi,"a nice calming tune, if only slightly odd. (C+)",Joe Hisaishi,Deep Sea Pastures,,,Joe Hisaishi,Deep Sea Pastures,,
2022-08-08,95,Dazbee – Adios,"joyable, with the slightly out-of-tune opening and the incredibly sweet sounding “hula hula li”. (A)",Dazbee,Adios,,,Dazbee,Adios,,
2022-08-10,95,Hairy Candy by Tobacco,"A little bit odd, but mostly harmless. Why would you use Hairy Candy anyways? (C)",Tobacco,Hairy Candy,,,Tobacco,Hairy Candy,,
2022-08-10,75,Circuit des Yeux – “Vanishing”,"what exactly is vanishing? your taste in music? Haha, I am just kidding. The song is fine. (C)",Circuit des Yeux,“Vanishing”,,,Circuit des Yeux,“Vanishing”,,
2022-08-10,78,Atomb Bombs Away by Blues Creation,"Not quite as strong as Atomb Bombs, but an alright rock tune. (C)",Blues Creation,Atomb Bombs Away,,,Blues Creation,Atomb Bombs Away,,
2022-08-10,75,Heel/Heal by IDLES,"Slightly challenging, and with a message that’s hard to grasp. (C)",IDLES,Heel/Heal,,,IDLES,Heel/Heal,,
2022-08-10,72,Iron Moon by Chelsea Wolfe,"did rock and roll? Next time, send me a song more like Paper Moon, if we’re talking about moon… (C-)",Chelsea Wolfe,Iron Moon,,,Chelsea Wolfe,Iron Moon,,
2022-08-10,65,Rule by Yoshida Ichiro Untouchable,Stop sending me Japanese Sufjan Steven. (D),Yoshida Ichiro Untouchable,Rule,,,Yoshida Ichiro Untouchable,Rule,,
2022-08-10,82,Tokai by Taeko Onuki,"Nice and chill, with some cool melodies. Interesting! (B+)",Taeko Onuki,Tokai,,,Taeko Onuki,Tokai,,
2022-08-10,82,hiroshi sato – F.W.Y.,"seems very very obscure. Fine, though no clue what title stands for. (C+)",hiroshi sato,F.W.Y.,,,hiroshi sato,F.W.Y.,,
2022-08-11,88,The Strokes – Reptilia,us title and voice… very promising for someone’s favorite song. Will take another listen later… (B+),The Strokes,Reptilia,,,The Strokes,Reptilia,,
2022-08-11,75,“Destroyed by Hippie Powers” by Car Seat Headrest,"ck, unless there’s something I’m not hearing… Better than “Crosses” (75/100 standard), at least. (C)",Hippie Powers” by Car Seat Headrest,“Destroyed,,,Hippie Powers” by Car Seat Headrest,“Destroyed,,
2022-08-29,68,Lindsey Stirling – Ice Storm,"not really going anywhere, and I’m not quite hearing the theme that well. A bit disappointing… (C-)",Lindsey Stirling,Ice Storm,,,Lindsey Stirling,Ice Storm,,
2022-09-07,85,"<a href=""https://www.youtube.com/watch?v=gwH5-6W_AK8"">The Faim – The Alchemist </a>","st

Grade: B

(Love the tension right before the final line, and the pause between drifter and gone)",The Alchemist </a>,"<a href=""https://www.youtube.com/watch?v=gwH5-6W_AK8"">The Faim",,,The Alchemist </a>,"<a href=""https://www.youtube.com/watch?v=gwH5-6W_AK8"">The Faim",,
2022-09-11,88,Arigatou (ありがとう) by Ikimonogakari,"l I really want to add it to my favorites, but the song overall feels quite warm and welcoming. (B+)",Ikimonogakari,Arigatou (ありがとう),,,Ikimonogakari,Arigatou (ありがとう),,
2022-09-12,100,Kokia – Fukurou,at would explain the old timey feeling as well as Fantasy closeness. An intriguing comparison there!,Kokia,Fukurou,,,Kokia,Fukurou,,
2022-09-12,75,穷开心 [poor happy] by The Flowers [花儿乐队],verses feel like they drag on a bit. I will give kudos to the chorus though. It’s got some bop. (C-),花儿乐队,穷开心 [poor happy] by The Flowers,穷开心 [poor happy] by The Flowers [花儿乐队],,花儿乐队,穷开心 [poor happy] by The Flowers,穷开心 [poor happy] by The Flowers [花儿乐队],
2022-09-12,68,Xi Shua Shua – The Flowers,"ebellious lyrics talking about giving back what belongs to them feels very angsty though, haha. (D+)",Xi Shua Shua,The Flowers,,,Xi Shua Shua,The Flowers,,
2022-09-17,85,"Sufjan Stevens, “Should Have Known Better”",story ideas plot out interestingly enough. Maybe I’ll give him a second chance! (tentative grade: B),Sufjan Stevens,"Sufjan Stevens, “Should Have Known Better”",,,Sufjan Stevens,"Sufjan Stevens, “Should Have Known Better”",,
2022-09-19,85,Michele Mclaughin – the north sea,"list and still there, the torrent of the North Sea is very clear to hear. Not bad, not bad. Grade: B",Michele Mclaughin,the north sea,,,Michele Mclaughin,the north sea,,
2022-09-19,,First added songs vs Newest added songs,"overall I think my taste has grown more broad and varied, the Japanese songs are quite interesting.",,,,,,,,
2022-09-19,95,She Will Be loved – Maroon 5,"ask if it will stay for a while

And they will be loved

And they will be loved…

(Grade: Solid A)",Maroon 5,She Will Be loved,,,Maroon 5,She Will Be loved,,
2022-09-21,78,"Dan + Shay, Justin Bieber – 10,000 Hours","tle to cheesy for me. A for effort, though. Grade: C+ [Slightly better than Jose Gonzales “Crosses”]","Dan + Shay, Justin Bieber","10,000 Hours",,,"Dan + Shay, Justin Bieber","10,000 Hours",,
2022-09-22,95,Claire Rosinkranz – 123,laire shows an interesting song that has a style rarely heard on the rest of my playlist. (grade: A),Claire Rosinkranz,123,,,Claire Rosinkranz,123,,
2022-09-23,90,It’s My Life – Bon Jovi,"Bon Jovi delivers a powerful message: it’s my life, it’s now or never. (Grade: A-, rating… 90/100? )",Bon Jovi,It’s My Life,,,Bon Jovi,It’s My Life,,
2022-09-25,,We Are the champions – Queen,(-42)8. Paranoid – Kanye West (-48)9. Tenshi – Gouryella (-60)10. Let the Bass Kick – Chuckie (-72),Queen,We Are the champions,,,Queen,We Are the champions,,
2022-09-26,100,Ado – Rebellion,"t lout!” rather than a more simplistic “check it out out”. I like it!! ]

approximate rating: 85/100",Ado,Rebellion,,,Ado,Rebellion,,
2022-09-27,78,The Kid LAROI – WITHOUT YOU,"tle). The four chord progression is very standard, but kudos to the attempt to break out of it. (C+)",The Kid LAROI,WITHOUT YOU,,,The Kid LAROI,WITHOUT YOU,,
2022-09-27,95,AKA George – I want You,"up to an almost creepy nature. Very chilling! “I’m on fire tonight, come on put me out”. (Grade: A)",AKA George,I want You,,,AKA George,I want You,,
2022-09-27,,Chord Overstreet – Hold On,,Hold On,Chord Overstreet,,,Hold On,Chord Overstreet,,
2022-09-30,,Genshin Fan Song – If you suddenly think of me 【如果突然想起我】[ChiliChil],"eling it has on Taco, probably. It feels a bit lost in the ambience and just… laying there. Oh well.",ChiliChil,Genshin Fan Song,Genshin Fan Song – If you suddenly think of me 【如果突然想起我】[ChiliChil],,ChiliChil,Genshin Fan Song,Genshin Fan Song – If you suddenly think of me 【如果突然想起我】[ChiliChil],
2022-10-08,90,Nessa Barrett – Tired of California,excellently samples Tom’s Diner to present a very cool hit song. Solid A so far… (90/100 at least!),Nessa Barrett,Tired of California,,,Nessa Barrett,Tired of California,,
2022-10-08,84,Special Matchup: Tired of California (Nessa Barrett) VS West Coast (One Republic),"and have a catchiness that resembles the good old songs. Still, it isn’t that easy to make the call…",One Republic,Special Matchup: Tired of California (Nessa Barrett) VS West Coast,,,One Republic,Special Matchup: Tired of California (Nessa Barrett) VS West Coast,,
2022-10-08,78,Mera Mera – Mori Calliope,"ding parts, but overall the Middle eastern theme is very unique, and I like the chorus. (Grade: C+?)",Mori Calliope,Mera Mera,,,Mori Calliope,Mera Mera,,
2022-10-09,75,"Calvin Harris, Dua Lipa – One Kiss","too odd for me. Maybe it’s due to Calvin’s influences, but I don’t really like the song. (Grade: C-)","Calvin Harris, Dua Lipa",One Kiss,,,"Calvin Harris, Dua Lipa",One Kiss,,
2022-10-13,72,yumeutsutsu – Lamp,ttempt at Japanese crosses (Jose Gonzales) that is just too soft to break the language barrier. (C-),Lamp,yumeutsutsu,,,Lamp,yumeutsutsu,,
2022-10-20,76,Calvin Harris – Feel So Close,“Crazy” lost in a landslide against Eric Clapton’s “Layla”. Come on Tik tok man. You can do better…,Calvin Harris,Feel So Close,,,Calvin Harris,Feel So Close,,
2022-10-22,60,Yeat – out of my way,yes get out of my way. Your autotune doesn’t impress me… (60/100,Yeat,out of my way,,,Yeat,out of my way,,
2022-10-22,1,CBAT – Hudson Mohawke,"es remind me a bit of “sissy that walk”, except this chorus is even more insufferable. Hah. (1/100).",Hudson Mohawke,CBAT,,,Hudson Mohawke,CBAT,,
2022-10-24,93,Hololive – Non-fiction,"in burning embers, love giving me wings, ocean full of life, and moving forth for the final chorus.",Hololive,Non-fiction,,,Hololive,Non-fiction,,
2022-10-24,,“Stalker’s Tango – Autoheart” female ver. RafScrap,"ly following the chorus, but it’s not very clear if it’s definitely worse than “Roll With the Wind”.",Autoheart” female ver. RafScrap,“Stalker’s Tango,,,Autoheart” female ver. RafScrap,“Stalker’s Tango,,
2022-10-24,97,When You’re Alone · Nathalie Ezmeralda,"petes against Isador’s song Jungle fiercely for the best song I’ve heard under 50,000 youtube views.",Nathalie Ezmeralda,When You’re Alone · Nathalie Ezmeralda,,,Nathalie Ezmeralda,When You’re Alone · Nathalie Ezmeralda,,
2022-10-27,30,David Guetta – I’m good,"nts for sampling the song, -20 points for being David (I’ve seen you do better, Mr. Guetta). 30/100.",David Guetta,I’m good,,,David Guetta,I’m good,,
2022-10-27,95,Double Review:  UP 12ISING –  “Next Song” and “First Song”,"ive rating: A for effort, 50 ish for rating. Hey, at least it’s better than David Guetta – I’m Good!",Double Review:  UP 12ISING,“Next Song” and “First Song”,,,Double Review:  UP 12ISING,“Next Song” and “First Song”,,
2022-10-30,88,Lexie Liu 刘柏辛 – 有吗炒面,"bit more “elite”, but this is surprisingly boppy! “See you later”, indeed. (Grade: B+ and pending…)",Lexie Liu 刘柏辛,有吗炒面,,,Lexie Liu 刘柏辛,有吗炒面,,
2022-11-01,82,Anyone Else – Shayne Orok & Ali Orok,"nno if it’s because of the message or the artist style, but it’s definitely more of my taste. Solid!",Shayne Orok & Ali Orok,Anyone Else,,,Shayne Orok & Ali Orok,Anyone Else,,
2022-11-02,,Hustle and Bustle of Ormos – Yu Peng Chen,soon and the song is too short to fully decide on such a high score. Guess we’ll have to see later…,Yu Peng Chen,Hustle and Bustle of Ormos,,,Yu Peng Chen,Hustle and Bustle of Ormos,,
2022-11-02,50,The Greatest Show – The Greatest Showman,"me. Interesting how timing can affect a song…

Grade: full version gets a C-, Cut version gets a B+.",The Greatest Showman,The Greatest Show,,,The Greatest Showman,The Greatest Show,,
2022-11-07,100,Candy Dulfer – Convergency,"ome very solid modern jazz that rises to an incredible point, especially the smooth middle. 100/100!",Candy Dulfer,Convergency,,,Candy Dulfer,Convergency,,
2022-11-12,75,"<a href=""https://www.youtube.com/watch?v=BQ0mxQXmLsk"">Camila Cabello – Havana ft. Young Thug</a>","ue melodies and ideas, while the original song feels a bit repetitive, especially “oh na na na”. (C)",Havana ft. Young Thug</a>,"<a href=""https://www.youtube.com/watch?v=BQ0mxQXmLsk"">Camila Cabello",,,Havana ft. Young Thug</a>,"<a href=""https://www.youtube.com/watch?v=BQ0mxQXmLsk"">Camila Cabello",,
2022-11-15,50,Bachelorette – Bjork,"c consistently rates her high. Hard to determine Rating for now, but I will listen to this one more…",Bachelorette,Bjork,,,Bachelorette,Bjork,,
2022-11-15,75,Hatsune Miku – Parachute,uned voice being more noticeable and jarring against the hard ish rock. It’s okay though. (Grade: C),Hatsune Miku,Parachute,,,Hatsune Miku,Parachute,,
2022-11-17,82,"威風堂々( Pomp and Circumstance)  – <a href=""https://vocaloid.fandom.com/wiki/Umetora"">Umetora</a>","official list for obvious reasons, but it’s cool to see someone make this kind of song. (Grade: B-)",威風堂々( Pomp and Circumstance),"<a href=""https://vocaloid.fandom.com/wiki/Umetora"">Umetora</a>",,,威風堂々( Pomp and Circumstance),"<a href=""https://vocaloid.fandom.com/wiki/Umetora"">Umetora</a>",,
2022-11-18,86,“I Really Want To Stay At Your House” By Rosa Walton & Hallie Coggins,"g to it and even optimism. I’d give the original a 76/100, and the 80’s version is fittingly 86/100.",Rosa Walton & Hallie Coggins,“I Really Want To Stay At Your House”,,,Rosa Walton & Hallie Coggins,“I Really Want To Stay At Your House”,,
2022-11-19,82,The Loneliest Time (Carly Rae Jepson feat. Rufus Wainwright),"idea though, even if the “I’m comin’ back for you baby” has a silly connotation to it. Grade: B-/C+?",Rufus Wainwright),The Loneliest Time (Carly Rae Jepson,,,Rufus Wainwright),The Loneliest Time (Carly Rae Jepson,,
2022-11-22,75,Kevin Quinn – Wildfire,"oesn’t stand out that much in the end, especially with powerful ballads introduced to me… (Grade: C)",Wildfire,Kevin Quinn,,,Wildfire,Kevin Quinn,,
2022-11-23,75,Fish – Clara C,"ty regular, perhaps even more mundane than the oh-so-usual Crosses by Jose Gonzales. Final Grade: C-",Clara C,Fish,,,Clara C,Fish,,
2022-11-24,82,Hyperspeed – Johnathan Young,use some more breath and breaks in between. You can’t be fast without being slow first… (Grade: B-),Johnathan Young,Hyperspeed,,,Johnathan Young,Hyperspeed,,
2022-11-24,91,Thousand Years of Frost – TaiGekTou,"ting to. This one is also decent, though doesn’t feel it has quite as much emotion. (Rating: 91/100)",Thousand Years of Frost,TaiGekTou,,,Thousand Years of Frost,TaiGekTou,,
2022-11-24,65,Summrs – Why Do U Lie 「 prod. Goyxrd 」,song like Choco Mint Flavor. (One of The only song in my list that has heavy auto tune). (Grade: D+),Summrs,Why Do U Lie 「 prod. Goyxrd 」,,,Summrs,Why Do U Lie 「 prod. Goyxrd 」,,
2022-11-27,85,Dazbee – Bambi,and shows Dazbee leans towards a city pop approach. Quite intriguing! (Tentative Grade: B for Bambi),Dazbee,Bambi,,,Dazbee,Bambi,,
2022-11-28,75,24kGoldin – Mood,"rics are a little shallow, even with him “trying to play it cool”. A difficult decision. (Grade: C-)",24kGoldin,Mood,,,24kGoldin,Mood,,
2022-11-29,95,Shinunoga E-Wa – fujii Kaze,"u to tell me to stop listening? Shinunoga e-waaaaa, shinunoga e-waaaaa (I’d rather die). [Rating: A]",fujii Kaze,Shinunoga E-Wa,,,fujii Kaze,Shinunoga E-Wa,,
2022-11-30,76,Hotaru (Fujita Maiko),"the same way a similar “spiritual” type song does — Fukurou. Still, not a bad song overall. (76/100)",Fujita Maiko,Hotaru,,,Fujita Maiko,Hotaru,,
2022-11-30,71,Tiesto – 10:35,"ow is 10:35

has a neat beat but is just shallow, confound me

confound me

Tentative rating: 71/100",Tiesto,10:35,,,Tiesto,10:35,,
2022-12-05,78,Maroon 5 – Sunday Morning,"t seems a bit too ordinary. It’s still better than Memories though, for what it’s worth. (Grade: C+)",Maroon 5,Sunday Morning,,,Maroon 5,Sunday Morning,,
2022-12-05,71,St3ph – Change (feat. Isaac Sign),". For his fourth song created though, kudos to the brimming talent at the seams. (Rating: 71/100 ? )",St3ph,Change (feat. Isaac Sign),,,St3ph,Change (feat. Isaac Sign),,
2022-12-09,93,Digital Love – Daft Punk,"vy electronics or autotune, but the digital love is just too… manufactured, if you know what I mean.",Daft Punk,Digital Love,,,Daft Punk,Digital Love,,
2022-12-09,71,Avril Lavigne – Love it When You Hate Me,"other fine song, nothing too special, ironic title indeed. Slightly better than average. 71/100 ish.",Avril Lavigne,Love it When You Hate Me,,,Avril Lavigne,Love it When You Hate Me,,
2022-12-12,70,Overthink – Fan Ka,"he show overall. The rap isn’t really my style to listen to regularly, unfortunately. Rating: 70/100",Fan Ka,Overthink,,,Fan Ka,Overthink,,
2022-12-15,76,"Guitar, Loneliness and Blue Planet · kessoku band","tty unique, even if the melody’s been heard many many times before. Not too shabby. (Rating: 76/100)",Blue Planet · kessoku band,"Guitar, Loneliness",,,Blue Planet · kessoku band,"Guitar, Loneliness",,
2022-12-16,79,dodie – Hot Mess,"li, however, the climactic “let me let go” has a nice feeling to it. Good potential. (Grade: 79/100)",dodie,Hot Mess,,,dodie,Hot Mess,,
2022-12-23,90,Call on Me – SG Lewis & Tove Lo,"line between dumb song and cool song is very thin.

Thus, not quite as good as Papermoon. (~90/100)",SG Lewis & Tove Lo,Call on Me,,,SG Lewis & Tove Lo,Call on Me,,
2022-12-25,77,Jingle Bell Rock – Bobby Helms,"I didn’t realize it was near 1960’s, but now that you listen to it, it makes sense. (Grade: 77/100)",Bobby Helms,Jingle Bell Rock,,,Bobby Helms,Jingle Bell Rock,,
2022-12-26,,x0o0x_ – Unknown (12/25/2022),almost Christmasy song seems weird and the visuals are quite creepy. So mysterious! (Unknown Grade).,x0o0x_,Unknown (12/25/2022),,,x0o0x_,Unknown (12/25/2022),,
2022-12-27,84,きさらぎ [Shigaragi Station] – x0o0x_,"pasta around the train station. The meaning is hard to grasp, but it’s fun enough. (Unknown rating.)",x0o0x_,きさらぎ [Shigaragi Station],,,x0o0x_,きさらぎ [Shigaragi Station],,
2022-12-28,78,Kanaria – King,"t. Is this truly King? Who knows… I do like the innuendos though, they are quite unique. (Grade: C+)",King,Kanaria,,,King,Kanaria,,
2022-12-29,82,Ancora’s Three Way Battle,"spends a bit long talking about the case, which makes it less enjoyable. The winner, is Libertango.",,,,,,,,
2023-01-01,60,We Wish You a Merry Christmas – Warrell,to think about though. Makes me wonder what medieval folks sang for holidays and birthdays… (60/100),Warrell,We Wish You a Merry Christmas,,,Warrell,We Wish You a Merry Christmas,,
2023-01-03,71,God Turn Me Into a Flower – Weyes Blood,"w moving; I don’t really quite understand the title. Still… it’s not too shabby, I suppose. (71/100)",Weyes Blood,God Turn Me Into a Flower,,,Weyes Blood,God Turn Me Into a Flower,,
2023-01-05,78,Doja Cat – Vegas,"a little bit noisy, but Doja delivers and alright pop song. (C+)",Doja Cat,Vegas,,,Doja Cat,Vegas,,
2023-01-06,82,Shamrock Vivace – Clever Clover,"well? It has a nice combination of modern and old elements, despite the voice. Not too shabby. (C+)",Clever Clover,Shamrock Vivace,,,Clever Clover,Shamrock Vivace,,
2023-01-09,72,My Stance on Lofi,"calmer than Lounge or matching ambient, which really isn’t my style. Minimalism feels wrong somehow.",,My Stance on Lofi,,,,My Stance on Lofi,,
2023-01-10,,Nicole Scherzinger – Wet,reminds me of some K pop songs. The song’s just as suggestive as you’ve think.,Nicole Scherzinger,Wet,,,Nicole Scherzinger,Wet,,
2023-01-11,65,DJ SLIINK X DJ DRU – ARCH IN YA BACK,This style of remix is really not completely my style. Could be worse though. (D),ARCH IN YA BACK,DJ SLIINK X DJ DRU,,,ARCH IN YA BACK,DJ SLIINK X DJ DRU,,
2023-01-12,94,Internet Brain Rot – Mori Calliope,"talk are far, far superior than Taylor Swift’s poor attempt at the chorus. Solid A. (Rating: 94/100)",Mori Calliope,Internet Brain Rot,,,Mori Calliope,Internet Brain Rot,,
2023-01-13,91,Lynyrd Skynyrd – Free Bird,"xcellently paced, and deserves a 91/100 especially for its cool solo. Pacing matters a lot for me! 😀",Lynyrd Skynyrd,Free Bird,,,Lynyrd Skynyrd,Free Bird,,
2023-01-15,,King Gizzard – Rattlesnake,"ow why this is the top rated Microtonal single of all time, but King doesn’t really impress me here.",Rattlesnake,King Gizzard,,,Rattlesnake,King Gizzard,,
2023-01-17,97,Floating Life – Yu Peng Chen,"otherwise ordinary Chinese ballad. Excellent stuff!

[Original Rating: 94; Aug 2023 Rating: 97/100]",Yu Peng Chen,Floating Life,,,Yu Peng Chen,Floating Life,,
2023-01-17,70,Army of Me – Bjork,"m the base creates an unusual feeling. It is not entirely my style, but it is okay overall. (70/100)",Bjork,Army of Me,,,Bjork,Army of Me,,
2023-01-20,79,All the Things She Said – t.a.t.u.,"to a seemingly average score, but I’d still say this song is quite decent overall. Not bad. (79/100)",t.a.t.u,All the Things She Said,,,t.a.t.u,All the Things She Said,,
2023-01-20,82,various Tamil/English review,"y enjoyment of stringed instruments, but the over use of autotune makes it not very enjoyable sadly.",,,,,,,,
2023-01-20,75,Robyn – Dancing on My Own,"ous song, but seems a little bit lacking something to fully enter my favorites. (Tentative grade: C)",Robyn,Dancing on My Own,,,Robyn,Dancing on My Own,,
2023-01-20,,以梦为食 – Yu Peng Chen,"s not doing his OST’s. I won’t be grading this, but it’s just interesting to see his past solo acts.",Yu Peng Chen,以梦为食,,,Yu Peng Chen,以梦为食,,
2023-01-23,60,Makari – Phantom,"the “phantom” part of the title, but perhaps he fades into obscurity all too soon. A shame. (60/100)",Phantom,Makari,,,Phantom,Makari,,
2023-01-24,70,Joji – Glimpse of Us,"imilar to Michael Bolton, I feel it’s less than the bombastic prowess we’re used to from Mr. Bolton.",Joji,Glimpse of Us,,,Joji,Glimpse of Us,,
2023-01-25,82,Nina Simone – Sinnerman,epetitive “power” part also feels a bit mundane and drags down the song a bit. (Tentative grade: B-),Nina Simone,Sinnerman,,,Nina Simone,Sinnerman,,
2023-01-25,90,Why Don’t We – Fallin’,"is so common in most grunge type songs. Well done! Maybe, I’ll just keep fallin’~

(Rating: 90/100)",Why Don’t We,Fallin’,,,Why Don’t We,Fallin’,,
2023-01-27,85,Kehlani – Nights Like This,"s, yes. The song has a good nostalgic feeling and isn’t shabby at all. Nicely done. (Rating: 85/100)",Kehlani,Nights Like This,,,Kehlani,Nights Like This,,
2023-01-30,,Lee Jin Ah(이진아) – Rum Pum Pum,"at quite a bit. I have very little idea how Ms. Ah even wrote this song… regardless, high potential!",Lee Jin Ah(이진아),Rum Pum Pum,,,Lee Jin Ah(이진아),Rum Pum Pum,,
2023-01-31,60,CHAOS NOW* by Jean Dawson,"dreamy rock sounds overwhelming his fast talking, and there aren’t any super memorable hooks to me.",Jean Dawson,CHAOS NOW*,,,Jean Dawson,CHAOS NOW*,,
2023-02-01,,AG CLUB – HNGOVER,"nd. It has some potential, though I don’t quite grasp what about being hungover he’s trying to show.",AG CLUB,HNGOVER,,,AG CLUB,HNGOVER,,
2023-02-01,,Worldwide Listening Challenge,"Josh Stanley, N. Macedonia – Tamara Todevska, Sierra Leone – Geraldo Pino, Uruguay – Ellie Medeiros",,,,,,,,
2023-02-01,,ARAME – ARMENIA,"exotic nature of the song. It’s almost enough to be considered for my favorite list, if I dare say!",ARAME,ARMENIA,,,ARAME,ARMENIA,,
2023-02-02,92,Still Waiting – Jazz Emu,"g out of the verses really helps sell out the point of the song. Man, what a crazy song. (Grade: A-)",Jazz Emu,Still Waiting,,,Jazz Emu,Still Waiting,,
2023-02-02,,Oporadhi | Ankur Mahamud Feat Arman Alif,"ering Bangladesh‘s small music industry, the resulting Bollywood like song isn’t too shabby overall.",Arman Alif,Oporadhi | Ankur Mahamud,,,Arman Alif,Oporadhi | Ankur Mahamud,,
2023-02-02,84,SUZAN Maidin – Elegi,"unei. The song’s a bit dramatic, but it’s definitely has a lot of potential. Pretty good all in all.",SUZAN Maidin,Elegi,,,SUZAN Maidin,Elegi,,
2023-02-02,98,A Perfect Circle – Judith,"Mostly because it’s hard to understand clearly what the song message is about, really. Tough entry…",A Perfect Circle,Judith,,,A Perfect Circle,Judith,,
2023-02-03,84,Mayra Andrade – Tan Kalakatan,liked with her attempt at using the electronic autotune carefully with her native language. Curious!,Tan Kalakatan,Mayra Andrade,,,Tan Kalakatan,Mayra Andrade,,
2023-02-06,75,Symphony – Chance,"he song doesn’t have anything that special on the surface, but it’s also not that shabby. (Grade: C)",Symphony,Chance,,,Symphony,Chance,,
2023-02-06,88,The HU – Yuve Yuve Yu,"ful, as one of the only prominent artists in their country strive forth and show their culture. (B+)",The HU,Yuve Yuve Yu,,,The HU,Yuve Yuve Yu,,
2023-02-07,,Absurd Matchups: Still Waiting (Jazz Emu) VS Floating Life (Yu Peng Chen),"er to have patience, and wait for the DVD Logo to hit the Corner of the TV — as absurd as it sounds.",Yu Peng Chen,Absurd Matchups: Still Waiting (Jazz Emu) VS Floating Life,,,Yu Peng Chen,Absurd Matchups: Still Waiting (Jazz Emu) VS Floating Life,,
2023-02-08,75,Dons & Ozols – Salauzta sirds,"definitely has some slight twists in the sound. Not too shabby, but a little forgettable. (Grade: C)",Dons & Ozols,Salauzta sirds,,,Dons & Ozols,Salauzta sirds,,
2023-02-09,84,Monika Linkytė and Vaidas Baumila – This Time,m on my liked artists. This Time…. it is a good song. Lithuania must have a need for artists though…,Monika Linkytė and Vaidas Baumila,This Time,,,Monika Linkytė and Vaidas Baumila,This Time,,
2023-02-09,70,The Modern Age – The Strokes,"osedly optimistic mood of the song, it’s hard for me to give the song a much higher rating. (70/100)",The Strokes,The Modern Age,,,The Strokes,The Modern Age,,
2023-02-10,,The Travellers — Xemx u Xita,"njoyed, though it feels I might have to understand the lyrics to fully add the song to my favorites…",The Travellers,Xemx u Xita,,,The Travellers,Xemx u Xita,,
2023-02-13,84,Beatles – Yesterday,"ased on it. The melody is quite nice, and it’s main flaw might actually be being too short! Not bad.",Beatles,Yesterday,,,Beatles,Yesterday,,
2023-02-13,72,IONEL ISTRATI – ЛЮБЛЮ ТЕБЯ,"ong that seems quite pretty mediocre. Doesn’t have anything really ear-catching to me though, sadly…",IONEL ISTRATI,ЛЮБЛЮ ТЕБЯ,,,IONEL ISTRATI,ЛЮБЛЮ ТЕБЯ,,
2023-02-14,93,Princess Haneia – Josh Stanley,"a usual sounding Love song, though the “princess” connotation is curious indeed. Has some potential.",Josh Stanley,Princess Haneia,,,Josh Stanley,Princess Haneia,,
2023-02-14,82,Charly García – Fanky,"ot sure if it’s a pun with the Argentina local words, but it’s definitely a nice song overall. Cool!",Charly García,Fanky,,,Charly García,Fanky,,
2023-02-15,,Tamara Todevska – Proud,h a far cry from something powerful like *Is it True* or especially a winner like *Amar Pelos Dois*.,Tamara Todevska,Proud,,,Tamara Todevska,Proud,,
2023-02-16,78,"Man Pass Man, Iron de Cut Iron – Geraldo Pino",is fellow from Sierra Leone finds an interesting locale in his music. Not bad all things considered.,Geraldo Pino,"Man Pass Man, Iron de Cut Iron",,,Geraldo Pino,"Man Pass Man, Iron de Cut Iron",,
2023-02-16,9,Versatile Kenya – Angelina,esn’t feel as artful as Choco mint flavor or Meltdown (Kagamine Rin). What nonsense! (Rating: 9/100),Versatile Kenya,Angelina,,,Versatile Kenya,Angelina,,
2023-02-16,78,Exuma –  You Don’t Know What’s Going On,filled with dislike. This one is much better and has some neat local flair going on to it. Not bad!,Exuma,You Don’t Know What’s Going On,,,Exuma,You Don’t Know What’s Going On,,
2023-02-16,,VINAI – Rise Up,"ing, of trying to get the fame and recognition. Will it Rise Up in my playlist? Only time will tell.",Rise Up,VINAI,,,Rise Up,VINAI,,
2023-02-17,49,Khaled – C’est la vie,"song that doesn’t really feature any of his cool local stuff. Nothing special here, folks. (49/100).",Khaled,C’est la vie,,,Khaled,C’est la vie,,
2023-02-17,,Primal Scream – Movin’ on Up,"e and dandy, though it’s a bit hard to decide whether or not to add to my favorites. Rating pending.",Primal Scream,Movin’ on Up,,,Primal Scream,Movin’ on Up,,
2023-02-19,,No One’s In This Alone – Static-P,"ssing the Detective given this song, but there was also no true motive that I can see. More mystery…",Static-P,No One’s In This Alone,,,Static-P,No One’s In This Alone,,
2023-02-20,40,Beijing Welcomes You – Xiao Ke,"ou want to feel Welcomed, perhaps a better song to choose is “If You Think of Me” (Genshin fan song)",Beijing Welcomes You,Xiao Ke,,,Beijing Welcomes You,Xiao Ke,,
2023-02-21,88,Moanin’ – Art Blakey,"a (one of my shuffles’ winners), nine minutes doesn’t look so bad now does it? (Tentative grade: B+)",Art Blakey,Moanin’,,,Art Blakey,Moanin’,,
2023-02-21,82,all along the watchtower – Jimi Hendrix,"s. It has that nice blues groove that he’s so famous for, and I can see why people like it. Not bad!",Jimi Hendrix,all along the watchtower,,,Jimi Hendrix,all along the watchtower,,
2023-02-21,65,Gym Class Heroes – Stereo Hearts,"creative current mood. Still, it’s definitely not too bad especially the Stereo comparison. (65/100)",Gym Class Heroes,Stereo Hearts,,,Gym Class Heroes,Stereo Hearts,,
2023-02-21,,Ellie Medeiros – A Bailar Calypso,r most viewed is only 30k thus far). This Uruguay artist is very underrated and deserves more views!,Ellie Medeiros,A Bailar Calypso,,,Ellie Medeiros,A Bailar Calypso,,
2023-02-21,50,Iyaz – Replay,"singing like, nananana everydayidayi, its likemi aguastuk onreplayi replayi”). Final rating: 50/100",Iyaz,Replay,,,Iyaz,Replay,,
2023-02-22,100,HooverPhonic – 2Wicky,"can’t hurt you

I better be sure before I leave this for another one

*Epic instrumentals*

100/100.",2Wicky,HooverPhonic,,,2Wicky,HooverPhonic,,
2023-02-23,91,Tatsuro Yamashita – Ride On Time,hy song with a powerful sax supporting the guitar in the back. Solid 80’s city pop! (Rating: 91/100),Ride On Time,Tatsuro Yamashita,,,Ride On Time,Tatsuro Yamashita,,
2023-02-23,84,Black Box – Ride on Time,"a 10 year gap against the other more famous Ride on Time song. Still, seems to have good potential.",Ride on Time,Black Box,,,Ride on Time,Black Box,,
2023-02-23,84,Kim Petras – Treat Me Like a Slut,"an’t really attach a real rating to this one; it’s good at delivering its message, but nothing else.",Kim Petras,Treat Me Like a Slut,,,Kim Petras,Treat Me Like a Slut,,
2023-02-24,90,Papermoon VS Selfie Face,"moon is probably still the king of the 90 rating, besides Fallin’ (Adrenaline). We will have to see!",,,,,,,,
2023-02-26,92,Come On Eileen  –  Dexys Midnight Runners,childhood sweetheart backstory adds to the fun times of the song. Nothing to complain about. 92/100.,Dexys Midnight Runners,Come On Eileen,,,Dexys Midnight Runners,Come On Eileen,,
2023-02-27,69,Spontaneous Me – Lindsey Stirling,"dull moments overall, there isn’t really any true notice of “spontaneous”. Good try though. 69/100.",Lindsey Stirling,Spontaneous Me,,,Lindsey Stirling,Spontaneous Me,,
2023-02-27,60,Lindsey Stirling – Song of the Caged Bird,"y, but feels it doesn’t do enough to discover new melodies. Perhaps, the bird is too caged… (60/100)",Lindsey Stirling,Song of the Caged Bird,,,Lindsey Stirling,Song of the Caged Bird,,
2023-02-27,,Lindsey Stirling [Album] Review,"Violin should be first as the ear grabbing song, but I would personally put Shadows at the very end.",,,,,,,,
2023-02-27,71,Lindsey Stirling – Moon Trance,"ghtly” feeling conveyed in a neat manner, but sadly there’s nothing more special than that. (71/100)",Lindsey Stirling,Moon Trance,,,Lindsey Stirling,Moon Trance,,
2023-02-27,65,Lindsey Stirling – Minimal Beat,"Surprisingly fitting its title, Beat has just too little to go on about. Very unfortunate. 65/100",Lindsey Stirling,Minimal Beat,,,Lindsey Stirling,Minimal Beat,,
2023-02-27,70,Lindsey Stirling – Stars Align,"ed with the song? The “ladadada” isn’t half bad, but the rest of the song seems a bit dull. (70/100)",Lindsey Stirling,Stars Align,,,Lindsey Stirling,Stars Align,,
2023-02-28,97,Screaming Jay Hawkins – I Put a Spell on You,"make music like they did anymore”, I think this song is exactly what they’re talking about. (97/100)",Screaming Jay Hawkins,I Put a Spell on You,,,Screaming Jay Hawkins,I Put a Spell on You,,
2023-02-28,,Pink Floyd – Breath,"e what Speak to Me is supposed to do, so I just counted this as the “real” first song of the album).",Pink Floyd,Breath,,,Pink Floyd,Breath,,
2023-02-28,82,Pink Floyd – On the Run,"at provides a very curious mood, but it’s just not enjoyable enough to directly add to my favorites…",Pink Floyd,On the Run,,,Pink Floyd,On the Run,,
2023-02-28,88,Pink Floyd – Great Gig in the Sky,"isn’t really much here I feel to talk about, besides asking what it means to have a gig in the sky.",Pink Floyd,Great Gig in the Sky,,,Pink Floyd,Great Gig in the Sky,,
2023-02-28,82,Brain Damage – Pink Floyd,one has a nice dreamy feel close to Comfortably Numb and seems to have a lot of potential. Not bad!,Pink Floyd,Brain Damage,,,Pink Floyd,Brain Damage,,
2023-02-28,,"Amen, Brother","ll, it’s just such a shame this loose yet cool beat went unnoticed for so long. Amen brother indeed.",,"Amen, Brother",,,,"Amen, Brother",,
2023-03-01,97,Kylie Minogue – Confide In Me,create a haunting and cool melody. An incredibly solid song with nothing to complain about. (97/100),Kylie Minogue,Confide In Me,,,Kylie Minogue,Confide In Me,,
2023-03-01,,Kagamine Rin – Meltdown,"Feels close to the other vocaloid song in my list, *Choco-mint flavor*, but it’s lacking something.",Kagamine Rin,Meltdown,,,Kagamine Rin,Meltdown,,
2023-03-06,99,Cellophane – FKA Twigs,teYourMusic. Very solid … will have to see later if it deserves a perfect score. 99/100 and pending…,FKA Twigs,Cellophane,,,FKA Twigs,Cellophane,,
2023-03-06,,"Genesis – Tonight, Tonight, Tonight","umpkin’s is better than Genesis. This one’s more fitting to my taste than Smashing Pumpkins, though.","Tonight, Tonight, Tonight",Genesis,,,"Tonight, Tonight, Tonight",Genesis,,
2023-03-07,,Nakuru Aitsuki & Sennzai – Paradise Lost,"“Crosses” (Jose Gonzales), but it’s just really hard to decide with the chaotic melody of the song.",Paradise Lost,Nakuru Aitsuki & Sennzai,,,Paradise Lost,Nakuru Aitsuki & Sennzai,,
2023-03-07,,Chihara Minori – Paradise Lost,ard to tell there’s even Violins playing (despite the music video showing them). Has some potential…,Paradise Lost,Chihara Minori,,,Paradise Lost,Chihara Minori,,
2023-03-07,,Denzel Curry – Zatoichi ft. slowtha,though it’s still a little out of my taste as I value the rhythm consistency a lot… rating pending.,Denzel Curry,Zatoichi ft. slowtha,,,Denzel Curry,Zatoichi ft. slowtha,,
2023-03-08,,楊振宇 – 連備胎都不是 (Not Even a Spare Tire),"feel like Spare Tire is slightly worse, since Crosses has a stronger guitar and singer interaction.",楊振宇,連備胎都不是 (Not Even a Spare Tire),,,楊振宇,連備胎都不是 (Not Even a Spare Tire),,
2023-03-08,82,Walk On By – Isaac Hayes w/The Bar-Kays,"nto its rock nature a lot. Despite its length, Isaac doesn’t bore with this cool theme. Nicely done!",Walk On By,Isaac Hayes w/The Bar-Kays,,,Walk On By,Isaac Hayes w/The Bar-Kays,,
2023-03-08,69,Glass of Water – Daniel Ingram,"ease

A fresh pressed hanky if I sneeze

A somewhat decent review

Whenever you can brew it

69/100.",Daniel Ingram,Glass of Water,,,Daniel Ingram,Glass of Water,,
2023-03-08,,The Deck – Don Salsa,"or Floating Life vs Still Waiting.

Not even sure why the dude made the song. (Rating: Inapplicable)",Don Salsa,The Deck,,,Don Salsa,The Deck,,
2023-03-08,,Current Listening To: March 2023,along the making and Arena’s still in my listening to list — goes to show some things don’t change.,Current Listening To,March,,,Current Listening To,March,,
2023-03-09,89,Ado – I’m a Controversy,in itself may be the actual “controversy” that Ado is referring to. A catchy and neat song! (89/100),Ado,I’m a Controversy,,,Ado,I’m a Controversy,,
2023-03-10,91,松木美定 – 舞台の上で,上想起?) Must have made the song more exciting with the orchestration backing. Excellent stuff. 91/100.,松木美定,舞台の上で,,,松木美定,舞台の上で,,
2023-03-10,70,Might⁺U – Makayla Phillips,"t U has a powerful message, but feels a bit cheesy overall to add to my favorites. A shame… (70/100)",Makayla Phillips,Might⁺U,,,Makayla Phillips,Might⁺U,,
2023-03-10,,Mihoyo – Da Capo,it’s kind of sad to see Spotify can’t recommend anything much better than this for my Release Radar.,Da Capo,Mihoyo,,,Da Capo,Mihoyo,,
2023-03-11,65,old – X0o0X,"od/emotion is difficult to fully ascertain. Not completely my taste, but an alright song in the end.",X0o0X,old,,,X0o0X,old,,
2023-03-11,78,WAKING FREE (feat. SynthV Solaria),"oy the new lyrics regarding the old and told message of rising up to your destiny. Not bad, not bad.",feat. SynthV Solaria,WAKING FREE,,,feat. SynthV Solaria,WAKING FREE,,
2023-03-12,95,Ciara – Body Party,"o agree, even saying it brings out their stripper side. Rating pending, but I’ll say 95/100 for now.",Ciara,Body Party,,,Ciara,Body Party,,
2023-03-13,35,"HUGEL, Ryan Arnold, El Chuape – Da Lante",", I’ll give you a rare rating alright. Un Dos out of Tres Quatro. (12/34). 35/100 seems about right.","HUGEL, Ryan Arnold, El Chuape",Da Lante,,,"HUGEL, Ryan Arnold, El Chuape",Da Lante,,
2023-03-13,71,Porter Robinson – Sad Machine,"e this enough to be on my favorites, but I definitely underrated this song. Tentative rating: 71/100",Porter Robinson,Sad Machine,,,Porter Robinson,Sad Machine,,
2023-03-13,69,The Dog from a Parallel World- URAKAMI Souki,elements but seems a bit odd overall without a personality like On the Stage. Interesting…. (69/100),URAKAMI Souki,The Dog from a Parallel World- URAKAMI Souki,,,URAKAMI Souki,The Dog from a Parallel World- URAKAMI Souki,,
2023-03-13,81,Rosendale – Unwell,t you preach! Less is better when it comes to a song like this… (Original: 59/100. Acoustic: 81/100),Rosendale,Unwell,,,Rosendale,Unwell,,
2023-03-14,49,vvotaro – Noi,"feel they only try to make the song more novel, rather than better. Try again Mr. vvotaro… (49/100)",Noi,vvotaro,,,Noi,vvotaro,,
2023-03-15,92,John Lennon – Imagine,"hy — yeah, imagine that perfect world? Come on, “What a Wonderful Life” seems better on that aspect.",John Lennon,Imagine,,,John Lennon,Imagine,,
2023-03-19,78,Mazie – dumb dumb,A harmless and slightly weird tone song that feels it’s supposed to be slightly unhinged. Not bad!,Mazie,dumb dumb,,,Mazie,dumb dumb,,
2023-03-19,,9sk Musicord R1 Reviews!,"mphister) BEHIND THE MASK • YELLOW MAGIC ORCHESTRA. 

(Isabelle) Masayoshi Takanaka – I Remember You",,9sk Musicord R1 Reviews!,,,,9sk Musicord R1 Reviews!,,
2023-03-21,,snake city – run boy run,"ught you could be. Now that, is surely an interesting way to also interpret Woodkid’s “run boy run”.",snake city,run boy run,,,snake city,run boy run,,
2023-03-21,84,ספירות – 𓆑 [ X0o0x],have a similar mood. They have a slightly creepy backing mixed with a catchy tune. This one is neat!,X0o0x,ספירות,,,X0o0x,ספירות,,
2023-03-22,68,9sk Musicord R2 Reviews!,"cora was more disappointing than I thought it would be, and this round seemed tough for most people.",,9sk Musicord R2 Reviews!,,,,9sk Musicord R2 Reviews!,,
2023-03-22,97,Kokia – Kirin,her soft voice combined with really nice chill feel. Truly feels like a savanna. Well done! (97/100),Kokia,Kirin,,,Kokia,Kirin,,
2023-03-22,91,MAMAMOO – Hip,"n might have come from. But it doesn’t feel as original as Mr. Ambiguous. Hence, final score 91/100.",MAMAMOO,Hip,,,MAMAMOO,Hip,,
2023-03-23,95,My Kink is Karma – Chappell Roan,"using those unique phrases, you thinking I carePeople say I’m jealous, but my kink is karma

95/100.",Chappell Roan,My Kink is Karma,,,Chappell Roan,My Kink is Karma,,
2023-03-23,71,Adam Bays – Sublime,"but is also feeling a bit safe. It just doesn’t stand out that much, you know? What a shame. 71/100.",Sublime,Adam Bays,,,Sublime,Adam Bays,,
2023-03-23,70,Eminem – Stan,"ong, but it’s a bit sad and feels a big downer. I really can’t add this one to my favorites, I feel.",Eminem,Stan,,,Eminem,Stan,,
2023-03-24,84,Musicord R3 Reviews!,osted a tournament on Musicord (discord) and Round 3 was catchy up beat songs! Here were my reviews:,,,,,,,,
2023-03-24,50,Johnny Cash – I Walk the Line,"sic seems to lack a bit of *umph* for me. It just doesn’t feel convincing enough, you know. (50/100)",Johnny Cash,I Walk the Line,,,Johnny Cash,I Walk the Line,,
2023-03-24,94,Stellar – Vibrato,"smooth and powerful saxophone weaved into the K pop catchy hit, Vibrato is a wonderful song. 94/100.",Stellar,Vibrato,,,Stellar,Vibrato,,
2023-03-24,,‌くぐる – X0o0X,"to have more style than most of their own songs, and it has some potential. Interesting stuff here.",X0o0X,‌くぐる,,,X0o0X,‌くぐる,,
2023-03-26,,Anoushka Shankar – Bright Eyes ft. Alev Lenz,ven more bare than the chorus repeating into the background. It’s an interesting comparison to make.,Anoushka Shankar,Bright Eyes ft. Alev Lenz,,,Anoushka Shankar,Bright Eyes ft. Alev Lenz,,
2023-03-27,,Musicord R4 Reviews,"ws:

Other Songs with bonus:

Kokia – infinity, Etoile Et Toi – Monogatari.Miner at the dial At view",,,,,,,,
2023-03-27,84,Collection of Lesser Represented Genres,"is Lonely Hunter, Feelin’ Good, Moanin’, Convergence (Candy Dulfer), Not the villain I Appear to Be",,Collection of Lesser Represented Genres,,,,Collection of Lesser Represented Genres,,
2023-03-28,91,Kirara Magic & Xomu – Night of Bloom,e chorus begins with dreamy but becomes more clear due to the girl living in the end. Bravo! 91/100.,Kirara Magic & Xomu,Night of Bloom,,,Kirara Magic & Xomu,Night of Bloom,,
2023-03-30,60,Ain’t No Mountain High Enough – Marvin Gaye,"favorites list. Still, maybe one day… ain’t no mountain high enough, to keep me from getting to you.",Marvin Gaye,Ain’t No Mountain High Enough,,,Marvin Gaye,Ain’t No Mountain High Enough,,
2023-03-30,90,The Greatest Showman – The Other Side,ds between the main character and the one who would help him be inspired and begin the plot. 90/100.,The Greatest Showman,The Other Side,,,The Greatest Showman,The Other Side,,
2023-03-30,91,Two Steps from Hell – Victory,believe Victory is appropriately powerful without using too many predictable melodic ideas. 91/100.,Two Steps from Hell,Victory,,,Two Steps from Hell,Victory,,
2023-03-30,,Tanger – taraxaWHAT,is just a Porter Robinson Copy cat wannabe? I dunno if anything is unique or special about this one…,Tanger,taraxaWHAT,,,Tanger,taraxaWHAT,,
2023-03-31,,Moscow (Dschinghis Khan),ounding “Shadows” (Yara Hatsuki) which has a much more festive mood and adds the cool fantasy flute.,Dschinghis Khan,Moscow,,,Dschinghis Khan,Moscow,,
2023-04-03,88,Musicord R5 Reviews,This round was about Epic solos.,,,,,,,,
2023-04-06,,Musicord R6 reviews!,R6 Was all about duality (two sides)! Here were my reviews:,,,,,,,,
2023-04-06,90,Dead or Alive – you Spin me Round,d also lack of umph in a lot of other songs that makes this one overshadow most their work. (90/100),Dead or Alive,you Spin me Round,,,Dead or Alive,you Spin me Round,,
2023-04-07,82,Skies Forever Blue/Toby Fox & Itoki Hana,"if you really think about it), but I like the 8 Bit tune that shines through as unique. Nicely done!",Itoki Hana,Skies Forever Blue/Toby Fox,,,Itoki Hana,Skies Forever Blue/Toby Fox,,
2023-04-07,,Musicord R7 Reviews,this round’s theme was “struggle”.,,,,,,,,
2023-04-07,91,Fall Out Boy – love from the other side,"ole way through and doesn’t let down. Their old style is truly their best style, after all. (91/100)",Fall Out Boy,love from the other side,,,Fall Out Boy,love from the other side,,
2023-04-10,20,100 gecs – Frog on the floor,this gets stuck in my fucking head I swear to the genderless creator I will RAGE. Not for me. 2/10”,100 gecs,Frog on the floor,,,100 gecs,Frog on the floor,,
2023-04-11,62,Good Riddance – Green Day`,"p– (flag raising noise)

Bada bada badada, da, bada bada badada, da, bada bada bada da, da da da da!",Green Day`,Good Riddance,,,Green Day`,Good Riddance,,
2023-04-11,,Nathan Evans – Wellerman,"mix might seem cool, but it borrows too many familiar elements from House and loses its personality.",Nathan Evans,Wellerman,,,Nathan Evans,Wellerman,,
2023-04-11,,Musicord R8 Reviews,"The theme of this round was my disliked genres (jazz, bluegaze, country, metal, etc.)",,,,,,,,
2023-04-11,80,Nine Inch Nails – Closer,"by Meg Myers. It’s hard to say why, but the song does have potential. Maybe I’ll check on it later…",Closer,Nine Inch Nails,,,Closer,Nine Inch Nails,,
2023-04-13,,Musicord R9 Reviews,"This round’s theme was “obscure music”. That is, less than 250,000 views on youtube.",,,,,,,,
2023-04-13,,"URAKAMI, Souki (浦上想起) – Naive Nocturne","unique as “on the Stage” which I also reviewed from him, but I can see how this is his most popular.","URAKAMI, Souki (浦上想起)",Naive Nocturne,,,"URAKAMI, Souki (浦上想起)",Naive Nocturne,,
2023-04-14,19,Garbage Pale Kids – JPEGMAFIA & Danny Brown,ke some garbage pale kids. Indeed these “niggas don’t rap no more”. Not that good of a song. 19/100.,JPEGMAFIA & Danny Brown,Garbage Pale Kids,,,JPEGMAFIA & Danny Brown,Garbage Pale Kids,,
2023-04-14,84,アイドル (Idol) – Yoasabi,"d of bombastic type of song. The song is catchy as usual, but it misses my taste by a slight margin.",Yoasabi,アイドル (Idol),,,Yoasabi,アイドル (Idol),,
2023-04-15,82,This Land is Your Land – Woody Guthrie,"an indie variation. It has a nice soothing feeling and potential, even if it is slightly repetitive.",Woody Guthrie,This Land is Your Land,,,Woody Guthrie,This Land is Your Land,,
2023-04-16,88,Freight Train – Elizabeth Cotten,"kind of whiny and not really that great. Music Grotto, you are being disappointing with your rec’s…",Elizabeth Cotten,Freight Train,,,Elizabeth Cotten,Freight Train,,
2023-04-16,93,Musicord R10 reviews,This round’s theme was “love songs”.,,,,,,,,
2023-04-16,,Musicord R11 Reviews,this round’s theme was the sea sounding songs or unusual sounds.,,,,,,,,
2023-04-17,,Musicord R12 (Finale) Reviews,this round’s theme was “Fantasy” or magical sounding songs.,,,,,,,,
2023-04-17,39,Musicord Special Reviews,But those background noises really ruin the mood — it’s like Kids Bop trying to sing Enter Sandman…,,,,,,,,
2023-04-18,,すいそうぐらし「嘘でも好きって。」,"a telltale sign of why nobody has heard of her. Yet, it also feels it has quite a bit of potential.",嘘でも好きって。,すいそうぐらし「嘘でも好きって。」,,,嘘でも好きって。,すいそうぐらし「嘘でも好きって。」,,
2023-04-19,,Giga – ‘G4L’,"ects make it hard to swallow, and it doesn’t help when it goes into the slightly rappy/talking part.",Giga,‘G4L’,,,Giga,‘G4L’,,
2023-04-20,,KOKIA – おいしい音 yum yum music,"feels surprisingly warm and comforting with KOKIA’s odd “yum yum” going on here. Strange, yet neat!",KOKIA,おいしい音 yum yum music,,,KOKIA,おいしい音 yum yum music,,
2023-04-21,59,Dance Monkey – Tones and I,armless catchy little pop tune. Super heavy autotune rap is much harder for me to withstand. 59/100.,Tones and I,Dance Monkey,,,Tones and I,Dance Monkey,,
2023-04-22,82,If I Had A Tail by Ingrid Witt,"hink fits well with the feeling of the “I’m spoiled” type of personality, yet rebellious. Very nice!",Ingrid Witt,If I Had A Tail,,,Ingrid Witt,If I Had A Tail,,
2023-04-24,93,Vox Machina – Scanalan’s Sphinx Song,"ut it definitely is much better than you expect, from the guy who sang Pull my Beads of Love. Haha!]",Vox Machina,Scanalan’s Sphinx Song,,,Vox Machina,Scanalan’s Sphinx Song,,
2023-04-25,97,Mamamoo – Mr. Ambiguous,"ooh)My love is for you woo Come on

What are you waiting for?

Let’s get on with the show.

97/100.",Mamamoo,Mr. Ambiguous,,,Mamamoo,Mr. Ambiguous,,
2023-04-27,82,Penthouse – Take Me Maybe,"t has a nice catchy hook that the male and female voices echo. Not too shabby, I say. Take Me Maybe.",Take Me Maybe,Penthouse,,,Take Me Maybe,Penthouse,,
2023-04-30,84,Patricia Taxxon – EEEAAAOOO,"y note

and the strange feeling makes you feel like you’re afloat

(Unusual, yet catchy. I like it!)",Patricia Taxxon,EEEAAAOOO,,,Patricia Taxxon,EEEAAAOOO,,
2023-05-01,,RyanDan – High,rIf we all stand tall enoughNo one can beat usIf we all hold our hands up highWe can carry the world,RyanDan,High,,,RyanDan,High,,
2023-05-02,79,Propane Nightmares · Pendulum,"raft or Island. Thus, I do not think it deserves a spot on my favorites list. (final rating: 79/100)",Pendulum,Propane Nightmares · Pendulum,,,Pendulum,Propane Nightmares · Pendulum,,
2023-05-04,49,Feint – Lift,"ody they liked to sing, to create that unique trance feeling. This song is simply too dull. (49/100)",Lift,Feint,,,Lift,Feint,,
2023-05-04,84,Life Is Fun – boyinaband,"Which, isn’t really a proper song in my opinion. No idea how these guys contributed to “Time Bomb”…",Life Is Fun,boyinaband,,,Life Is Fun,boyinaband,,
2023-05-05,,Rag’n’Bone Man – Human,"where it is a bit double edged due to the pop influences. Still, points for the slight folksy feel.",Human,Rag’n’Bone Man,,,Human,Rag’n’Bone Man,,
2023-05-07,97,Poor Man’s Poison – Hell’s Coming With Me,"ion, and the sudden transition with catchy folk is excellent. A powerful and well made song. 97/100.",Poor Man’s Poison,Hell’s Coming With Me,,,Poor Man’s Poison,Hell’s Coming With Me,,
2023-05-08,80,Rebecca Black – Crumbs,"owever quite surprised Taylor Swift – Style and the Shinunga E-wa lost, since they seem quite boppy.",Rebecca Black,Crumbs,,,Rebecca Black,Crumbs,,
2023-05-09,,The O’Reillys and the Paddyhats – Irish Way,"t exactly help. Still, Paddyhats has that old folksy feeling that you can’t complain too much about.",The O’Reillys and the Paddyhats,Irish Way,,,The O’Reillys and the Paddyhats,Irish Way,,
2023-05-09,,[Yura Hatsuki] 夢魔Cauchemar,"ch your attention. As such, Cachemar doesn’t feel it has enough focus to truly capture my enjoyment.",Yura Hatsuki,[Yura Hatsuki] 夢魔Cauchemar,,,Yura Hatsuki,[Yura Hatsuki] 夢魔Cauchemar,,
2023-05-11,91,Takanori Nishikawa – Bright Burning Shout,"a high tier anime opening, and doesn’t hesitate to show his creativity and skill. Well done! 91/100",Bright Burning Shout,Takanori Nishikawa,,,Bright Burning Shout,Takanori Nishikawa,,
2023-05-14,88,Kaoma – Lambada (1989),"r due to its casual tone. Nevertheless, it’s quite good for a Spanish song and not too shabb at all.",Lambada,Kaoma,,,Lambada,Kaoma,,
2023-05-17,,Die Milch – Rosaria,Märchen　私はあなたの人形 永遠にあなたのあやつり人形 will shaken its mazing　あなたの前だけはまだ 汚れを知らない少女のままで　このまま眠らせて I’m Rosalia,Die Milch,Rosaria,,,Die Milch,Rosaria,,
2023-05-21,82,Thirty Seconds To Mars – Stuck,This one has a very nice hook and seems to have quite some potential. I enjoy what I’m hearing here…,Thirty Seconds To Mars,Stuck,,,Thirty Seconds To Mars,Stuck,,
2023-05-22,,Everything All At once – Post Animal,risks also makes the song somewhat mundane and unnotable overall. Maybe he should’ve gone all crazy…,Post Animal,Everything All At once,,,Post Animal,Everything All At once,,
2023-05-29,84,I got fired – Godknott,"on (contract ended), the song nevertheless presents being fired as a good situation. How optimistic…",I got fired,Godknott,,,I got fired,Godknott,,
2023-05-30,79,"Aitana, Nicki Nicole – Formentera","e beat. 

Still, it doesn’t seem too bad. 79/100 for effort, I say.

Soon: Formentera vs Formentera.","Aitana, Nicki Nicole",Formentera,,,"Aitana, Nicki Nicole",Formentera,,
2023-05-31,69,Stay – Kid Laroi and Justin Beiber,monotonous and without much interesting going on. Eh. 69/100.,Stay,Kid Laroi and Justin Beiber,,,Stay,Kid Laroi and Justin Beiber,,
2023-06-01,,Metric – Formentera,more like a real tune compared to the overplayed Spanish hit I reviewed earlier with the same name.,Metric,Formentera,,,Metric,Formentera,,
2023-06-05,95,藍悼花 -aitouka- / 酔シグレ feat.Lucia,song transcends language barriers and has a well placed guitar plus piano solo. Well done! (95/100),aitouka- / 酔シグレ feat.Lucia,藍悼花 -aitouka- / 酔シグレ feat.Lucia,,,aitouka- / 酔シグレ feat.Lucia,藍悼花 -aitouka- / 酔シグレ feat.Lucia,,
2023-06-05,30,"Justin Bieber – Peaches ft. Daniel Caesar, Giveon",o the Super Mario Bros movie song with the same named. And that’s Jack Black singing as the villain.,Justin Bieber,"Peaches ft. Daniel Caesar, Giveon",,,Justin Bieber,"Peaches ft. Daniel Caesar, Giveon",,
2023-06-19,95,Supertramp – Goodbye Stranger,"at, the slightly feminine voice creates an oddly nostalgic feeling somehow. Goodbye stranger! 95/100",Supertramp,Goodbye Stranger,,,Supertramp,Goodbye Stranger,,
2023-06-30,91,Ballad of Mulan – San Wu,maybe just me. Also like the bravery to include a random guitar solo. Not too shabby overall. 91/100,Ballad of Mulan,San Wu,,,Ballad of Mulan,San Wu,,
2023-07-03,78,Wherever We Are Now – Joel Baylis,"providing a simple backing for an Indie song that’s hard to turn away from. Not bad, not bad at all!",Joel Baylis,Wherever We Are Now,,,Joel Baylis,Wherever We Are Now,,
2023-07-03,82,Dominic Fike – Mona Lisa,"r, the beat seems solid and the music isn’t bad. A mighty competitor for the same named song by Obb.",Dominic Fike,Mona Lisa,,,Dominic Fike,Mona Lisa,,
2023-07-04,50,Lil Uzi Vert – Suicide Doors,"adds up to a mostly formulaic and difficult to listen to song. Bitch!

(You get what I mean.) 50/100",Lil Uzi Vert,Suicide Doors,,,Lil Uzi Vert,Suicide Doors,,
2023-07-06,20,Maroon 5 – Beautiful Mistakes,It’s inoffensive but also generic and boring. Beautiful? No. Mistake? Definitely. 20/100,Maroon 5,Beautiful Mistakes,,,Maroon 5,Beautiful Mistakes,,
2023-07-10,,Clea – Dreaming,"lar given the wide well known style — it sounds kind of similar to Sigrid. Overall, very underrated!",Dreaming,Clea,,,Dreaming,Clea,,
2023-07-11,,AV!VA (Aviva Scott) – Enough,be that alone is enough. Now I see why *Never Enough* (Lorren Allred) was considered to be shallow….,AV!VA (Aviva Scott),Enough,,,AV!VA (Aviva Scott),Enough,,
2023-07-11,78,silver linings – almostmadi,", so who knows. This one’s simple, but has good talent and potential. Not bad all things considered.",almostmadi,silver linings,,,almostmadi,silver linings,,
2023-07-12,84,Ghoulin’ My Way | Caitlin Myers,"rom her usual cover songs. It’s cute, but it feels it needs a bit more subtlety to truly be enjoyed.",,Ghoulin’ My Way | Caitlin Myers,,,,Ghoulin’ My Way | Caitlin Myers,,
2023-07-13,62,DAZBEE (ダズビー) | ‘イビツナコトバ,"es it hard to add to a playlist, since there’s not much super special about it. Still, not that bad.",,DAZBEE (ダズビー) | ‘イビツナコトバ,,,,DAZBEE (ダズビー) | ‘イビツナコトバ,,
2023-07-16,,JAWS – Vortex,"o produce such a sound when reversed, it’s hard to say for sure if Vortex truly breaks music theory…",Vortex,JAWS,,,Vortex,JAWS,,
2023-07-18,92,Matt Burrows – In The Phrydge,y. Matt delivers a quite solid exotic flavor of flamingo style Spanish influenced guitar. Excellent!,Matt Burrows,In The Phrydge,,,Matt Burrows,In The Phrydge,,
2023-07-19,,カウントアップ　メガテラ・ゼロ【オリジナル】,"uction is a little too loud, despite the voice’s prowess. Still, it caught my attention well enough.",オリジナル,カウントアップ　メガテラ・ゼロ【オリジナル】,,,オリジナル,カウントアップ　メガテラ・ゼロ【オリジナル】,,
2023-07-21,72,Mia Ramer – Identity,"has potential, but I also feel the song probably needs like, a bridge/break somewhere in the middle.",Identity,Mia Ramer,,,Identity,Mia Ramer,,
2023-07-22,,Cher C – Into the wicked,’s “Stone Cold Classic” features a bit better of what this song should be… but maybe that’s just me.,Cher C,Into the wicked,,,Cher C,Into the wicked,,
2023-07-25,85,Ado – Himawari,"We’re so used to hearing her growls and energy, this one is rather unusual. Rating to be determined!",Ado,Himawari,,,Ado,Himawari,,
2023-07-26,,Children – BIN,"t needs a little something more. The children complaining about adults is an unusual topic, however.",BIN,Children,,,BIN,Children,,
2023-07-26,,w00ds – Solstice,"It doesn’t impress me, so I guess most people might not check out the song that much. What a shame.",Solstice,w00ds,,,Solstice,w00ds,,
2023-07-29,93,The Aces – I’ve Loved You For So Long,"gled a little adding this dreamy song to my list, due to my personal taste. Still, it’s not too bad.",The Aces,I’ve Loved You For So Long,,,The Aces,I’ve Loved You For So Long,,
2023-07-29,39,縴夫的愛 [Boat Tracker Love] – 尹相杰、于文华,"pop love song, rather than the folksy type of repetition. What a shame…. Oh well. I’ll say… 39/100.",縴夫的愛 [Boat Tracker Love],尹相杰、于文华,,,縴夫的愛 [Boat Tracker Love],尹相杰、于文华,,
2023-08-03,,いゔどっと – ジェニ,"to judge whether or not to add it. the “SOS” generates a creepy and interesting feeling, definitely.",いゔどっと,ジェニ,,,いゔどっと,ジェニ,,
2023-08-06,,Faouzia – Elon,"and may lack real substance. Maybe it takes an Einstein; it takes an Elon, to see all that’s wrong…",Faouzia,Elon,,,Faouzia,Elon,,
2023-08-07,,A chimp’s smile – Macabre Plaza,"g title, though it’s a chill noodling. Overall, an interesting recommendation from Discovery weekly.",Macabre Plaza,A chimp’s smile,,,Macabre Plaza,A chimp’s smile,,
2023-08-09,39,Xeon – Fly Away,"ome on man, at least The Fat rat had the interesting influences going on in his “Fly Away”… (39/100)",Fly Away,Xeon,,,Fly Away,Xeon,,
2023-08-09,88,Great Discovery – Movement,"singing is a little too “level” — no ups or downs. A shame, I was hoping this was a great discovery!",Movement,Great Discovery,,,Movement,Great Discovery,,
2023-08-09,,Gary Morris – Another World,"ot of crazy plants and fungus. And some magic going on, ya know. But maybe that’s closer to Fukurou…",Gary Morris,Another World,,,Gary Morris,Another World,,
2023-08-10,,Lizzo – Phone,"could be worse, but it just doesn’t fit my style well. You know how it is. Overall, a strange song…",Lizzo,Phone,,,Lizzo,Phone,,
2023-08-11,,Charles Bradley – “Changes”,and new music to the world. So it’s more of curiosity and discovery. That’s the change I wanna make.,“Changes”,Charles Bradley,,,“Changes”,Charles Bradley,,
2023-08-12,,普通Disco – Wang Feng,", might be better, due to less repetition and the message to find the extraordinary from ordinary. ]",Wang Feng,普通Disco,,,Wang Feng,普通Disco,,
2023-08-14,,Bore U – Twen,"at the same time, it doesn’t feel too shabby overall. More listens may be needed to make a decision…",Twen,Bore U,,,Twen,Bore U,,
2023-08-14,72,Chameleon Circuit – The Doctor Is Dying,east they have a kind of reversed melody in the middle which resonates back with the time lord idea.,Chameleon Circuit,The Doctor Is Dying,,,Chameleon Circuit,The Doctor Is Dying,,
2023-08-15,62,Crash Adams – Give Me a Kiss,pt to cover something like Bad Guy by Billie Eilish. Would be interesting to see how they handle it…,Crash Adams,Give Me a Kiss,,,Crash Adams,Give Me a Kiss,,
2023-08-15,,Taylor Swift – peace,"g as there’s no big worries going on, I’m not the kind of person to get depressed or worried easily.",Taylor Swift,peace,,,Taylor Swift,peace,,
2023-08-16,,Literally My Life – MyLifeAsEva,"ly mean it. That’s that. Any ways, the song seems kinda lame, it’s *literally* every other pop song.",Literally My Life,MyLifeAsEva,,,Literally My Life,MyLifeAsEva,,
2023-08-17,76,Prince & The Revolution – When Doves Cry,"radio nowadays… I dunno, really. The hook “F E E D” that keeps playing is a head scratcher for sure.",Prince & The Revolution,When Doves Cry,,,Prince & The Revolution,When Doves Cry,,
2023-08-18,,Jade Lemac – Car Accident,"sure, has a lot of deep meaning for a seemingly simple pop melody. I might listen to it more later…",Jade Lemac,Car Accident,,,Jade Lemac,Car Accident,,
2023-08-18,,Flaws and Motivation Compilation [MNM/Superhero TTRPG],"ngs by Trace Adkins)

RECOGNITION – THOM FRANCK , CURTIS CLACEY AND JAMIE ELDER

Sia – Cheap Thrills",MNM/Superhero TTRPG,Flaws and Motivation Compilation,,,MNM/Superhero TTRPG,Flaws and Motivation Compilation,,
2023-08-19,82,Footsteps – Meaningful Stone,ut I don’t see any major flaws. It trails along just fine. Wonder what the lyrics are about though….,Meaningful Stone,Footsteps,,,Meaningful Stone,Footsteps,,
2023-08-21,,“Unwritten” – Natasha Bedingfield,h I’m not big on the weird “aaaa” sound echoing throughout. Maybe that’s why I never added this one…,Natasha Bedingfield,“Unwritten”,,,Natasha Bedingfield,“Unwritten”,,
2023-08-21,82,Atomized – Machine gum,"e brings it out of my taste range, but somehow the rock and drums brings the melody along just fine.",Atomized,Machine gum,,,Atomized,Machine gum,,
2023-08-23,,Katy Perry – A Cup Of Coffee,"initely more unique than this one, but this one doesn’t too shabby, even if a little bit repetitive.",Katy Perry,A Cup Of Coffee,,,Katy Perry,A Cup Of Coffee,,
2023-08-23,,Infected Mushroom – Cities Of The Future,"bit too far on the EDM side to instantly attract me, unlike some of their more rock oriented songs.",Infected Mushroom,Cities Of The Future,,,Infected Mushroom,Cities Of The Future,,
2023-08-24,14,Korede Bello – Godwin,". Anyways, the song is … pretty dull and unnotable, so I’ll put it in the “sad meh” section. 14/100.",Korede Bello,Godwin,,,Korede Bello,Godwin,,
2023-08-24,84,Get it B4 – Moses Sumney,es has a surprisingly good song. Get it B4 has a nice R&B feel that I can’t complain about. Not bad!,Moses Sumney,Get it B4,,,Moses Sumney,Get it B4,,
2023-08-25,,"Trippie Redd, PARTYNEXTDOOR – Excitement","isn’t anything that catches my attention. So, probably won’t be going on my favorites any time soon.","Trippie Redd, PARTYNEXTDOOR",Excitement,,,"Trippie Redd, PARTYNEXTDOOR",Excitement,,
2023-08-25,76,Jenna Raine – It Is What It Is,lar hook makes it a little odd. The rhythm and tune reminds me a little of Gold Rush. (Emma Stevens),It Is What It Is,Jenna Raine,,,It Is What It Is,Jenna Raine,,
2023-08-26,95,Kyle Gordon – Planet of the Bass,"Dancing” motif: “Rhythm Is A Dancer” by Snap!

“None of the five above” motif: “Sandstorm” by Darude",Kyle Gordon,Planet of the Bass,,,Kyle Gordon,Planet of the Bass,,
2023-08-27,82,Interview – Ikka,"says is he keeps some secrets, which is fine  Iguess. He says he was stealing and has parent issues.",Ikka,Interview,,,Ikka,Interview,,
2023-08-27,78,Pinkie’s Brew – Griffin Lewis,"despite being a fan made song, and has presents a funny tease at Pinkie’s character. Not bad at all!",Griffin Lewis,Pinkie’s Brew,,,Griffin Lewis,Pinkie’s Brew,,
2023-08-28,,Strangers – Raj Ramayya,meaningful strings and soft instrumentals make this song a highly qualified entry for my favorites.,Raj Ramayya,Strangers,,,Raj Ramayya,Strangers,,
2023-08-28,78,Kikuo – Song of the Night,"quite silly though the voice is definitely on the nose a bit. Overall, not bad though not my taste.",Song of the Night,Kikuo,,,Song of the Night,Kikuo,,
2023-08-29,,Daniel Ingram – Magic of Friendship Grows,e added to favorites since it seems kind of Disney musical ish. Ah well. Maybe the Magic will grow….,Daniel Ingram,Magic of Friendship Grows,,,Daniel Ingram,Magic of Friendship Grows,,
2023-08-29,84,Carly Rae Jepson – Shy Boy,"catchy, fun, and cute, Carly Rae makes me feel like one hell of a shy boy.",Carly Rae Jepson,Shy Boy,,,Carly Rae Jepson,Shy Boy,,
2023-08-30,40,Forgotten Words (忘れじの言の葉) ／DAZBEE,"bout it. It’s an alright song, but it just didn’t grip me unfortunately. RATING: 4/10 SORRY YOU DIED",DAZBEE,Forgotten Words (忘れじの言の葉) ／DAZBEE,,,DAZBEE,Forgotten Words (忘れじの言の葉) ／DAZBEE,,
2023-08-31,80,Survivor – Eye Of The Tiger,e like training related song. It’s still good but I think the ratings too high. Final rating: 80/100,Survivor,Eye Of The Tiger,,,Survivor,Eye Of The Tiger,,
2023-09-01,82,Bill & Gloria Gaither – I’m Feeling Fine,nd of song. But I guess Nina Simone’s similar title completely overshadows this one. So that’s that.,Bill & Gloria Gaither,I’m Feeling Fine,,,Bill & Gloria Gaither,I’m Feeling Fine,,
2023-09-02,50,Fun – Some Nights,"t sounds like One Republic’s other songs. Some autotune, “Whoa oh oh”, and nothing super impressive.",Fun,Some Nights,,,Fun,Some Nights,,
2023-09-04,,The Cruel Angel’s Thesis · Yoko Takahashi,", it’s pretty happy go lucky, no major complaints. Just feels too well known to add to my favorites…",Yoko Takahashi,The Cruel Angel’s Thesis · Yoko Takahashi,,,Yoko Takahashi,The Cruel Angel’s Thesis · Yoko Takahashi,,
2023-09-05,62,Edward Sharpe & The Magnetic Zeros – Home,es. But I wouldn’t say it’s bad at all. Kudos for having some interest more than usual pop at least.,Edward Sharpe & The Magnetic Zeros,Home,,,Edward Sharpe & The Magnetic Zeros,Home,,
2023-09-05,82,Nornis – Abyssal Zone,is short which adds additional idea that things may not be completely resolved. A solid composition!,Abyssal Zone,Nornis,,,Abyssal Zone,Nornis,,
2023-09-06,82,Sody – The Bully,"myself. Not sure it has anything quite unique enough to add to my favorites, but it’s fine overall.",Sody,The Bully,,,Sody,The Bully,,
2023-09-06,,Selena Gomez – Wolves,"doesn’t offer anything super special. Sorry, Selena, and thanks Youtube for popping it off the list.",Selena Gomez,Wolves,,,Selena Gomez,Wolves,,
2023-09-07,,TOOL – The Grudge,"is. It’s rather hard to get into TOOL for me, and I feel this song is kind of over my head honestly.",TOOL,The Grudge,,,TOOL,The Grudge,,
2023-09-08,,Um Um Um Um Um Um – Major Lance,e word most people would want to try to give up – “Um”. It’s just a filler that isn’t really useful.,Major Lance,Um Um Um Um Um Um,,,Major Lance,Um Um Um Um Um Um,,
2023-09-09,,Complete Jazz Collection,"情スカート by [Lowland Jazz], Mamamoo by Mr. Ambiguous, BLU-SWING by SUNSET,

Bonus: Cafe de Touhou Album",,,,,,,,
2023-09-09,88,"Static-P – That time I got resurrected as a NEET in a fantasy world but I’m powerless, JUST LIKE MY LAST LIFE!","y Johnny Cash?). Still, kudos to creativity in telling a reincarnation story in a seven minute epic!",Static-P,"That time I got resurrected as a NEET in a fantasy world but I’m powerless, JUST LIKE MY LAST LIFE!",,,Static-P,"That time I got resurrected as a NEET in a fantasy world but I’m powerless, JUST LIKE MY LAST LIFE!",,
2023-09-09,,Marconi Union – Weightless,"that supposedly does the same thing, but I don’t really listen to “go to sleep” kind of things. Eh…",Marconi Union,Weightless,,,Marconi Union,Weightless,,
2023-09-10,78,Phil Collins – In The Air Tonight,"zone since it’s a bit downlow, but it’s definitely not bad. It’s got a feeling, in the air tonight.",Phil Collins,In The Air Tonight,,,Phil Collins,In The Air Tonight,,
2023-09-10,50,Calvin harris – Miracle,he standard pop trance stuff with Ellie Ghoulding. Predictable and forgettable… not my thing. 50/100,Miracle,Calvin harris,,,Miracle,Calvin harris,,
2023-09-11,50,Florida Georgia Line – Cruise,"ven’t reviewed this one, it is kind of cheesy though. Pretty normal country. Very mid, about 50/100.",Florida Georgia Line,Cruise,,,Florida Georgia Line,Cruise,,
2023-09-11,80,君色々移り / Changing to Your Colors / Kimi Iroiro Utsuri – Mafumafu,"mmer feel, especially with that Japanese … drum… thing. I dunno what’s it called. Solid rock! 80/100",Mafumafu,君色々移り / Changing to Your Colors / Kimi Iroiro Utsuri,,,Mafumafu,君色々移り / Changing to Your Colors / Kimi Iroiro Utsuri,,
2023-09-12,93,BTS – Fake Love,k is a no no. The song is mediocre in my opinion and doesn’t offer anything special K POP wise. Meh.,BTS,Fake Love,,,BTS,Fake Love,,
2023-09-13,85,Echosmith – Cool Kids,"ell known song is a solid hit and I have no complaints. Hey, they’re already the Cool Kids! (85/100)",Echosmith,Cool Kids,,,Echosmith,Cool Kids,,
2023-09-14,30,Ado – Show,"ou think? does it deserve a — clap clap clap?

whatever your opinion is, shout it out, shout it out!",Ado,Show,,,Ado,Show,,
2023-09-15,,Chandler Kinney – I’m the alpha (we own the night),"tune. I’d rather listen to “follow the leader”, even if the wolf theme of “awoo” is somewhat unique.",Chandler Kinney,I’m the alpha (we own the night),,,Chandler Kinney,I’m the alpha (we own the night),,
2023-09-16,84,SAINT MOTEL – A Good Song Never Dies,"abbing songs like “stone cold classic”. Still, I’ll probably add it to my favorites sooner or later…",SAINT MOTEL,A Good Song Never Dies,,,SAINT MOTEL,A Good Song Never Dies,,
2023-09-21,,Lana Del Rey //Salvatore,"random sweet ice cream pretty, but Lana del rey succeeds. Reminds me a bit of Masouleum by Rafferty…",,Lana Del Rey //Salvatore,,,,Lana Del Rey //Salvatore,,
2023-09-21,92,Rap/Hip hop Song Collection,"Powfu, A-Flat by Black violin, Open the Door (longestsoloever)

Bonus: Lone Digger

total count: 16",,,,,,,,
2023-09-21,93,shade – Brand New Legs,". It’s definitely got potential, and has a neat fresh feeling of a love song that has a new message.",Brand New Legs,shade,,,Brand New Legs,shade,,
2023-09-21,84,marshmello – Silence,"after all”, which has a somewhat monotonous voice but at least it feels it has a good reason for it.",marshmello,Silence,,,marshmello,Silence,,
2023-09-21,76,fun – Sir Sly,of the song message. This one is ok but I don’t hear anything super special to add to my favorites.,fun,Sir Sly,,,fun,Sir Sly,,
2023-09-21,84,Belot – Harmless Fun,"o deep. I just think there isn’t anything that unique, so the song avoids my favorites list for now…",Belot,Harmless Fun,,,Belot,Harmless Fun,,
2023-09-21,78,"Hoskey, RayRay – Sdorica “the story unfolds”","idea going on. It could use some more fancy ideas than the simple instruments, but overall not bad.","Hoskey, RayRay",Sdorica “the story unfolds”,,,"Hoskey, RayRay",Sdorica “the story unfolds”,,
2023-09-21,82,Carly Rae Jepson – Kamikaze,"feel with a hint of dream pop, Carly Rae luckily doesn’t self destruct with this nice sounding hit.",Carly Rae Jepson,Kamikaze,,,Carly Rae Jepson,Kamikaze,,
2023-09-22,82,"James Landino, Shihori – Go Strike!","ers has no right to be this good. It’s got some solid rock going on, like an anime opening. Not bad!","James Landino, Shihori",Go Strike!,,,"James Landino, Shihori",Go Strike!,,
2023-09-22,85,Cosmic Lover – Ariana and the Rose,ling that’s close to R and B despite being a pop song with electronic elements. Has some potential …,Cosmic Lover,Ariana and the Rose,,,Cosmic Lover,Ariana and the Rose,,
2023-09-22,,her Body – Nasty Cherry,"rid of this on first listen, so I’m putting a pin just in case it has more elements I didn’t catch.",Nasty Cherry,her Body,,,Nasty Cherry,her Body,,
2023-09-23,92,BRADIO – Golden Liar,Japanese band delivers another excellent funk hit. I’d have to be a golden liar to say this was bad…,BRADIO,Golden Liar,,,BRADIO,Golden Liar,,
2023-09-24,,Latto – Big Energy,Lizzo feel and the rap doesn’t seem too shabby. Has surprisingly amount of potential. Pun intended?,Big Energy,Latto,,,Big Energy,Latto,,
2023-09-26,82,lavender forever – Jake Wesley Rogers,"with a reasonable rock base, the song trails along just fine.",Jake Wesley Rogers,lavender forever,,,Jake Wesley Rogers,lavender forever,,
2023-09-26,,it’s a trip! – Joywave,"read the title. It’s not that exotic or crazy, but it definitely has potential.",Joywave,it’s a trip!,,,Joywave,it’s a trip!,,
2023-09-26,,千年の羽 – 崩坏3符华印象曲,"never heard before. I thought it looked similar to senbonsakura, but it definitely sounds different.",千年の羽,崩坏3符华印象曲,,,千年の羽,崩坏3符华印象曲,,
2023-09-26,,MOTHICA – Sirens,the title is quite fitting as the singing is well done. I have no major complaints…,Sirens,MOTHICA,,,Sirens,MOTHICA,,
2023-09-26,,touhou – UN Owen was her,resting with the Halloween like feel to it and even a hint of carol of the bells. Truly interesting!,UN Owen was her,touhou,,,UN Owen was her,touhou,,
2023-09-26,,aura Dione – Friends,seems less auto tune or annoying than Marshmello. I’m sure it would’ve ranked higher in the placing.,Friends,aura Dione,,,Friends,aura Dione,,
2023-09-27,82,Malia Civets – Anybody But You,"le is ironic and the song is quite fine. Perhaps it means she’s exceptional, considering the talent…",Malia Civets,Anybody But You,,,Malia Civets,Anybody But You,,
2023-09-27,,splinter – Spill Tab,it’s certainly feeling much better than a splinter in your fingers. No major complaints here.,Spill Tab,splinter,,,Spill Tab,splinter,,
2023-09-28,82,Headfirst Slide Into Cooperstown on a Bad Bet — Fall Out Boy,"a lengthy title, but old fall out boy is usually pretty decent. No complaints here.",Fall Out Boy,Headfirst Slide Into Cooperstown on a Bad Bet,,,Fall Out Boy,Headfirst Slide Into Cooperstown on a Bad Bet,,
2023-09-28,,Mili – String Theocracy,ong introduced in Library of Ruina is quite fitting in the mood of the game. Interesting ideas here…,String Theocracy,Mili,,,String Theocracy,Mili,,
2023-09-29,,within – Daft Punk,release radar is a song I already know… how unfortunate. At least it’s emotional and well composed.,Daft Punk,within,,,Daft Punk,within,,
2023-09-29,62,"renforshort – Julian, King of Manhattan","I’ve never heard of such a king of a city, but he can’t be too bad if the songs that good.",renforshort,"Julian, King of Manhattan",,,renforshort,"Julian, King of Manhattan",,
2023-09-30,,hot to go – Chappell Roan,ll. The 199 degree makes me wonder if it was inspired by the Don’t Stop Me Now 200 degree statement…,Chappell Roan,hot to go,,,Chappell Roan,hot to go,,
2023-09-30,82,Billy Joel – Honesty,"after all. As for the song, it seems to honestly present Billy’s usual style. It seems fine overall.",Billy Joel,Honesty,,,Billy Joel,Honesty,,
2023-10-01,82,Oh no Darling – Sarah Kinsley,hy the exclamation? It’s a fine song… got some nice dreamy segments and rock solo in the final part.,Sarah Kinsley,Oh no Darling,,,Sarah Kinsley,Oh no Darling,,
2023-10-01,93,morning – Charlotte Lawrence,Will I still love you in the morning? Who knows… it’s got potential though!,Charlotte Lawrence,morning,,,Charlotte Lawrence,morning,,
2023-10-01,82,NAIVE – Oohyo,"ting, it’s got a nice beat and an innocent voice that fits the message well. Interesting ideas here…",Oohyo,NAIVE,,,Oohyo,NAIVE,,
2023-10-01,82,Hozier – Work Song,"asking for. Anyways, Hozier seems to give a decent work in his work song. I have no complaints here.",Hozier,Work Song,,,Hozier,Work Song,,
2023-10-02,82,Come Here – Dominic Fike,"with a sass and a nice rock going on, I can find nothing major to complain about here.",Dominic Fike,Come Here,,,Dominic Fike,Come Here,,
2023-10-03,78,Sensitive – Mothica,ark pop but not quite as simple as someone like Chase Holfelder. Very curious style… not bad at all!,Mothica,Sensitive,,,Mothica,Sensitive,,
2023-10-04,82,Communication – Cardigans,"a bit too soft to capture my attention completely. But for its communication, it seems fine overall.",Cardigans,Communication,,,Cardigans,Communication,,
2023-10-05,62,cognitive dissonance – Sophie Holohan,"ecent pop beat, I ironically see no cognitive dissonance going on here. Not that that’s a bad thing…",Sophie Holohan,cognitive dissonance,,,Sophie Holohan,cognitive dissonance,,
2023-10-06,70,Kyoto – Phoebe Bridgers,"it’s not too shabby, got a big band feel going on here, not sure why it’s called Kyoto though…",Phoebe Bridgers,Kyoto,,,Phoebe Bridgers,Kyoto,,
2023-10-06,82,selfish – Good Boy daisy,"with a decent beat despite a well known message, the song goes along quite fine.",Good Boy daisy,selfish,,,Good Boy daisy,selfish,,
2023-10-06,,Better in My Memory – Rebecca Black,"Friday hit, the title will likely not be true for a long time. She has gotten much better currently.",Rebecca Black,Better in My Memory,,,Rebecca Black,Better in My Memory,,
2023-10-07,70,Be Sweet – Japanese Breakfast,sweet enough as the title implies. No complaints here.,Japanese Breakfast,Be Sweet,,,Japanese Breakfast,Be Sweet,,
2023-10-08,78,Jocat – Grab Your Friends,"— it’s phrased closer to one of those weird musical songs. Oh well, it’s not badly composed at all!",Grab Your Friends,Jocat,,,Grab Your Friends,Jocat,,
2023-10-08,,Attention – Aces,"named Charlie Puth song completely overshadows this Indie hit, Aces definitely needs more attention!",Aces,Attention,,,Aces,Attention,,
2023-10-09,,"Shakira, Anuel AA – Me Gusta","autotuned…. No Me Gusta. Not sure why Shakira joined this one, she’s usually more subtle than this.","Shakira, Anuel AA",Me Gusta,,,"Shakira, Anuel AA",Me Gusta,,
2023-10-10,62,Pretty Girls – Renee Rapp,"and doesn’t seem bad at all. At least it doesn’t follow its phrase, “I can predict it line by line”.",Renee Rapp,Pretty Girls,,,Renee Rapp,Pretty Girls,,
2023-10-11,50,Marine Corp Hymn,"military though, it’s not all that  bad. 50/100 as a proper song, closer to 75 for a military hymn.",,Marine Corp Hymn,,,,Marine Corp Hymn,,
2023-10-11,,dickhard/rockstar – Critter,"itle, it might ironically be better than the mainstream Rockstar by Post Malone. Has some potential!",Critter,dickhard/rockstar,,,Critter,dickhard/rockstar,,
2023-10-11,95,"ZAYN, Zhavia Ward – A Whole New World",ke his song much more dramatic. What do you think? Would you add A whole New World to your playlist?,A Whole New World,"ZAYN, Zhavia Ward",,,A Whole New World,"ZAYN, Zhavia Ward",,
2023-10-12,,The Cure – Boys Don’t Cry,"e it’s kind of like why people like Mr. Brightside, despite the same dynamics of singing throughout.",The Cure,Boys Don’t Cry,,,The Cure,Boys Don’t Cry,,
2023-10-13,68,Jorge Rivera Herrans — Just a Man,"it makes you sound off. As one of the most popular song in the series, I’m disappointed by this one.",Jorge Rivera Herrans,Just a Man,,,Jorge Rivera Herrans,Just a Man,,
2023-10-14,,Eiko Shimamiya – Flower of Hell,Every word draws me nearSo easily ensnaredThe shards of time are flying by nowWithout a single sound,Eiko Shimamiya,Flower of Hell,,,Eiko Shimamiya,Flower of Hell,,
2023-10-16,,DAZBEE – Othello,"(black and white for Othello perhaps), not sure if that was intended or not. Still sounds very cool!",DAZBEE,Othello,,,DAZBEE,Othello,,
2023-10-16,82,Your Age – Rina Sawayama,"not entirely sure what age Rina wants to present, but a fine song all around nonetheless.",Rina Sawayama,Your Age,,,Rina Sawayama,Your Age,,
2023-10-16,,Man in the Mirror – Michael Jackson,"e.

as for the song, it means well and I’m surprised I haven’t reviewed it already. MJ is a classic!",Michael Jackson,Man in the Mirror,,,Michael Jackson,Man in the Mirror,,
2023-10-17,,Belong – Andrea Chahayed,oes it belong in my favorites? Only time can tell. It has potential and definitely seems underrated.,Andrea Chahayed,Belong,,,Andrea Chahayed,Belong,,
2023-10-17,78,Kid Rock – First Kiss,"ildhood than romance. The country style seems all but unnecessary, but it’s an alright song overall.",Kid Rock,First Kiss,,,Kid Rock,First Kiss,,
2023-10-18,,Tinariwen – Emalinine,"w stoppers, so this one’s just outside of my taste. Still, I do wish there was more stuff like this.",Tinariwen,Emalinine,,,Tinariwen,Emalinine,,
2023-10-18,84,Lake Street dive – Neighbor song,own better through the song and the unusual gestures definitely go a long way to make a fun message.,Lake Street dive,Neighbor song,,,Lake Street dive,Neighbor song,,
2023-10-19,,Steve Jobs: Resurrection (MondoMedia),whatnot. But I’ll probably need a few more listens to decide on truly considering it as a favorite…,Steve Jobs,Resurrection (MondoMedia),,,Steve Jobs,Resurrection (MondoMedia),,
2023-10-22,60,The Avalanches – Since I Left You,of feeling like Around the World by Daft Punk where it just repeats a motif in slightly varied ways),Since I Left You,The Avalanches,,,Since I Left You,The Avalanches,,
2023-10-23,,Mitchell Tenpenny – We Got History,— it’s brand new. The country style isn’t too shabby and it has potential. Rating to be determined.,We Got History,Mitchell Tenpenny,,,We Got History,Mitchell Tenpenny,,
2023-10-23,,gum v9.1 – Devon Again,"is interesting but I have no idea why the song is called this. Well not the gum part, the 9.1 part.",Devon Again,gum v9.1,,,Devon Again,gum v9.1,,
2023-10-24,82,Eleanor Rigby – The Beatles,and I don’t make friends either. The song itself is fine overall but nothing special in my opinion.,The Beatles,Eleanor Rigby,,,The Beatles,Eleanor Rigby,,
2023-10-24,,Borderline Insane – Matilda Mann,ong to favorites despite listening to it many times. Maybe. But it’s hard to make a decision really…,Matilda Mann,Borderline Insane,,,Matilda Mann,Borderline Insane,,
2023-10-24,,Take Me Home – Ken Ashcorp,"home yet, but it has potential, also one of those songs that stop when he says stop, so that’s neat.",Ken Ashcorp,Take Me Home,,,Ken Ashcorp,Take Me Home,,
2023-10-24,82,Carly Rae Jepson – Sideways,"the song isn’t that sideways, but it’s pretty decent overall.",Carly Rae Jepson,Sideways,,,Carly Rae Jepson,Sideways,,
2023-10-25,82,Jeff Williams – Gold,"another solid pop hit with some interesting influences, Jeff delivers another golden song.",Jeff Williams,Gold,,,Jeff Williams,Gold,,
2023-10-25,,Moon Song – Phoebe Bridgers,", it has a Sufjan Steven’s soft feel to it, out of my style. I’m more of a Moon Theme Ducktales guy.",Phoebe Bridgers,Moon Song,,,Phoebe Bridgers,Moon Song,,
2023-10-25,,Takanashi Kiara – Sparks,o become a ballad. The breathing space makes it feel much more meaningful. But maybe that’s just me.,Sparks,Takanashi Kiara,,,Sparks,Takanashi Kiara,,
2023-10-26,84,You Are Not My Friend – Tessa Violet,"a catchy and pretty strong song, nothing to complain about.",Tessa Violet,You Are Not My Friend,,,Tessa Violet,You Are Not My Friend,,
2023-10-28,78,Beach Bunny – Sports,"uess it bugged out. Anyways, the song has a neat indie feeling, not bad at all. I need more, indeed!",Beach Bunny,Sports,,,Beach Bunny,Sports,,
2023-10-28,84,Wishes – Carter Ryan,"lly enjoy, but I wouldn’t be mad if the genie gave me this in reseponse for wishing for a good song.",Carter Ryan,Wishes,,,Carter Ryan,Wishes,,
2023-10-31,,nexus (is it over) – Austin and the Powers,"d thing you’re not in a competition, otherwise I’d just use the other song to answer your question….",Austin and the Powers,nexus (is it over),,,Austin and the Powers,nexus (is it over),,
2023-11-01,82,Pumped Up Kicks – Foster the People,"it. It’s got that nice indie feel, and I can’t complain too much besides maybe it being overplayed.",Foster the People,Pumped Up Kicks,,,Foster the People,Pumped Up Kicks,,
2023-11-02,50,Tessa Violet – Crush,"or the song, the quirky ding a king going on is a bit out of my taste, though it’s not too terrible.",Tessa Violet,Crush,,,Tessa Violet,Crush,,
2023-11-03,82,Paolo Buonvino – Renaissance,ans well and doesn’t seem too shabby. I might listen to it more but so far seems like a nice ballad.,Renaissance,Paolo Buonvino,,,Renaissance,Paolo Buonvino,,
2023-11-03,,FEAR – Joywave,ody and doesn’t seem too shabby. Will need more listens to see if it’s worth adding to my favorites.,Joywave,FEAR,,,Joywave,FEAR,,
2023-11-03,,Later – Superknova,"chillin and neat, the song makes me wanna listen to it again later.",Superknova,Later,,,Superknova,Later,,
2023-11-05,,Wake up – Arcade Fire,l in my opinion. Will need more listens… a strong contender against Anthony Neely’s same named song…,Arcade Fire,Wake up,,,Arcade Fire,Wake up,,
2023-11-05,75,Enya – Only Time,o underwhelming overall. It does fit in a fantasy or otherworld playlist though. C ish grade overall,Enya,Only Time,,,Enya,Only Time,,
2023-11-06,,Tessa Violet – Kitchen Song,"not sure why it has to with kitchen, it certainly doesn’t make me hungry, but it’s not too shabby.",Tessa Violet,Kitchen Song,,,Tessa Violet,Kitchen Song,,
2023-11-06,82,epik High – Screen Time,"ight. As for the song review, it’s very chill and seems kind of cool, it’s got a nice feeling to it.",Screen Time,epik High,,,Screen Time,epik High,,
2023-11-07,,"wowkie zhang- Sunshine, rainbow white pony","ese that means “that”). Otherwise, it seems like a more tolerable baby shark. Rating not applicable.","Sunshine, rainbow white pony","wowkie zhang- Sunshine, rainbow white pony",,,"Sunshine, rainbow white pony","wowkie zhang- Sunshine, rainbow white pony",,
2023-11-07,82,Beyoncé – 1 + 1,"linear algebra. As for the song, it has a good voice and a decent melody. Nothing to complain about.",Beyoncé,1 + 1,,,Beyoncé,1 + 1,,
2023-11-08,,you and me – Liu Huan,e to show off his singing ability and not his music making skills. Are all Olympic songs this bland?,Liu Huan,you and me,,,Liu Huan,you and me,,
2023-11-08,,Joe Budden – Pray For Me,alk about music. Wonder if his hip hop origins appealed to mainstream and made him the most popular.,Pray For Me,Joe Budden,,,Pray For Me,Joe Budden,,
2023-11-09,,Baldur Gate 3 – Song of Balduran,gives Ori and the Will o Wisp vibes. Will need more listens before potentially adding to favorites.,Baldur Gate 3,Song of Balduran,,,Baldur Gate 3,Song of Balduran,,
2023-11-11,93,echosmith – tell her you love her,"ways, this one’s less well known than their best hits, but it definitely means well. Rating pending.",echosmith,tell her you love her,,,echosmith,tell her you love her,,
2023-11-12,85,Multitask – Age,to construct. The song has a good R&B beat and is crazy underrated. How does she have only 67 views…,Age,Multitask,,,Age,Multitask,,
2023-11-13,93,what love – IDKHOW BUT THEY FOUND ME,"ng with nothing to complain about, although “what love” is a fittingly ironic question for the song.",IDKHOW BUT THEY FOUND ME,what love,,,IDKHOW BUT THEY FOUND ME,what love,,
2023-11-13,82,FLO – Cardboard Box,"live merely from building them. As for the song, it has some r&b influences and seems pretty decent.",FLO,Cardboard Box,,,FLO,Cardboard Box,,
2023-11-13,,Treason – Tinashe,"I guess it would be treason to say I didn’t like this one, eh?",Tinashe,Treason,,,Tinashe,Treason,,
2023-11-13,62,I got it Bad – Addison Rae,do I got it bad? Not yet.. it’s got potential though.,Addison Rae,I got it Bad,,,Addison Rae,I got it Bad,,
2023-11-14,93,Meet Virginia – Train,"ng has the usual Train love theme, it doesn’t impress me too much, but it’s better than Soul Sister.",Train,Meet Virginia,,,Train,Meet Virginia,,
2023-11-15,,God Complex – Donna Missal,"otential, one of the rare songs with high production but cleverly made. Interesting to say the least",Donna Missal,God Complex,,,Donna Missal,God Complex,,
2023-11-16,,How’d You Do It – Will Cullen,"tion but pure talent. So How’d you do it? Now THAT, is a much more powerful message don’t you think?",Will Cullen,How’d You Do It,,,Will Cullen,How’d You Do It,,
2023-11-16,78,now we are free – Lisa Gerrard,"best. Anyways, the song feels slightly underwhelming out of context, but at least it sounds alright.",Lisa Gerrard,now we are free,,,Lisa Gerrard,now we are free,,
2023-11-16,,Sanctus Real – Confidence,ns well. Also might be slightly better than Demi Lovato’s same named song… you gotta do better demi!,Confidence,Sanctus Real,,,Confidence,Sanctus Real,,
2023-11-16,82,Trees – Maude Latour,"with a decent chill feeling, the trees definitely have a nice melody in this song.",Maude Latour,Trees,,,Maude Latour,Trees,,
2023-11-17,68,Lord Huron – The Night We Met,is a bit underwhelming sadly. Not much to talk about in my opinion. It’s kind of like Billie Eilish.,Lord Huron,The Night We Met,,,Lord Huron,The Night We Met,,
2023-11-19,76,Ray Woods – Instinct,"nda hip hop influence, reminds me a bit of “All I think About is You” from the tik tok community. It",Ray Woods,Instinct,,,Ray Woods,Instinct,,
2023-11-19,,"New Invention – I DONT KNOW HOW BUT THEY FOUND ME, Tessa Violet","mas Sanders and dodie. Still, not too shabby… one of the few songs with potential on my daily mix’s.",New Invention,"I DONT KNOW HOW BUT THEY FOUND ME, Tessa Violet",,,New Invention,"I DONT KNOW HOW BUT THEY FOUND ME, Tessa Violet",,
2023-11-21,,TeamMarcoPolo – Leonardo Da Vinci,"As for the song, it’s silly but he definitely has talent for writing humorous tunes. Not too shabby.",Leonardo Da Vinci,TeamMarcoPolo,,,Leonardo Da Vinci,TeamMarcoPolo,,
2023-11-21,,【多多×祈Inory】《扬旗鸣鼓》(Yang Qi Meng Gu),"oily sheen, makeup in rouge and ink, resonant and diverse, instruments echo and play (什么粉面油光 胭脂墨彩作妆)",多多×祈Inory,【多多×祈Inory】《扬旗鸣鼓》(Yang Qi Meng Gu),,,多多×祈Inory,【多多×祈Inory】《扬旗鸣鼓》(Yang Qi Meng Gu),,
2023-11-21,82,Backtrack – Emei,"review… well, this one’s got a decent beat and a rock based melody. Nothing major to complain about…",Backtrack,Emei,,,Backtrack,Emei,,
2023-11-21,88,Jack Johnson – Banana Pancakes,"are great. As for the song, it’s slightly underwhelming but for Banana Pancakes seems chill enough.",Jack Johnson,Banana Pancakes,,,Jack Johnson,Banana Pancakes,,
2023-11-22,76,everything – half alive,"’re in pain? Sure, why not. The hook with repeating the title isn’t too shabby. A neat song overall.",half alive,everything,,,half alive,everything,,
2023-11-22,,Leonie Biney – Beach Song,"gs. And no, You raise me up (so I can stand on mountains) isn’t a mountain song. That’s not a thing.",Leonie Biney,Beach Song,,,Leonie Biney,Beach Song,,
2023-11-23,,ANIMAL: PAPA MERI JAAN,g has a soothing feeling but feels it doesn’t go anywhere. Oh well… not sure why it’s called animal.,Sonu Nigam,PAPA MERI JAAN,,,Sonu Nigam,PAPA MERI JAAN,,
2023-11-23,97,Hana ni Natte [Be A Flower] – 緑黄色社会 Ryokuoushoku Shakai,"he chorus isn’t super catchy, but it helps it maintain its power and unpredictability. Solid! 97/100",緑黄色社会 Ryokuoushoku Shakai,Hana ni Natte [Be A Flower],,,緑黄色社会 Ryokuoushoku Shakai,Hana ni Natte [Be A Flower],,
2023-11-24,82,Neil diamond – sweet Caroline,"ind of people elsewhere. As for the song, it’s a bit underwhelming but fine for an old song I guess…",Neil diamond,sweet Caroline,,,Neil diamond,sweet Caroline,,
2023-11-24,78,24 – Flor,"heart? Alright, sure why not. It’s got a neat indie feeling and nothing seems wrong. I could dig it.",Flor,24,,,Flor,24,,
2023-11-26,40,hate – plain white t’s,"pet peeves? As for the song, it has an interesting rock melody and doesn’t seem shabby. No hate here",plain white t’s,hate,,,plain white t’s,hate,,
2023-11-27,82,Gong Xi Gong Xi,"inese counterpart in terms of fame. It’s a fine melody for a new years song, even if it’s from 1945.",,Gong Xi Gong Xi,,,,Gong Xi Gong Xi,,
2023-11-27,,demise – Cafune,"it has potential, I won’t let it meet its demise… yet.",Cafune,demise,,,Cafune,demise,,
2023-11-27,93,Lovin Again – Blackjeans,"Lipas “Love Again” especially regarding the hook sample, but it’s got its own worth and originality.",Blackjeans,Lovin Again,,,Blackjeans,Lovin Again,,
2023-11-28,9,hopsin – Happy Ending,ncounter that has political implications? This is like how all the terrible movies get made. 6.9/100,Happy Ending,hopsin,,,Happy Ending,hopsin,,
2023-11-28,93,maroon 5 – Better That we Break,"the She will be loved, with a hint of their modern production. It’s not In My favorites yet though.",maroon 5,Better That we Break,,,maroon 5,Better That we Break,,
2023-11-28,82,Lolo – Comeback Queen,"he drive her way back into my favorites again? It’s got nice groove and rhythm, only time will tell!",Comeback Queen,Lolo,,,Comeback Queen,Lolo,,
2023-11-29,1,Chain smokers – SELFIE,“cool song about social media”. I certainly didn’t need a garbage song like this one. Rating: 1/100,Chain smokers,SELFIE,,,Chain smokers,SELFIE,,
2023-11-29,82,all we ever do is talk – Del Water Gap,"and all I do is review songs. This one seems fine, “it was good it was good it was good” indeed.",Del Water Gap,all we ever do is talk,,,Del Water Gap,all we ever do is talk,,
2023-11-30,,Lou Reed – Walk on the Wild Side,"r my taste, just completely stuck in mediocrity and meandering along to god knows where. Not for me!",Walk on the Wild Side,Lou Reed,,,Walk on the Wild Side,Lou Reed,,
2023-11-30,,sever the blight – Hemlocke springs,"ll still be waiting for you”. In any case, it has potential. Might not listen to it any more though…",Hemlocke springs,sever the blight,,,Hemlocke springs,sever the blight,,
2023-12-01,,sodikken – misery meat,victim side message about their suffering. It has potential though it’s hard for me to truly enjoy…,sodikken,misery meat,,,sodikken,misery meat,,
2023-12-04,,Walking on Sunshine by Katrina vs Night Moves by Bob Seger,ound and leans a bit close to country. Not really my style… I suppose Daylight wins the song battle!,Katrina vs Night Moves by Bob Seger,Walking on Sunshine,,,Katrina vs Night Moves by Bob Seger,Walking on Sunshine,,
2023-12-04,68,Aloe Blacc – The Man,"ghtly underwhelming but at least doesn’t overproduce auto tune, it’s called Man not Robot after all.",Aloe Blacc,The Man,,,Aloe Blacc,The Man,,
2023-12-05,70,The Clash – London Calling,"me. Not entirely sure what it’s going for, but London isn’t quite calling me yet on a first listen.",The Clash,London Calling,,,The Clash,London Calling,,
2023-12-06,95,hoyo mix – Cusp of Ignition,ock melody and the “crowd goes wild” as well as “I make my own rules”. HOYO never messes up. 95/100!,hoyo mix,Cusp of Ignition,,,hoyo mix,Cusp of Ignition,,
2023-12-06,68,wild animal – vox,"s for the song, it’s a bit underwhelming with the slow indie style, but I guess it isn’t too shabby.",vox,wild animal,,,vox,wild animal,,
2023-12-07,78,living or dying – Bad Suns,"sis, the song has potential, looks like it’s living for now. Feels kind of “open air” idea, not bad!",Bad Suns,living or dying,,,Bad Suns,living or dying,,
2023-12-08,88,Tennessee Ernie Ford – 16 Tons,"mourning feeling, very serious. It lacks the Umph to enter my favorites, but it’s still quite good.",Tennessee Ernie Ford,16 Tons,,,Tennessee Ernie Ford,16 Tons,,
2023-12-08,80,Fast Car – Tracy Chapman,lly speak to me completely. I will admit the modern country cover of it feels less impactful though.,Tracy Chapman,Fast Car,,,Tracy Chapman,Fast Car,,
2023-12-08,,Colorado – Renee Rapp,aren’t super memorable. This one on the other hand actually seems to have potential. Big thumbs up!,Renee Rapp,Colorado,,,Renee Rapp,Colorado,,
2023-12-09,62,Masatoshi Ono – Departure,"ing, but overall the song feels a bit too slow to add to my favorites. It still isn’t bad of course.",Masatoshi Ono,Departure,,,Masatoshi Ono,Departure,,
2023-12-10,,Lean on Me – Bill Withers,or my pop head taste. Though I do feel it’s a bit better than the Major Lazer similar named Lean On.,Bill Withers,Lean on Me,,,Bill Withers,Lean on Me,,
2023-12-11,,Viagra Boys – Sports,"influences I feel which is interesting, but I don’t quite get the message. Might need more listens.",Sports,Viagra Boys,,,Sports,Viagra Boys,,
2023-12-11,,horizons – Gus Dapperton,"expanding horizons with a new song! And it’s dapper too, just like his name! I like it.",Gus Dapperton,horizons,,,Gus Dapperton,horizons,,
2023-12-12,68,stage fright – The Band,"umph and feels underwhelming, so I won’t add it to favorites. Still, could be worse song to perform.",The Band,stage fright,,,The Band,stage fright,,
2023-12-12,,the Sharpest Lives – My Chemical Romance,"I’ve never been a fan of MCR, though this song is sharp as the title suggests. It’s got potential!",My Chemical Romance,the Sharpest Lives,,,My Chemical Romance,the Sharpest Lives,,
2023-12-12,,Ne-yo – Link Up,let’s link up? Sure why not? Got some cool r and b feel.,Ne-yo,Link Up,,,Ne-yo,Link Up,,
2023-12-13,78,Brand New Day – Sting,"alright, hopefully I’ll find someone new. The song has potential and I may listen to it more later…",Sting,Brand New Day,,,Sting,Brand New Day,,
2023-12-13,,Alphabetical Song List,"y Coldplay [“Yang Qi Meng Gu” if including Chinese phonetic]

Z – Zizi’s journey by Lindsey Stirling",,,,,,,,
2023-12-14,95,What Goes Around… Comes Around – Justin Timberlake,ution. The second part also provides an interesting twist with a new melody. Very solid song! 95/100,Justin Timberlake,What Goes Around… Comes Around,,,Justin Timberlake,What Goes Around… Comes Around,,
2023-12-15,70,New York – Frank Sinatra,"hat. As for the song, it does have a hint of jazz but seems a bit slow for me. Just ain’t it for me.",Frank Sinatra,New York,,,Frank Sinatra,New York,,
2023-12-15,78,pussycat – Jesse Jo Shark,but somehow Boppy despite the seemingly strange beginning. It feels kind of like Dua lipa. Not bad!,Jesse Jo Shark,pussycat,,,Jesse Jo Shark,pussycat,,
2023-12-15,,Nep – Big Brown Dog Named Bagel,feeling but the story and melody combine together to such a unique feeling idea. Feels very loving!,Big Brown Dog Named Bagel,Nep,,,Big Brown Dog Named Bagel,Nep,,
2023-12-16,62,More Than I Can Say – Leo Sayer,. I just checked and it is originally from 60s. Oh oh! That’s too old for me. Not a bad song though.,Leo Sayer,More Than I Can Say,,,Leo Sayer,More Than I Can Say,,
2023-12-16,,Lee Ann Womack – I Hope You Dance,"ng for me. Maybe it’s just been played too many times. I dunno, doesn’t seem that interesting to me.",I Hope You Dance,Lee Ann Womack,,,I Hope You Dance,Lee Ann Womack,,
2023-12-17,82,David Bowie – Space Oddity,"my favorities. However, the chorus seems quite decent and moving. Overall I think it has potential.",David Bowie,Space Oddity,,,David Bowie,Space Oddity,,
2023-12-18,82,business time – flight of the concord,d’ve gone in my favorites like Tribute if it didn’t have so much talking. Still quite decent though.,business time,flight of the concord,,,business time,flight of the concord,,
2023-12-19,,Goodluck – Javi Vera,"luck? with a cool beat like this, you don’t need luck!",Javi Vera,Goodluck,,,Javi Vera,Goodluck,,
2023-12-19,62,Erykah Badu – Appletree,"almost forgot the song. Has some good potential, seems impressive leaning r and b style. Very cool!",Erykah Badu,Appletree,,,Erykah Badu,Appletree,,
2023-12-20,84,No More Kings – Critical Hit,o far and over 100 hours. Anyways the song is very catchy and seems quite cool. Critical hit indeed!,No More Kings,Critical Hit,,,No More Kings,Critical Hit,,
2023-12-21,40,“Can’t Stop the Feeling!” by Justin Timberlake,"ind of demonic somehow… 

original: 40/100 (harsher rating since Justin I know can write good songs)",Justin Timberlake,“Can’t Stop the Feeling!”,,,Justin Timberlake,“Can’t Stop the Feeling!”,,
2023-12-22,78,script – the man who can’t be moved,"for me, but feels it lacks a special umph to be added to my favorites. Not bad by any means though.",script,the man who can’t be moved,,,script,the man who can’t be moved,,
2023-12-22,82,I got a girl – Jukebox Ghost,it’s rare to hear a good modern blues jazzy song these days. Nice!,Jukebox Ghost,I got a girl,,,Jukebox Ghost,I got a girl,,
2023-12-23,82,Santana – Smooth,", I’m surprised I haven’t reviewed this one. It has solid Latin influences. Doesn’t seem bad at all!",Santana,Smooth,,,Santana,Smooth,,
2023-12-25,50,all I want for Christmas – Mariah Carey,Christmas spirit outside the holidays. I’m more of a sleigh bells or carol of the bells guy though.,Mariah Carey,all I want for Christmas,,,Mariah Carey,all I want for Christmas,,
2023-12-26,93,Tesla – Love Song,as a reasonable melodic idea but doesn’t seem to be super impressive. May have to listen more later…,Love Song,Tesla,,,Love Song,Tesla,,
2023-12-26,84,Chelsea Jade – Big Spill,"ll is a good thing, Chelsea has a lot of it! Emotion, melody, you know. Has quite a bit of potential",Chelsea Jade,Big Spill,,,Chelsea Jade,Big Spill,,
2023-12-27,,the Beatles – Paperback writer,ples focus the most… this one’s certainly more my taste than Penny lane or strawberry fields forever,the Beatles,Paperback writer,,,the Beatles,Paperback writer,,
2023-12-27,,gryffin – glitch in the simulation,"the song doesn’t seem that glitchy, but the melody has potential.",gryffin,glitch in the simulation,,,gryffin,glitch in the simulation,,
2023-12-28,,blowin in the wind by Bob Dylan,the Bob Dylan soft style. “What’s going on” by Marvin Gaye presents that much better in my opinion.,Bob Dylan,blowin in the wind,,,Bob Dylan,blowin in the wind,,
2023-12-29,,Chelsea Dagger – Fratellis,"before. The tududu is kind of quirky but the melody feels a bit forgetful, might just be me though.",Fratellis,Chelsea Dagger,,,Fratellis,Chelsea Dagger,,
2023-12-31,,Bryan Adams – Summer of ’69,and I’m surprised I haven’t added this song to my favorites yet. It’s a classic! No complaints here.,Bryan Adams,Summer of ’69,,,Bryan Adams,Summer of ’69,,
2024-01-01,93,modern love – until my heart stops beating,"what is this, shoegaze? Out of my taste!",modern love,until my heart stops beating,,,modern love,until my heart stops beating,,
2024-01-02,88,wild cherry – play that funky music,no complaints except that it isn’t famous enough! I should’ve heard this much earlier… great groove!,wild cherry,play that funky music,,,wild cherry,play that funky music,,
2024-01-04,76,richdoc- realm of mothers,"songs I’m used to and enjoy, unless “has anyone seen her” is a complaint. Overall an okay ish song.",realm of mothers,richdoc- realm of mothers,,,realm of mothers,richdoc- realm of mothers,,
2024-01-04,,righteous brothers – unchained melody,little bit cheesy but I can see why people might like it. Not sure about the unchained part though…,righteous brothers,unchained melody,,,righteous brothers,unchained melody,,
2024-01-05,70,Another Brick in the Wall (part 2) by Pink Floyd,"mfortably Numb. I say it’s a little too “Safe”, not progressive enough. Maybe that’s just me though…",Pink Floyd,Another Brick in the Wall (part 2),,,Pink Floyd,Another Brick in the Wall (part 2),,
2024-01-05,82,Back to December – Taylor Swift,"d.

as for the song, it’s slow paced but Taylor always gets a pass from me. Solid love song overall.",Taylor Swift,Back to December,,,Taylor Swift,Back to December,,
2024-01-05,,shades of Indigo – Lynne’s M,"has a lot of potential, quite interesting. Marking it down so I might listen to it more later.",shades of Indigo,Lynne’s M,,,shades of Indigo,Lynne’s M,,
2024-01-08,82,“Life is a Highway” by Tom Cochrane,"ome of the country sounding instruments, but it doesn’t have the boring drawl so overall seems fine.",Tom Cochrane,“Life is a Highway”,,,Tom Cochrane,“Life is a Highway”,,
2024-01-08,,Different Drum · Stone Poneys,"ent drum she tries to play, she ultimately strays out of my taste range. still, it’s not too shabby.",Stone Poneys,Different Drum · Stone Poneys,,,Stone Poneys,Different Drum · Stone Poneys,,
2024-01-08,68,rod Stewart – Forever Young,"fer.

as for the song, it’s underwhelming but it means well. I’m not so sure about longevity though…",Forever Young,rod Stewart,,,Forever Young,rod Stewart,,
2024-01-08,84,silvered heart – Morgan Reese,"up song on the surface, but I feel there’s something deeper in there somewhere. Has good potential.",Morgan Reese,silvered heart,,,Morgan Reese,silvered heart,,
2024-01-09,,mission by rush,it’s got that classic 80s 90s hit kind of deal. The band definitely accomplished their mission here.,rush,mission,,,rush,mission,,
2024-01-10,82,"“Puff the Magic Dragon” by Peter, Paul, and Mary",s feel like Beatles. Feels kind of like yellow submarine. Not very impressive but it’s fine I guess.,"Peter, Paul, and Mary",“Puff the Magic Dragon”,,,"Peter, Paul, and Mary",“Puff the Magic Dragon”,,
2024-01-10,86,PIECES – Elley Duhe,"e the singing as it’s got good talent. Especially the way she drags out “pieces”, that’s pretty cool",Elley Duhe,PIECES,,,Elley Duhe,PIECES,,
2024-01-11,82,Istanbul – they might be giants,t catching enough even if the song has a nice silly feeling to it. It just isn’t in my taste enough.,they might be giants,Istanbul,,,they might be giants,Istanbul,,
2024-01-12,,Mandy Moore – Candy,"finitely some strong ear Candy, with a Brittney spears feel. No complaints here. Added to favorites!",Candy,Mandy Moore,,,Candy,Mandy Moore,,
2024-01-12,,Gonna Get Over You – Abigail Osborn,member a past crush I had also named Abigail who I had trouble getting over… I can sympathize a lot!,Abigail Osborn,Gonna Get Over You,,,Abigail Osborn,Gonna Get Over You,,
2024-01-13,82,Bruce Springsteen – Born to Run,"’t added yet. It sounds solid as a running track, and also as a road trip track. No complaints here!",Bruce Springsteen,Born to Run,,,Bruce Springsteen,Born to Run,,
2024-01-14,,21 – Madisyn Glifford,"the discovery weekly, I’m surprised I didn’t find this one when going through number related songs.",Madisyn Glifford,21,,,Madisyn Glifford,21,,
2024-01-14,84,St. Vincent – Digital Witness,"y stand out — the song isn’t as good as “Los Ageless” also written by them, though it has potential.",St. Vincent,Digital Witness,,,St. Vincent,Digital Witness,,
2024-01-15,,Mumford and Sons – Little Lion Man,g. That one’s a little old sounding. this one has potential and shows a theme of bravery. I like it!,Little Lion Man,Mumford and Sons,,,Little Lion Man,Mumford and Sons,,
2024-01-16,75,dirty deeds done dirt cheap – AC/DC,"e song, it is ironically quite clean. It’s got a good rock and roll rhythm and I have no complaints.",AC/DC,dirty deeds done dirt cheap,,,AC/DC,dirty deeds done dirt cheap,,
2024-01-16,,Pink Skies – Joyia,ool nature as well. I like it! The pink skies title also stresses the unusual feeling of the melody.,Joyia,Pink Skies,,,Joyia,Pink Skies,,
2024-01-16,,Cheerleader – Liza Anne,"a sense of freshness to it, though still feels it lacks a little something to get into my favorites.",Liza Anne,Cheerleader,,,Liza Anne,Cheerleader,,
2024-01-18,,Gorillaz – Plastic Beach,"for the song, it has a funky cool feeling going on. The groove is unique and interesting. I like it!",Gorillaz,Plastic Beach,,,Gorillaz,Plastic Beach,,
2024-01-18,,goldrush – stela cole,at least it seems to properly allude to a gold rush of some sort without contradicting its message.,stela cole,goldrush,,,stela cole,goldrush,,
2024-01-19,,“Falling Slowly” by Glen Hansard and Markéta Irglová,"ally appreciate it.

the song though, not so much. Seems a bit cheesy and slow, not my style at all.",Glen Hansard and Markéta Irglová,“Falling Slowly”,,,Glen Hansard and Markéta Irglová,“Falling Slowly”,,
2024-01-19,,Creedence Clearwater Revival – Fortunate son,it’s a bit too short to enter my list but it’s a classic. I’m surprised I haven’t reviewed this yet.,Creedence Clearwater Revival,Fortunate son,,,Creedence Clearwater Revival,Fortunate son,,
2024-01-19,72,Again and Again – Fly by Midnight,"bad, but I’m not sure if there’s anything special going on here. Maybe with time things will change.",Fly by Midnight,Again and Again,,,Fly by Midnight,Again and Again,,
2024-01-22,93,black dog – led zeppelin,"y love for them.

as for the song, it’s solid and has the good old rock feeling. No complaints here.",led zeppelin,black dog,,,led zeppelin,black dog,,
2024-01-23,76,dog days are over – Florence and the machine,"hook feels slightly underwhelming to enter my favorites, but it’s not a bad song at all. I enjoy it.",Florence and the machine,dog days are over,,,Florence and the machine,dog days are over,,
2024-01-23,,take me to the moon – Mike spector,"ng in the room

makes me feel fire

baby were dancing in the edge of the sky

no destination tonight",Mike spector,take me to the moon,,,Mike spector,take me to the moon,,
2024-01-24,82,David Bowie – Dancing in the street,. This one has the nice rock and roll feeling. Like freedom… very fitting for escape room answer eh?,David Bowie,Dancing in the street,,,David Bowie,Dancing in the street,,
2024-01-25,84,96Neko – I’m still alive today,rather than the Indie type you’d expect from the character. I think it is has a good feeling though!,96Neko,I’m still alive today,,,96Neko,I’m still alive today,,
2024-01-25,72,Take it Easy – Eagles,"ways as for the song, it’s a little middling for Eagles, but I guess they’re taking it easy. Get it?",Eagles,Take it Easy,,,Eagles,Take it Easy,,
2024-01-25,,Ava Morse – Only One Lying,"n’t quite reach the heights of that powerful melody, but has a reasonable thing going on for itself.",Ava Morse,Only One Lying,,,Ava Morse,Only One Lying,,
2024-01-26,,shut the hell up – Amethyst Michelle,"werful or controversial as Ado’s similarly named Usseewa, but it has its own potential. Interesting.",Amethyst Michelle,shut the hell up,,,Amethyst Michelle,shut the hell up,,
2024-01-26,,Hank Williams – Family Tradition,"ous rice cake or Zhongzi. 

as for the song it’s a country Honky Tonk but definitely could be worse.",Hank Williams,Family Tradition,,,Hank Williams,Family Tradition,,
2024-01-27,60,“Wuthering Heights” by Kate Bush,"om reach. It’s not completely my taste, but it has some interesting things going on with the melody.",Kate Bush,“Wuthering Heights”,,,Kate Bush,“Wuthering Heights”,,
2024-01-28,,Barenaked Ladies – If I Had a Million Dollars,"ming considering the title, but it definitely means well. Not entirely my style, but not too shabby.",Barenaked Ladies,If I Had a Million Dollars,,,Barenaked Ladies,If I Had a Million Dollars,,
2024-01-29,,Chariots of Fire – Vangelis,"ed I haven’t reviewed it yet. Kind of cheesy though, hard to regularly listen like Eye of the Tiger.",Vangelis,Chariots of Fire,,,Vangelis,Chariots of Fire,,
2024-01-29,,Ava Morse – Jet Plane,"exciting and interesting, Ava is one of the rare cool indie/pop artists that Spotify has introduced.",Ava Morse,Jet Plane,,,Ava Morse,Jet Plane,,
2024-01-30,,Harry Roy – My Girl’s Pussy,ongs I’ve heard yet. It’s kind of clever and the ragtime/blues really makes it tongue in cheek. Heh.,Harry Roy,My Girl’s Pussy,,,Harry Roy,My Girl’s Pussy,,
2024-01-30,82,hit the road Jack – ray charles,"As for this song, it’s a solid one, it has a cool minor key theme going on. Ages pretty well too.",ray charles,hit the road Jack,,,ray charles,hit the road Jack,,
2024-01-31,,“Fear” by Blue October,t gets real exciting near the four minute climactic part! Might need more listens to analyze deeper…,Blue October,“Fear”,,,Blue October,“Fear”,,
2024-01-31,82,I Need You by Steven Beddall,individual song. It has some solid ideas going about though. It’s definitely deserving of its title.,Steven Beddall,I Need You,,,Steven Beddall,I Need You,,
2024-02-02,82,"Sugar, We’re going down – fall out boy",ite some time but I guess I never got around to reviewing. It’s still solid. Sugar we’re going down!,fall out boy,"Sugar, We’re going down",,,fall out boy,"Sugar, We’re going down",,
2024-02-05,93,Kiss Me by Sixpence None The Richer,"it hasn’t popped up before with love rock songs. Ah well, might be listening to this one more later…",Sixpence None The Richer,Kiss Me,,,Sixpence None The Richer,Kiss Me,,
2024-02-05,92,Bob Dylan – The Times They Are A-Changin’,"this is still out of my comfort zone. Maybe some day, I’ll understand for the times to be changing.",Bob Dylan,The Times They Are A-Changin’,,,Bob Dylan,The Times They Are A-Changin’,,
2024-02-05,85,Best Day of My Life – American Authors,"uds in a dark theme…. that’s very intriguing! Original Song rating: 50/100, minor key rating: 85/100",American Authors,Best Day of My Life,,,American Authors,Best Day of My Life,,
2024-02-06,68,Arches of Loaf – web in front,go along with a melody that doesn’t stand out too much yet feels rebellious. Could be better though…,Arches of Loaf,web in front,,,Arches of Loaf,web in front,,
2024-02-07,84,Three days Grace – Break,"and powerful. Not quite at the level of flower of hells “break away escape”, but still pretty good.",Three days Grace,Break,,,Three days Grace,Break,,
2024-02-07,60,Jaden Smith – Goku,"ht as well be the asshole Homelander, Jaden smith. Rating: 1/100

(60/100 if he used Vegeta instead)",Jaden Smith,Goku,,,Jaden Smith,Goku,,
2024-02-09,3,Disney – this is the thanks I get,of the song just doesn’t make sense. I mean where’s Shiny or Gaston for a happy villain song? 3/100,Disney,this is the thanks I get,,,Disney,this is the thanks I get,,
2024-02-09,,“Gardening at Night” by R.E.M.,ike shoe gaze doesn’t it? that floaty calm singing. Not my style but definitely fits Gardening idea.,R.E.M.,“Gardening at Night”,,,R.E.M.,“Gardening at Night”,,
2024-02-10,82,James Brown – I Got You (I Feel Good),"leezy in my memory, but it “feels so nice” as James Brown says. May consider listening to it later..",James Brown,I Got You (I Feel Good),,,James Brown,I Got You (I Feel Good),,
2024-02-11,93,Kate Bush – Hounds of Love,"s, though it’s definitely not as cohesive as most of the hits on my playlist. May need more listens?",Kate Bush,Hounds of Love,,,Kate Bush,Hounds of Love,,
2024-02-12,98,“Castle on the Hill” by Ed Sheeran,"earth without being cheesy as Perfect, so there’s that. Might need more listens to properly decide.",Ed Sheeran,“Castle on the Hill”,,,Ed Sheeran,“Castle on the Hill”,,
2024-02-13,84,The Clash – I Fought the Law,or the song… it’s very fitting for the writing prompt. It has some spunk and good energy. I like it!,The Clash,I Fought the Law,,,The Clash,I Fought the Law,,
2024-02-13,82,“Glory Days” by Bruce Springsteen,"ime.

As for the song, it portrays a glorious day indeed. It has solid rock and no major complaints.",Bruce Springsteen,“Glory Days”,,,Bruce Springsteen,“Glory Days”,,
2024-02-14,84,“The Ballad of Billy the Kid” by Billy Joel,. It tells an interesting story though the melody isn’t catchy enough to pull in a pop head like me.,Billy Joel,“The Ballad of Billy the Kid”,,,Billy Joel,“The Ballad of Billy the Kid”,,
2024-02-15,72,Misaligned – Imagery Machine,like the cool solo in the middle. You could say the song isn’t misaligned to my tastes at all! Heh.,Imagery Machine,Misaligned,,,Imagery Machine,Misaligned,,
2024-02-15,82,Breaking the Law – Judas Priest,he song it’s mighty hard rock and roll! Very nice. It has a good idea going on and I can’t complain.,Judas Priest,Breaking the Law,,,Judas Priest,Breaking the Law,,
2024-02-16,,Marta Ren – Release Me,ear catching pop piece with big bam. Although I don’t really listen to either Tomame or release me…,Marta Ren,Release Me,,,Marta Ren,Release Me,,
2024-02-16,,Maggie Roger’s – don’t forget me,ayed on my list for almost a year now but this song that has an opposing title is so easily ignored.,Maggie Roger’s,don’t forget me,,,Maggie Roger’s,don’t forget me,,
2024-02-16,76,Bruce Springsteen – Born in the USA,of the US. However to me I just can’t fully enjoy it with the hook seemingly pretty straightforward.,Bruce Springsteen,Born in the USA,,,Bruce Springsteen,Born in the USA,,
2024-02-16,,Paulo I. – When all the tears have fallen down,sometimes less is more. Maybe that’s why most mainstream stuff don’t last longer than three minutes.,Paulo I.,When all the tears have fallen down,,,Paulo I.,When all the tears have fallen down,,
2024-02-17,82,"“Bills, Bills, Bills” by Destiny’s Child","he famous “Money” by Pink Floyd. This one is incredibly solid, favorite for sure! Bills bills bills!",Destiny’s Child,"“Bills, Bills, Bills”",,,Destiny’s Child,"“Bills, Bills, Bills”",,
2024-02-18,,“The Gift” by Velvet Underground,"tar playing in the back. Not something I’d add to my playlist, but some other people could enjoy it.",Velvet Underground,“The Gift”,,,Velvet Underground,“The Gift”,,
2024-02-18,70,“Somebody Else” by The 1975,"e voice that glazes over the pop sound pretty lightly. It provides an interesting feeling, at least.",The,“Somebody Else”,,,The,“Somebody Else”,,
2024-02-19,,Elvis Presley – Blue Suede Shoes,"portion for this one.

As for Elvis, he delivers a short yet sweet blues tunes. No complaints here.",Elvis Presley,Blue Suede Shoes,,,Elvis Presley,Blue Suede Shoes,,
2024-02-21,99,Checkmate – Casey Lee Williams,"everything else, move along, move along!

99/100, because nobody’s perfect, but she’s pretty close.",Casey Lee Williams,Checkmate,,,Casey Lee Williams,Checkmate,,
2024-02-22,65,"“Boredom” by Tyler, The Creator","eat idea going on, but Tyler singing style isn’t really close to my taste. At least it isn’t boring!","Tyler, The Creator",“Boredom”,,,"Tyler, The Creator",“Boredom”,,
2024-02-23,62,“Everybody’s Free (To Wear Sunscreen)” by Baz Luhrmann,is sad. Although I’m not one to listen to one of these spoken word type thing. It ain’t bad though.,Baz Luhrmann,“Everybody’s Free (To Wear Sunscreen)”,,,Baz Luhrmann,“Everybody’s Free (To Wear Sunscreen)”,,
2024-02-24,84,“Rise Up” by Andra Day,g and tells of overcoming a challenge much better than a bland pop tune like Fight song. Good stuff.,Andra Day,“Rise Up”,,,Andra Day,“Rise Up”,,
2024-02-25,,The Message” by Grandmaster Flash and the Furious Five,"og message ideas from what I can hear. Who knows, this might be a rare rap song addition to my list!",Grandmaster Flash and the Furious Five,The Message”,,,Grandmaster Flash and the Furious Five,The Message”,,
2024-02-26,88,DIY – KMFDM,"ry savage and powerful. I’ll have to hear it more to make a proper decision, but for now it’s great!",KMFDM,DIY,,,KMFDM,DIY,,
2024-02-27,,day in the life – Beatles,"? Either way, it’s out of my taste but it definitely deserves a mention for its unusual arrangement.",Beatles,day in the life,,,Beatles,day in the life,,
2024-02-28,,“Closing Time” by Semisonic,"is a reasonably strong line, though overall it’s just a bit overplayed to get into my favorites now.",Semisonic,“Closing Time”,,,Semisonic,“Closing Time”,,
2024-02-28,,“Goodbye Earl” by Dixie Chicks,ike a quirky pop leaning tune but like with some old indie or rock influences. Goodbye earl I guess.,Dixie Chicks,“Goodbye Earl”,,,Dixie Chicks,“Goodbye Earl”,,
2024-03-03,82,“Workin’ for the Weekend” by Loverboy,"types of problems.

As for the song, classic 80s rock, no complaints at all! Very solid stuff there…",Loverboy,“Workin’ for the Weekend”,,,Loverboy,“Workin’ for the Weekend”,,
2024-03-03,82,“Cancer” by My Chemical Romance,"decent question.

as for the song, the emo sound is a bit out of my taste but it’s alright overall.",My Chemical Romance,“Cancer”,,,My Chemical Romance,“Cancer”,,
2024-03-04,,“Learn to Live” by Darius Rucker,"th its usual country sound. How ironic for a song about growth! Well, might come back to this later…",Darius Rucker,“Learn to Live”,,,Darius Rucker,“Learn to Live”,,
2024-03-04,84,“Waterfalls” by TLC,beat. It has a lot of good potential! I’ll definitely get back to this review later in more detail…,TLC,“Waterfalls”,,,TLC,“Waterfalls”,,
2024-03-04,68,“I Will Remember You” by Sarah McLachlan,"s too underwhelming to be in my favorites – unfortunate considering its title. Still, it means well.",Sarah McLachlan,“I Will Remember You”,,,Sarah McLachlan,“I Will Remember You”,,
2024-03-05,,“Keep Your Head Up” by Andy Grammer,tta keep your head up oh oh” seems pretty cliche and there isn’t anything special to me in the song.,Andy Grammer,“Keep Your Head Up”,,,Andy Grammer,“Keep Your Head Up”,,
2024-03-07,,learn to fly – foo fighters,one is a bit repetitive but is well meaning. Might take a bit of time of relistening to truly enjoy…,foo fighters,learn to fly,,,foo fighters,learn to fly,,
2024-03-07,82,“Leave Me Alone” by Michael Jackson,"pretty annoying to be asked.

the song is solid as always, like all other MJ songs. Not much to say.",Michael Jackson,“Leave Me Alone”,,,Michael Jackson,“Leave Me Alone”,,
2024-03-08,68,Lynyrd Skynyrd – Ballad of Curtis Loew,"moms a nerd.

anyways the song is a bit underwhelming and country as expected, not really my taste.",Lynyrd Skynyrd,Ballad of Curtis Loew,,,Lynyrd Skynyrd,Ballad of Curtis Loew,,
2024-03-09,,Eye of the Untold Her – Lindsey Stirling,"s too many times. Alas, my favorite artist has become Ado at this point. Goodbye, Lindsey…. for now.",Lindsey Stirling,Eye of the Untold Her,,,Lindsey Stirling,Eye of the Untold Her,,
2024-03-10,80,“Thrift Shop” by Macklemore & Ryan Lewis,"ng. Who would’ve thought Tyler ward was decent at rapping? Original: 30/100, Lindsey version: 80/100",Macklemore & Ryan Lewis,“Thrift Shop”,,,Macklemore & Ryan Lewis,“Thrift Shop”,,
2024-03-11,82,“Hound Dog” by Elvis Presley,"e song, another solid blues with no big complaints! It’s jailhouse rock all over again. Nicely done.",Elvis Presley,“Hound Dog”,,,Elvis Presley,“Hound Dog”,,
2024-03-12,62,bad Luck by Social Distortion,"grunge is interesting to me but I’m not super tempted to add it to my list. Still, neat song overall",Social Distortion,bad Luck,,,Social Distortion,bad Luck,,
2024-03-13,,Do you wanna build a snowman – Frozen,ind it hard to incorporate this among the big pop and rock hitters in my list. Maybe that’s just me…,Do you wanna build a snowman,Frozen,,,Do you wanna build a snowman,Frozen,,
2024-03-14,,“The Zone” by The Weeknd,ially with drake rap being mainstream sounding. It goes over my head. Still it could be a lot worse…,The Weeknd,“The Zone”,,,The Weeknd,“The Zone”,,
2024-03-15,,2 days into college – Aimee Carty,supporting it. I’m really quite curious how Aimee would compose this song in a fantasy genre style…,Aimee Carty,2 days into college,,,Aimee Carty,2 days into college,,
2024-03-16,,“Confidently Lost” by Sabrina Claudio,"brities.

as for the song it has an Ariana grande feeling, very smooth and cool. No complaints here!",Sabrina Claudio,“Confidently Lost”,,,Sabrina Claudio,“Confidently Lost”,,
2024-03-18,62,On the Road Again – Willie Nelson,just the usual old country sounds. It’s not that bad though. Good for a cross country trip feeling.,Willie Nelson,On the Road Again,,,Willie Nelson,On the Road Again,,
2024-03-18,,Flower of Hell VS Hana Ni Natte,"for a J rock song though, for sure.

Hana Ni Natte (Be a Flower)? Sure, I’ll be… the Flower of Hell!",,,,,,,,
2024-03-19,84,logical song – supertramp,more listens to decide whether to add to my favorites though… nothing too stand out or catchy here.,supertramp,logical song,,,supertramp,logical song,,
2024-03-20,,“Tattooed Heart” by Ariana Grande,"going on, but feels it lacks a little something unique. Still, it feels slightly better than Loreen.",Ariana Grande,“Tattooed Heart”,,,Ariana Grande,“Tattooed Heart”,,
2024-03-20,,Darkness The Mist (Twins.prod) – Old Willow,particular taste brings in some quite curious comparisons that I feel Darkness could add to itself.,Darkness The Mist (Twins.prod),Old Willow,,,Darkness The Mist (Twins.prod),Old Willow,,
2024-03-21,,“Live Like You Were Dying” by Tim McGraw,r emotional. I prefer the Genshin fan song “live in life”. But that’s a discussion for another time…,Tim McGraw,“Live Like You Were Dying”,,,Tim McGraw,“Live Like You Were Dying”,,
2024-03-22,,this is what it’s like – 4everfreebrony,eresting. If you had someone like Casey Lee Williams she’d definitely bring out the message tenfold!,4everfreebrony,this is what it’s like,,,4everfreebrony,this is what it’s like,,
2024-03-22,,Norman Connor’s – You Are My starship,"t soft and slow for my taste. Still, it could be a lot worse. Not sure about the Starship symbolism…",You Are My starship,Norman Connor’s,,,You Are My starship,Norman Connor’s,,
2024-03-24,70,Purple Rain – Prince,e most part for me to truly enjoy. Although I am hearing some Queen influences indeed… very curious.,Prince,Purple Rain,,,Prince,Purple Rain,,
2024-03-24,,Alanis Morissette – Uninvited,sting overall. Perhaps even to show the idea that something is “uninvited” into the song. I like it!,Alanis Morissette,Uninvited,,,Alanis Morissette,Uninvited,,
2024-03-25,60,Interpol – Obstacle 1,"titled it “1” – did they plan the sequel already in advance? Anyways, seems kinda like The killers.",Interpol,Obstacle 1,,,Interpol,Obstacle 1,,
2024-03-26,72,Kraftwerk – Computer world,h the bit of electronic melody mixed with a kind of middling voice feeling. Might need more listens…,Kraftwerk,Computer world,,,Kraftwerk,Computer world,,
2024-03-27,,Man on the Moon – REM,"ong, it has the classic slow feeling, not that impressive. Not really tempted to listen to it again…",REM,Man on the Moon,,,REM,Man on the Moon,,
2024-03-28,78,Sara Bareilles – When You Wish Upon a Star,"his one, just most pop listeners probably won’t have patience. Still, it has a good melody. Not bad!",When You Wish Upon a Star,Sara Bareilles,,,When You Wish Upon a Star,Sara Bareilles,,
2024-03-30,1,BFA – Noah Davis,Jojo Golden Wind theme. This doesn’t have anything. 1/100 (minus points for being late to the party),BFA,Noah Davis,,,BFA,Noah Davis,,
2024-03-30,72,Laughing – The Guess Who,"ess Who goes back into the slightly mediocre feeling old timey style. I dunno, it’s just not for me.",The Guess Who,Laughing,,,The Guess Who,Laughing,,
2024-04-01,40,Bruno Mars – Just the Way You Are,"d to say if I’ll keep it in my favorites, since it’s a bit cheesy. Stay just the way you are, Bruno.",Bruno Mars,Just the Way You Are,,,Bruno Mars,Just the Way You Are,,
2024-04-02,84,wake me up before you go go – wham,"the song, I guess it’s good and catchy enough to add to my favorites. I have no complaints about it.",wham,wake me up before you go go,,,wham,wake me up before you go go,,
2024-04-02,50,Cardi B – WAP,c orchestral backing just mixes so well with the rapping rhythm. Now that’s how you make a rap song!,Cardi B,WAP,,,Cardi B,WAP,,
2024-04-03,93,“One Love” by Bob Marley & The Wailer,"he song, it has Bob’s usual happy feeling, kinda like Don’t worry be Happy but more reggae. Not bad!",Bob Marley & The Wailer,“One Love”,,,Bob Marley & The Wailer,“One Love”,,
2024-04-04,82,American Girl – Tom Petty,"innately related. Heh. It has that older rock feeling like 80’s, seems fine overall. No complaints.",Tom Petty,American Girl,,,Tom Petty,American Girl,,
2024-04-05,,CHIC – Le Freak,eally shows a polished feeling. It just feels one level higher than most rap with the same language.,Le Freak,CHIC,,,Le Freak,CHIC,,
2024-04-07,95,sword and snow (Honkai Star Rail) – 星尘infinity,tension and somehow create a completely different feeling. That was also kind of interesting to me.,sword and snow (Honkai Star Rail),星尘infinity,,,sword and snow (Honkai Star Rail),星尘infinity,,
2024-04-08,62,Martha My Dear – The Beatles,which has the smooth cool jazz of the savanna. I guess keeping Owls as pets doesn’t seem bad either.,The Beatles,Martha My Dear,,,The Beatles,Martha My Dear,,
2024-04-09,72,“Work It” by Missy Elliott,"Compared to other classic Work out songs like Eye of the tiger, Work It just seems… kinda mediocre.",Missy Elliott,“Work It”,,,Missy Elliott,“Work It”,,
2024-04-10,50,Pitbull – Give Me Everything,tonight in this song. Very repetitive and uncreative. [maybe 40~50/100 if the message was different],Pitbull,Give Me Everything,,,Pitbull,Give Me Everything,,
2024-04-10,80,“A Change is Gonna Come” by Sam Cooke,"d outside of my taste. Even the remastered version… I dunno, it just doesn’t feel all that exciting.",Sam Cooke,“A Change is Gonna Come”,,,Sam Cooke,“A Change is Gonna Come”,,
2024-04-11,,Honkai Impact – Nightglow,it seems reasonably powerful on its own. Might listen more to see if it’s worth standing on its own…,Honkai Impact,Nightglow,,,Honkai Impact,Nightglow,,
2024-04-11,50,We’re All In This Together – High School Musical,"t building, like a wave the ocean just can’t control”. All in this together just feels flat. 50/100.",We’re All In This Together,High School Musical,,,We’re All In This Together,High School Musical,,
2024-04-13,,Taylor Swift – The Best Day,ot the best of her songs… but it means well. Not too poppy but has deeper meaning than the top hits.,Taylor Swift,The Best Day,,,Taylor Swift,The Best Day,,
2024-04-13,80,Sia – Breathe Me,", but maybe you’d have to ask me later in ten years whether I’d really consider it to be a favorite…",Sia,Breathe Me,,,Sia,Breathe Me,,
2024-04-15,,Jimmy Buffett – Cheeseburger In Paradise,ng even if meant to be casual and happy-go-lucky. Maybe I’d change my mind after a few more listens…,Jimmy Buffett,Cheeseburger In Paradise,,,Jimmy Buffett,Cheeseburger In Paradise,,
2024-04-15,62,The House That Built Me – Miranda Lambert,"I thought she was related to Adam Lambert, but that would be pretty crazy. Anyways, not a bad song!",Miranda Lambert,The House That Built Me,,,Miranda Lambert,The House That Built Me,,
2024-04-16,50,What She Wants – Throwing Gravity,four chord progression I think is not too terrible in this case since the verses feel a bit darker.,What She Wants,Throwing Gravity,,,What She Wants,Throwing Gravity,,
2024-04-17,82,Red Birds 赤い鳥 (Akai Tori) – Tsubasa wo Kudasai (Give Me Wings),"le has some competition from the similar themed “Free Bird”, but overall it’s a fine J rock overall.",Red Birds 赤い鳥 (Akai Tori),Tsubasa wo Kudasai (Give Me Wings),,,Red Birds 赤い鳥 (Akai Tori),Tsubasa wo Kudasai (Give Me Wings),,
2024-04-18,,Jane Bell – Mother Ate,"nows. Anyways, the clever use of autotune overcome the thin nature of the song. Well done Jane Bell!",Jane Bell,Mother Ate,,,Jane Bell,Mother Ate,,
2024-04-19,92,Cindy Morgan – Listen,ted super catchy song. Why don’t more Christians try to go for something like this? Excellent stuff!,Cindy Morgan,Listen,,,Cindy Morgan,Listen,,
2024-04-21,,xphorik – Echoes of resilience,"tell how exactly the “resilience” theme forms. In the end, seems like a pretty mundane song overall.",Echoes of resilience,xphorik,,,Echoes of resilience,xphorik,,
2024-04-21,,Strangers – Portishead,"esting. While this song is a stranger to me, it certainly has potential. More listens may be needed!",Portishead,Strangers,,,Portishead,Strangers,,
2024-04-21,78,“Better Together” by Jack Johnson,"ng, it definitely seems good for unwinding, and the title is quite fitting. Not bad, not bad at all!",Jack Johnson,“Better Together”,,,Jack Johnson,“Better Together”,,
2024-04-22,,Shawn Mendes – Nervous,"vous here at all, but it definitely helps. I’m surprised I haven’t added this one. Instant favorite!",Shawn Mendes,Nervous,,,Shawn Mendes,Nervous,,
2024-04-22,,Empire Of The Sun – Walking On A Dream,ng about this one could be interesting after a few more listens… sure. I might get back to this one.,Empire Of The Sun,Walking On A Dream,,,Empire Of The Sun,Walking On A Dream,,
2024-04-23,75,Pink Floyd – Wish You Were Here,"one, especially with the line of being two fish in a fishbowl. [Rating undetermined – Maybe C grade]",Pink Floyd,Wish You Were Here,,,Pink Floyd,Wish You Were Here,,
2024-04-24,82,Kenny Loggins – Danger Zone,"your music, or even critics’ list. This one seems rock solid (pun intended)! A must listen for sure…",Kenny Loggins,Danger Zone,,,Kenny Loggins,Danger Zone,,
2024-04-25,70,Dangerous Woman – Ariana Grande,". Seems it disappeared from my favorites for some reason, so I’ll pop it right back in. There we go.",Ariana Grande,Dangerous Woman,,,Ariana Grande,Dangerous Woman,,
2024-04-25,84,Hagali – Orchelia’s vox ft. k a e z & Lily(WAVE),"good! I wonder why she’s not as popular as some of the other fantasy genre leaning singers, though…",Hagali,Orchelia’s vox ft. k a e z & Lily(WAVE),,,Hagali,Orchelia’s vox ft. k a e z & Lily(WAVE),,
2024-04-26,,“Emoji of a Wave” by John Mayer,"cted, especially with the calling “I’d just hold on, I’d just hold on”. Might be worth more listens…",John Mayer,“Emoji of a Wave”,,,John Mayer,“Emoji of a Wave”,,
2024-04-29,,Grateful Dead – Fire on the Mountain,"here, the age doesn’t show that much compared to other 80’s songs. I might listen to it more later…",Grateful Dead,Fire on the Mountain,,,Grateful Dead,Fire on the Mountain,,
2024-04-29,,Dolly Parton – 9 to 5,"for the song, I’m surprised I never heard of this one before, it’s quite a bop! No complaints here.",Dolly Parton,9 to 5,,,Dolly Parton,9 to 5,,
2024-04-30,,“River” by Joni Mitchell,"whelming, but seems more tolerable than the vast majority of Christmas songs. Not too shabby, I say.",Joni Mitchell,“River”,,,Joni Mitchell,“River”,,
2024-05-01,78,Rush – “Freewill”,"your own decisions. The idea that not choosing is also a choice is curious! Not bad, not bad at all.",Rush,“Freewill”,,,Rush,“Freewill”,,
2024-05-06,,There’s No Business Like Show Business – Judy garland,"original version any time soon as it has that undeniable old feeling, but maybe a cover or remaster.",Judy garland,There’s No Business Like Show Business,,,Judy garland,There’s No Business Like Show Business,,
2024-05-07,82,“Electioneering” by Radiohead,"nice rock going on here and there, just not the regular type of melody at all. Interesting for sure.",Radiohead,“Electioneering”,,,Radiohead,“Electioneering”,,
2024-05-07,,“People Get Ready” by Curtis Mayfield,se days. It feels very much like a community service song indeed… not really much to discuss I feel.,Curtis Mayfield,“People Get Ready”,,,Curtis Mayfield,“People Get Ready”,,
2024-05-07,72,My “chill song playlist”,"feel it catches attention enough]

Jennifer lopez – come over [the vibraslap is double edged… meh.]",,My “chill song playlist”,,,,My “chill song playlist”,,
2024-05-08,,Echosmith – “Gelato”,ints about this one. I can’t help but feel “smooth as Gelato” would be better in a jazz song though…,Echosmith,“Gelato”,,,Echosmith,“Gelato”,,
2024-05-09,82,Working for the Weekend – Loverboy,"for the song, it has a solid rock foundation and I’ve added it to my favorites. No complaints here!",Loverboy,Working for the Weekend,,,Loverboy,Working for the Weekend,,
2024-05-10,82,The Clash – Know Your Rights,"lections.

As for the song, it has some decent rock and rolling going on here. I have no complaints.",The Clash,Know Your Rights,,,The Clash,Know Your Rights,,
2024-05-11,,Freedom – Akon,"ugh? Sure, I don’t see much restraint here, beyond his self imposed pop song formula he sticks here.",Akon,Freedom,,,Akon,Freedom,,
2024-05-13,78,Little Wonders · Rob Thomas,"song, it definitely has some hope in it, with a good rock rhythm going on. Not bad! Not bad at all.",Rob Thomas,Little Wonders · Rob Thomas,,,Rob Thomas,Little Wonders · Rob Thomas,,
2024-05-13,86,Elmiene – Someday,"The minor key tune is pretty cool, the R&B feeling goes along smoothly. I have no complaints!",Elmiene,Someday,,,Elmiene,Someday,,
2024-05-13,72,Chevy – Sway to my Beat in the Cosmos,h the “whoa oh oh” reliance forces this song into a more mediocre feeling. But maybe that’s just me.,Sway to my Beat in the Cosmos,Chevy,,,Sway to my Beat in the Cosmos,Chevy,,
2024-05-14,,Someday – Ween,interesting melodies going on… may need more listens to hear all the subtleties. No complaints here!,Ween,Someday,,,Ween,Someday,,
2024-05-14,84,Bowser – Peaches,"ite good. If he wasn’t singing about princess Peach, I might even add a full version to my playlist…",Peaches,Bowser,,,Peaches,Bowser,,
2024-05-15,82,Sheep – Pink Floyd,"sickness or the more metaphorical drug theme). I have no problems with this song, it is mighty fine.",Pink Floyd,Sheep,,,Pink Floyd,Sheep,,
2024-05-15,84,You Can Never Come To This Place – Masayoshi Takanaka,the ground again. But the song does have a hint of bittersweet feeling behind it. Jams pretty good!,You Can Never Come To This Place,Masayoshi Takanaka,,,You Can Never Come To This Place,Masayoshi Takanaka,,
2024-05-16,72,“Second Hand News” by Fleetwood Mac,bby. It does feel a little bit “second hand” somehow though. Not sure if that’s a good or bad thing…,Fleetwood Mac,“Second Hand News”,,,Fleetwood Mac,“Second Hand News”,,
2024-05-17,,“Tears in Heaven” by Eric Clapton,"r, it just doesn’t feel my style overall, so I’m gonna have to say no to adding this to my playlist.",Eric Clapton,“Tears in Heaven”,,,Eric Clapton,“Tears in Heaven”,,
2024-05-17,,Avril Lavigne – Things I’ll Never Say,"are unlikely to say the sexual things in public often. Thus, these are the things she’ll never say.",Avril Lavigne,Things I’ll Never Say,,,Avril Lavigne,Things I’ll Never Say,,
2024-05-20,72,Michael Bublé – Winter Wonderland,vorites. The song just is too old overall… even with the slight tint of jazz that spices it up. Meh…,Michael Bublé,Winter Wonderland,,,Michael Bublé,Winter Wonderland,,
2024-05-21,,“The Circle Game” by Joni Mitchell,"tening habits, but I can sense Joni leaves behind her own legacy. It’s interesting to say the least…",Joni Mitchell,“The Circle Game”,,,Joni Mitchell,“The Circle Game”,,
2024-05-22,88,“Open The Door” – Longestsoloever feat @DayumDahlia,"d, but the song is just… really good. I just can’t help but open the door for them! catchy and cool!",Longestsoloever feat @DayumDahlia,“Open The Door”,,,Longestsoloever feat @DayumDahlia,“Open The Door”,,
2024-05-22,62,“Junk” by Paul McCartney,"outside of my taste, but it’s not a bad song. It’s certainly better than some junk songs I’ve heard…",Paul McCartney,“Junk”,,,Paul McCartney,“Junk”,,
2024-05-23,92,full country song list,"– A-yo, Dancing in Circles, Poor Man’s Poison – Hell’s coming With Me [Alt-country]

total count: 15",,,,,,,,
2024-05-23,,“La camisa negra” by Juanes,most Latin pop on the billboards. The lack of auto tune also helps his “realness”. I like the song!,Juanes,“La camisa negra”,,,Juanes,“La camisa negra”,,
2024-05-24,,“You Talk Too Much” by Joe Jones,"” way too much. It’s not gonna get into my favorites any time soon, but it’s funny how he does that.",Joe Jones,“You Talk Too Much”,,,Joe Jones,“You Talk Too Much”,,
2024-05-25,20,“All I Do Is Win” by DJ Khaled,"posite of its theme. I mean come on, what happened to “We are the champions” motifs? *Sigh*. 20/100.",DJ Khaled,“All I Do Is Win”,,,DJ Khaled,“All I Do Is Win”,,
2024-05-26,,“(Simply) The Best” – Tina Turner,"it any of the Rock lists made by critics, but I wouldn’t be surprised if someone threw it on there.",Tina Turner,“(Simply) The Best”,,,Tina Turner,“(Simply) The Best”,,
2024-05-27,84,“1979” by The Smashing Pumpkins,"nd of nostalgic, but doesn’t feel as good as the 80’s J-pop stuff (as the message implies). Oh well…",The Smashing Pumpkins,“1979”,,,The Smashing Pumpkins,“1979”,,
2024-05-28,1,4 Da Ladeez – Skate Blade,usic is always subjective so we don’t really know if you can truly objectively say any music is bad…,4 Da Ladeez,Skate Blade,,,4 Da Ladeez,Skate Blade,,
2024-05-28,62,“One of Us” by Joan Osborne,o answer our own prayers. The message is very akin to my own beliefs in god. Not a bad song overall.,Joan Osborne,“One of Us”,,,Joan Osborne,“One of Us”,,
2024-05-28,92,Hagali – Mizlecca,"eltic influences, Mizlecca is pretty and wonderful to listen to! A great underrated artist for sure…",Hagali,Mizlecca,,,Hagali,Mizlecca,,
2024-05-29,,HalaCG – Far From Heaven,l and strong compared to the production from Tommee that makes it feel like a generic movie trailer.,Far From Heaven,HalaCG,,,Far From Heaven,HalaCG,,
2024-05-29,,“Take This Job and Shove It” by Johnny Paycheck,"snarky though, so it gets credit for that. Probably still not gonna make it to my favorites though.",Shove It” by Johnny Paycheck,“Take This Job,,,Shove It” by Johnny Paycheck,“Take This Job,,
2024-05-29,80,Mitchie M – Freely Tomorrow,"ku’s downsides. I have very little complaints, on the producer side of things. Well done, well done!",Mitchie M,Freely Tomorrow,,,Mitchie M,Freely Tomorrow,,
2024-05-30,62,“You’ve Got a Friend” by Carole King,ugh it’s still a bit on the slow side to really enter my favorites. Ah well… not that bad of a song.,Carole King,“You’ve Got a Friend”,,,Carole King,“You’ve Got a Friend”,,
2024-05-31,50,“Gone” by Jack Johnson,"or the song, it’s a bit too calm and down low to be added to my favorites. It’s not terrible though…",Jack Johnson,“Gone”,,,Jack Johnson,“Gone”,,
2024-06-01,,“In My Life” – The Beatles,ne again with a pretty calm and relaxing song. Can’t say I’m a fan – I like Yesterday more. Oh well.,The Beatles,“In My Life”,,,The Beatles,“In My Life”,,
2024-06-01,,Waterfall – 4realares,t send Verkauft – I’m a severe disliker of Autotune and not sure if that serves any helpful purpose.,4realares,Waterfall,,,4realares,Waterfall,,
2024-06-02,76,Hoist – Grool Engine,d be good as a progressive rock song as well with a more specific hook (hoist the flags? Who knows?),Grool Engine,Hoist,,,Grool Engine,Hoist,,
2024-06-03,82,Rush – Tom Sawyer,"little too much… just like Tom did with his trickery in his book. Ah well, it’s still a decent song…",Rush,Tom Sawyer,,,Rush,Tom Sawyer,,
2024-06-04,84,“Chocolate” by The 1975,s remarkably catchy and seems to have the fresh indie leaning rock sound. I have no complaints here.,The,“Chocolate”,,,The,“Chocolate”,,
2024-06-05,,U Can’t Hold No Groove – Victor Wooten,released any big singles like Victor did. This one feels very smooth and counters his title easily.,Victor Wooten,U Can’t Hold No Groove,,,Victor Wooten,U Can’t Hold No Groove,,
2024-06-05,,Terrex & DT Leon – SkyLit,"ttps://discord.gg/jtp4tNS8

More info about terrex: https://www.arriver.space/arriver-artists/terrex",Terrex & DT Leon,SkyLit,,,Terrex & DT Leon,SkyLit,,
2024-06-05,72,Karma (is a Bitch),"spite it being the same song, somehow just the different singer feels too empty and cliche. I dunno.",,Karma (is a Bitch),,,,Karma (is a Bitch),,
2024-06-06,82,“With a Little Help from My Friends” by The Beatles,got a little bit of nice melody in there. Just not attention grabbing enough for a pop head like me.,The Beatles,“With a Little Help from My Friends”,,,The Beatles,“With a Little Help from My Friends”,,
2024-06-07,,“Live in the Moment” by Portugal. The Man,"t yet. Though the official video is a bit distracting with the car crashing sounds, for audiophiles.",Portugal. The Man,“Live in the Moment”,,,Portugal. The Man,“Live in the Moment”,,
2024-06-09,84,“Young Folks” by Peter Bjorn and John,f “how I used to be”. The nice indie guitar is a pretty good feeling and I have no major complaints.,Peter Bjorn and John,“Young Folks”,,,Peter Bjorn and John,“Young Folks”,,
2024-06-10,,LUXURY – AZEALIA BANKS,"it has some interesting pop ideas in the back, but it just doesn’t seem it’s gripping enough for me.",AZEALIA BANKS,LUXURY,,,AZEALIA BANKS,LUXURY,,
2024-06-10,84,#thatpower – will i am,ly connect anywhere. At least Porter is uplifting in a good manner. This one just can’t be redeemed.,#thatpower,will i am,,,#thatpower,will i am,,
2024-06-10,80,Porter Robinson – Musician,w it’s 4/5 average score. That’s pretty damn high. I dunno what I’m missing here. Grade: C (average),Porter Robinson,Musician,,,Porter Robinson,Musician,,
2024-06-11,,“Winter Time” by Steve Miller Band,"pretty down to earth melody. There isn’t anything super special, but I guess it could be much worse.",Steve Miller Band,“Winter Time”,,,Steve Miller Band,“Winter Time”,,
2024-06-12,62,“Crash Into Me” by Dave Matthews Band,bit down low to be truly passionate about for me. But it ain’t that bad. Just needs a bit more umph.,Dave Matthews Band,“Crash Into Me”,,,Dave Matthews Band,“Crash Into Me”,,
2024-06-13,,TUYU (ツユ) – それでも雨は降るんだね,ays hold a place in my heart with the J rock lead in… but Pusu has seriously put a stain on himself.,TUYU (ツユ),それでも雨は降るんだね,,,TUYU (ツユ),それでも雨は降るんだね,,
2024-06-13,82,“Today” by The Smashing Pumpkins,shing Pumpkins. They trudge along just fine and show a regular “today” can still be quite enjoyable.,The Smashing Pumpkins,“Today”,,,The Smashing Pumpkins,“Today”,,
2024-06-14,84,Tong Hua (Fairy Tale) – Michael Wong,"strong impact delivered by Alexander Rybak’s same named song. But, it’s got a good feeling I guess.",Michael Wong,Tong Hua (Fairy Tale),,,Michael Wong,Tong Hua (Fairy Tale),,
2024-06-16,,Sammie Leigh – lost inside,"ird. It doesn’t feel that lost of a feeling to me, but maybe it’s just trying to be slow and smooth.",Sammie Leigh,lost inside,,,Sammie Leigh,lost inside,,
2024-06-17,82,set sail on a comet tail · EMI//NOVA,"otential, going along just fine. Setting sail indeed!

Emery’s page: https://emerystellar.straw.page",EMI//NOVA,set sail on a comet tail · EMI//NOVA,,,EMI//NOVA,set sail on a comet tail · EMI//NOVA,,
2024-06-18,,Feeling High · Troy Young,by KOKIA (English version of course) just to see his range and see what genres might fit him better…,Troy Young,Feeling High · Troy Young,,,Troy Young,Feeling High · Troy Young,,
2024-06-18,,Volare (Nel Blu Dipinto Di Blu) – Domenico Modugno,"s an old film feeling to it. Still, the classic isn’t too shabby overall. Could definitely be worse.",Domenico Modugno,Volare (Nel Blu Dipinto Di Blu),,,Domenico Modugno,Volare (Nel Blu Dipinto Di Blu),,
2024-06-18,82,“Upside Down” by Jack Johnson,’s a little bit soft going but I guess it feels fine overall. Hasn’t got me quite “upside down” yet…,Jack Johnson,“Upside Down”,,,Jack Johnson,“Upside Down”,,
2024-06-19,82,Game Promotion Time!,e Dark”. If you wanna try it go ahead! It’s still in development though. Any feedback would be nice.,,,,,,,,
2024-06-23,76,Fever – Izzy Amo,"of here, then I don’t think I’ll ever leave. 

for a passionate romantic rock song, look no further.",Izzy Amo,Fever,,,Izzy Amo,Fever,,
2024-06-24,,misguided – UN$KNOWN,"it reach the heights of the more popular guys. Still, it could be a lot worse considering the title.",misguided,UN$KNOWN,,,misguided,UN$KNOWN,,
2024-06-25,82,“You Give Me Something” by James Morrison,"ndeed! Unlike my past bitter relations, this one just smoothly goes along just fine. Not bad at all.",James Morrison,“You Give Me Something”,,,James Morrison,“You Give Me Something”,,
2024-06-26,78,“Savoy Truffle” by The Beatles,eling style and the newer style that I enjoy. It’s not bad at all for the Beatles. Interesting find!,The Beatles,“Savoy Truffle”,,,The Beatles,“Savoy Truffle”,,
2024-06-27,,Terrex – Horizon,"progression. Keep it going and experiment with more melodies, maybe you’ll find something else cool.",Horizon,Terrex,,,Horizon,Terrex,,
2024-07-01,,“In the Year 2525” by Zager and Evans,ts age which is ironic considering the late age mentioned in the title. It’s not that shabby though.,Zager and Evans,“In the Year 2525”,,,Zager and Evans,“In the Year 2525”,,
2024-07-02,82,“Thank You” by Dido,"orites, I could see this one joining, it’s quite decent overall and has a good idea. Thank you Dido!",Dido,“Thank You”,,,Dido,“Thank You”,,
2024-07-03,82,“I’ll Be” by Edwin McCain,Ariana Grande. This one just seems to trudge along just fine… but could definitely be more powerful.,Edwin McCain,“I’ll Be”,,,Edwin McCain,“I’ll Be”,,
2024-07-09,,“Future Days” by Pearl Jam,"e. I can’t say I’m too excited to listen to this in the future, but who knows what the future holds…",Pearl Jam,“Future Days”,,,Pearl Jam,“Future Days”,,
2024-07-09,,XOXDUPE – Heart Breaking,"aking. The backing instruments have promise however, even if there could be less auto tune. Ah well.",Heart Breaking,XOXDUPE,,,Heart Breaking,XOXDUPE,,
2024-07-11,78,Pretenders – I Go To Sleep,but the chorus and the rest of the song is exciting enough you won’t fall asleep normally. Not bad!,Pretenders,I Go To Sleep,,,Pretenders,I Go To Sleep,,
2024-07-12,,“Scenes from an Italian Restaurant” by Billy Joel,"d. Inviting Billy Joel could also be interesting, but I don’t know much about him besides piano man.",Billy Joel,“Scenes from an Italian Restaurant”,,,Billy Joel,“Scenes from an Italian Restaurant”,,
2024-07-24,3,ski – Young Stoner Life,"no talent, auto tune, seems pretty damn terrible. 3/100",Young Stoner Life,ski,,,Young Stoner Life,ski,,
2024-07-24,76,“Be OK” by Ingrid Michaelson,"rid is definitely better than just Ok. Whether it deserves to be my favorites, is to be seen though.",Ingrid Michaelson,“Be OK”,,,Ingrid Michaelson,“Be OK”,,
2024-07-29,84,halaCG – Signed and Sealed,wever there’s no denying the power of “good girl” and the whisper of “tight” leash. Very interesting,Signed and Sealed,halaCG,,,Signed and Sealed,halaCG,,
2024-07-29,49,Jellyfin · Leap Fidei,"use too much autotune or annoying ups and downs with pitches, which is an up. Has potential…. 49/100",Leap Fidei,Jellyfin · Leap Fidei,,,Leap Fidei,Jellyfin · Leap Fidei,,
2024-07-31,72,“Blinded by the Light” – Bruce Springsteen,"Anyways, the song… Blinded by the Light seems pretty middling to me… nothing super impressive here.",Bruce Springsteen,“Blinded by the Light”,,,Bruce Springsteen,“Blinded by the Light”,,
2024-08-01,62,“You’ll Be There” by George Strait,"d feeling and pretty calm. Still, it ain’t bad in the end… you’ll be there? sure. Seems kind enough…",George Strait,“You’ll Be There”,,,George Strait,“You’ll Be There”,,
2024-08-02,,“Weird Science” by Oingo Boingo,"e song, it is indeed very curious! Hot rolling rock and roll, not a weird science at all… very cool!",Oingo Boingo,“Weird Science”,,,Oingo Boingo,“Weird Science”,,
2024-08-07,,Never Let Go – AI Bob,"enzel. It could use more dynamics of up and down, but for a pop electronic…. yep, I’ll never let go!",AI Bob,Never Let Go,,,AI Bob,Never Let Go,,
2024-08-13,,No One Else – Eternity,"effect. Thus, “no one else” becomes just like everyone else. Try to have some personality will you?",No One Else,Eternity,,,No One Else,Eternity,,
2024-08-15,70,Frank Sinatra – My Way,"ance. either way, even Frank’s singing isn’t *that* impressive to me. Not my type of song,… ah well.",Frank Sinatra,My Way,,,Frank Sinatra,My Way,,
2024-08-22,84,“Good Old Days” by JR JR,"As for the song, at least it fits the title, slightly nostalgic, just reminding of good old days…",JR JR,“Good Old Days”,,,JR JR,“Good Old Days”,,
2024-08-22,,Skwkci – untitled horn track,"ty relaxing, not much to talk about. It seems to have sense and reason though. I have no complaints!",untitled horn track,Skwkci,,,untitled horn track,Skwkci,,
2024-09-04,,“Back Against the Wall” by Cage the Elephant,", it could definitely save their band, if I begin to dislike them, with their back against the wall…",Cage the Elephant,“Back Against the Wall”,,,Cage the Elephant,“Back Against the Wall”,,
2024-12-23,,broken Man – St. Vincent,"p sending me song recommendations so the site doesn’t die!

merry x mas and happy new year everyone.",St. Vincent,broken Man,,,St. Vincent,broken Man,,
2025-03-10,,Musicord Tourney No. 2 (2025),"by itself, but yeah the whole tournament was Genshin Impact regions in order (first round was free)",,,,,,,,
2025-03-10,90,Zhou Shen – Big Fish (Da Yu),y sad and passionate work that has the “underwater” feel very well composed. Excellent! (90/100 ish),Zhou Shen,Big Fish (Da Yu),,,Zhou Shen,Big Fish (Da Yu),,
2025-03-18,78,Zhou Shen – Da La Beng Ba,has a very long name. The song overall is pretty catchy even if more comedy focused. Not bad though!,Zhou Shen,Da La Beng Ba,,,Zhou Shen,Da La Beng Ba,,
2025-04-20,62,Valgur – Mascara de Nina,her well known Spanish song. Not a bad suggestion for a first listen… but might need to listen more.,Valgur,Mascara de Nina,,,Valgur,Mascara de Nina,,
2025-04-24,78,"五十六个民族，五十六朵花 (56 Ethnic groups, 56 flowers)","of the more exciting ones. It’s alright for a patriotic song, but the age really shows. C ish tier.",,"五十六个民族，五十六朵花 (56 Ethnic groups, 56 flowers)",,,,"五十六个民族，五十六朵花 (56 Ethnic groups, 56 flowers)",,
2025-04-25,,The Specials – Vote for me,"ber tone that matches recent events pretty well. All in all, a pretty haunting and interesting tune.",The Specials,Vote for me,,,The Specials,Vote for me,,
2025-04-27,76,Stacy Ryan – Over tonight,"ze”, “compartmentalize”, unpredictable rhythm, and the post-chorus hook being the real catchy part.)",Stacy Ryan,Over tonight,,,Stacy Ryan,Over tonight,,
2025-04-29,72,yellow Mirages – Bryanna Sigmon,"up and doesn’t feel it has a strong direction. Very meh song, but at least it isn’t a dumb pop tune.",Bryanna Sigmon,yellow Mirages,,,Bryanna Sigmon,yellow Mirages,,
2025-04-30,75,Jerusalema – Master KG,here is rather jarring with the relaxed and smooth manner she is singing. C tier song… forgettable.,Master KG,Jerusalema,,,Master KG,Jerusalema,,
2025-04-30,,I Live You – Jordyy,"will arrive like no tomorrow. (No idea about the title though, wonder if it was just a mispelling.)",Jordyy,I Live You,,,Jordyy,I Live You,,
2025-05-01,75,Jay Z – Empire State of Mind ft. Alicia Keys,still a bit monotonous. I feel there should be a good mix between all the different versions… C tier,Jay Z,Empire State of Mind ft. Alicia Keys,,,Jay Z,Empire State of Mind ft. Alicia Keys,,
2025-05-09,,empire – of mice and men,bably a one hit wonder with “little talks”. Ah well… at least the other songs were better than this.,of mice and men,empire,,,of mice and men,empire,,
2025-05-10,75,I’m so hot – Chrissy Chlapecka,"the line between narcissism and confidence, the autoeroticism being intriguing for sure. C tier song",Chrissy Chlapecka,I’m so hot,,,Chrissy Chlapecka,I’m so hot,,
2025-05-10,78,familiar – Agnes Obel,asy playlist. This one is pretty interesting and has an old Time feeling. Not bad suggestion at all!,Agnes Obel,familiar,,,Agnes Obel,familiar,,
2025-05-11,82,Trollabundin – Evor,"al nature… a bit far from my usual type of fantasy, but definitely interesting. A nice try for sure.",Evor,Trollabundin,,,Evor,Trollabundin,,
2025-05-12,78,hey now – London grammar,list. It seems alright! I like the indie feeling and just chill mood all around. No complaints here.,London grammar,hey now,,,London grammar,hey now,,
2025-05-13,70,Daniel – bat for Lashes,“Daniel” add together to make the indie song sort of unique. May listen to this more in the future…,bat for Lashes,Daniel,,,bat for Lashes,Daniel,,
2025-05-14,95,Expedition 33 – Lumiere,This one is somber but sets the tone for the game very well. Dim dim dim da da indeed! (A tier song),Lumiere,Expedition 33,,,Lumiere,Expedition 33,,
2025-05-22,92,teddy swims – Lose control,"talentless auto tune. Excellent stuff here, even has a small guitar solo in the middle. A tier song.",Lose control,teddy swims,,,Lose control,teddy swims,,
2025-05-22,100,one hit song for each year,maybe some modern covers of “Over the Rainbow”. Pretty rare to find anything truly fitting my taste.,,,,,,,,
2025-06-03,78,Four tet – Baby,"feels close to some electronic songs, with the repeating nature that creates a unique idea. Not bad…",Baby,Four tet,,,Baby,Four tet,,
2025-06-06,90,Vlastovky (Swallows),"The three judges all rated it 9/10, but I don’t really get it? Feels pretty unnotable to me. C tier…",Swallows,Vlastovky (Swallows),,,Swallows,Vlastovky (Swallows),,
2025-06-06,,Bring Me The Horizon – Can You Feel My Heart,"ning is very well known. As a metal song, Bring Me the Horizon isn’t too shabby after all this time.",Can You Feel My Heart,Bring Me The Horizon,,,Can You Feel My Heart,Bring Me The Horizon,,
2025-06-18,,Jane Zhang – 90000 words,"nese song with ballad, rock and ancient elements. The theme doesn’t seem very coherent to me though…",Jane Zhang,90000 words,,,Jane Zhang,90000 words,,
2025-06-21,95,Hagali – Fig Luudhran ft.KAYT,"ough to keep us interested, the unorthodox melody making me want to hear more. Excellent! (Grade: A)",Hagali,Fig Luudhran ft.KAYT,,,Hagali,Fig Luudhran ft.KAYT,,
2025-06-22,82,"Amen, Brother – The Winstons","r through time. The song itself is not very impressive for my taste, but it strolls along just fine.",The Winstons,"Amen, Brother",,,The Winstons,"Amen, Brother",,
2025-07-12,,rita Kamishiro – Method,"it fast for my taste. It matched sparkle’s chaos pretty well though, at least. Kudos for creativity!",Method,rita Kamishiro,,,Method,rita Kamishiro,,
2025-08-14,93,lose your love – Maggie Valley band,on the usual well known makes this song more interesting than normal. She hasn’t lost my love… yet!,Maggie Valley band,lose your love,,,Maggie Valley band,lose your love,,
2025-09-09,,Alma Deutscher – Improvisation (D# D# D F#) [Tim Burton style?],what if they had been in a horror movie? Now that would certainly be thematic for a song like this.,Alma Deutscher,Improvisation (D# D# D F#) [Tim Burton style?],,,Alma Deutscher,Improvisation (D# D# D F#) [Tim Burton style?],,
2025-09-11,62,good use – hero magnus,good use of this website. (Heh pun intended). Not a bad song overall… might come back to this later!,good use,hero magnus,,,good use,hero magnus,,
2025-09-12,84,tragic – hello sister,ugh to add to my favorites yet. But it has a reasonable idea to start with. Good potential for sure.,tragic,hello sister,,,tragic,hello sister,,
2025-09-13,78,heavy metal – Juxtaposition,"s have rock elements though, not sure about the title but it has a neat and catchy feeling. Not bad…",Juxtaposition,heavy metal,,,Juxtaposition,heavy metal,,
2025-09-14,78,Darcy – I’m starting to think I’m bad at parties,"all. He may be bad at parties, but he’s not bad at making songs at all. May add to favorites later…",Darcy,I’m starting to think I’m bad at parties,,,Darcy,I’m starting to think I’m bad at parties,,
2025-09-19,,sweet venom – ENHYPHEN,ut maybe it should be darker or more poisonous…don’t see a strong reason to add it to favorites yet.,sweet venom,ENHYPHEN,,,sweet venom,ENHYPHEN,,
2025-09-22,,Ben Kidson – taste of your own medicine,ore time before entering my favorites. But it does seem quite similar to a taste of my own medicine.,Ben Kidson,taste of your own medicine,,,Ben Kidson,taste of your own medicine,,
2025-09-23,,east coast – indy,"overall, but east coast idea doesn’t seem too shabby. Might need more listens to enter my favorites…",indy,east coast,,,indy,east coast,,
2025-09-24,93,mariaclara- Guess,ad at all. Melody kinda reminds me of “what is love” a little bit. Might soon get into my favorites…,Guess,mariaclara- Guess,,,Guess,mariaclara- Guess,,
2025-09-24,,just you wait – Alexa Johnson,"able, but maybe the titles right and I just have to keep listening… maybe it’ll get better later on.",Alexa Johnson,just you wait,,,Alexa Johnson,just you wait,,
2025-09-25,93,An Quan Xia Chuan – Ivy,"still love them. Quirky, but not bad. Might take quite a bit for it to be considered for favorites…",Ivy,An Quan Xia Chuan,,,Ivy,An Quan Xia Chuan,,
2025-09-29,,miscalculations – Ellie Dixon,"ite quickly. Still, it has some potential here and there… talking drunk problems and related topics.",Ellie Dixon,miscalculations,,,Ellie Dixon,miscalculations,,
2025-10-01,,tangerine – Harvey Brittain,a bit overdone though… not much else going on here. Probably won’t go on my favorites any time soon…,Harvey Brittain,tangerine,,,Harvey Brittain,tangerine,,
2025-10-02,84,verdict – Lane,a [insert title]… but it has a good voice and reasonably interesting for a relationship based song.,Lane,verdict,,,Lane,verdict,,
2025-10-03,84,more than I can say – crickets,"it’s surprisingly good, but the age shows and it dodges outside of my taste. Ah well.",crickets,more than I can say,,,crickets,more than I can say,,
2025-10-04,82,Chai Tea – Dani Black,"tea. That aside, this one has a sweet voice and decent melody. A good contender for favorites list…",Dani Black,Chai Tea,,,Dani Black,Chai Tea,,
2025-10-07,82,무채색(monochrome)- you want me too,"surprisingly niche, the singer sings a poppy tune that seems pretty decent. Insert title indeed.",you want me too,무채색(monochrome)- you want me too,,,you want me too,무채색(monochrome)- you want me too,,
2025-10-11,88,降临 (Arrival) – 杨芮,"in the chorus, but definitely has the epic feel. Not strong enough for my favorites though, I’d say.",降临 (Arrival),杨芮,,,降临 (Arrival),杨芮,,
2025-10-16,,my usual cure – Aurelia Bleach,singing feels it slurs a little bit as well. Not in my favorites yet. But an interesting contender.,Aurelia Bleach,my usual cure,,,Aurelia Bleach,my usual cure,,
2025-10-18,,rock bottom – black pistol fire,r the Wicker. Luckily its quality is the opposite of the title. Which is always cool. Has potential!,rock bottom,black pistol fire,,,rock bottom,black pistol fire,,
2025-10-20,93,为你而来 (Coming For You) – 漆柚,"appening in the donghua, with “fireflies guide you towards love”. Not bad for a pop ballad, not bad.",漆柚,为你而来 (Coming For You),,,漆柚,为你而来 (Coming For You),,
2025-10-21,,Sunshine Coast – Naji,"relaxing and smooth, it fills the title perfectly. May add to favorites eventually…",Naji,Sunshine Coast,,,Naji,Sunshine Coast,,
2025-10-23,84,cocoa beach – MUNYA,"vers another intriguing song with potential. Not yet in my favorites, but could be a good contender.",MUNYA,cocoa beach,,,MUNYA,cocoa beach,,
2025-10-24,,stitch me up – Hannah Vig,"ome reason I’m reluctant to add it to my favorites. But who knows, Hannah just might [insert title].",Hannah Vig,stitch me up,,,Hannah Vig,stitch me up,,
2025-10-27,40,Favorite Artists/ “Banned” artists,the song suggestion tournaments. Best song: NGL all their songs are about equal ish. Worst song: N/A,,,,,,,,
2025-10-28,62,None of you – Brynja Ran,"a rock with good potential. Nothing too crazy, but nothing bad either. May add to favorites later…",Brynja Ran,None of you,,,Brynja Ran,None of you,,
2025-10-30,,Lynndigo – my lemon,sting things going on here and there. But not enough umph to really enter my favorites. Maybe later…,my lemon,Lynndigo,,,my lemon,Lynndigo,,
2025-10-31,,survive – myah eve,"’t survive… well, it has potential and the pop beat isn’t too shabby. Not too impressive yet though…",myah eve,survive,,,myah eve,survive,,
2025-11-01,84,daisy – nunnabove,aisy has a catchy beat and potential – maybe I’ll add it to my favorites eventually. Not too shabby!,nunnabove,daisy,,,nunnabove,daisy,,
2025-11-02,93,don’t feel myself – modernlove,"ccurate, I prefer it if he’s not himself! Okay, bad joke. High potential and decent rock song so far",modernlove,don’t feel myself,,,modernlove,don’t feel myself,,
2025-11-03,,friends in the dark – ripe,ething like “my songs know what you did in the dark”… but has potential. May yet enter my favorites…,ripe,friends in the dark,,,ripe,friends in the dark,,
2025-11-03,82,why you – VIBI,"decently emotional and interesting, why you is a nice rock indie hit with no complaints from me",VIBI,why you,,,VIBI,why you,,
2025-11-04,82,hopeless romantic – Mister sister,"t, this song is anything but hopeless. It has a nice jazzy feeling with r and b elements. I like it!",Mister sister,hopeless romantic,,,Mister sister,hopeless romantic,,
2025-11-05,82,tangled wiring – Wendy moore,"se, it’s actually not that tangled to listen to but still decent. Might add to favorites eventually.",Wendy moore,tangled wiring,,,Wendy moore,tangled wiring,,
2025-11-05,,parece Tao – tigerstate,covery weekly/release radar that I hadn’t caught up to. Next up? I think I’ll target my daily mixes…,tigerstate,parece Tao,,,tigerstate,parece Tao,,
2025-11-06,,alien – Amalie,"as it might be, it has undeniable talent. Well done! Maybe one day she will be as popular as AmaLee",Amalie,alien,,,Amalie,alien,,
2025-11-08,,onomatope – Riria,"with a cool theme and some Onomatopeia in the song scattered throughout, this song has potential.",Riria,onomatope,,,Riria,onomatope,,
2025-11-09,78,cold heart – Sinatic,"eart here. With good singing, she presents a relatively interesting song. Not bad, discovery weekly!",Sinatic,cold heart,,,Sinatic,cold heart,,
2025-11-23,72,Marc Anthony – vivir mi vida,"playlist though.

(also the original Khaled ‘cest la vie’ seems more powerful and bombastic somehow)",Marc Anthony,vivir mi vida,,,Marc Anthony,vivir mi vida,,
2025-11-30,,last ride – Tealwave,the title for the artist quite yet! Has some potential… not gonna kick it out of my list as of now.,Tealwave,last ride,,,Tealwave,last ride,,
2025-12-03,86,Mr Melodramatic,luckily the title isn’t true – the rock sounds are pretty cool. Not bad!,,,,,,,,
2025-12-04,,summer dream – Yiigaa,"cool smooth and interesting, Yiigaa makes a song that thoroughly captures the title. Well done!",Yiigaa,summer dream,,,Yiigaa,summer dream,,
2025-12-05,82,Like We’ll Live – Jon Mclaughlin,"not bad, feels some blues influence with decent rock. Nothing to complain about.",Jon Mclaughlin,Like We’ll Live,,,Jon Mclaughlin,Like We’ll Live,,
2025-12-06,82,How Long? – Split Second,"d the decent chorus combines to a solid song. I only wonder, How Long till Split Second gets famous?",Split Second,How Long?,,,Split Second,How Long?,,
2025-12-07,84,Lemonade – Thomas Stringfellow,tial in the suggestions. May need more listens to give a proper review – just has good vibes so far.,Thomas Stringfellow,Lemonade,,,Thomas Stringfellow,Lemonade,,
2025-12-07,78,sidestep – Band of Silver,rely manages to side step the “no can do” collection with a somewhat interesting rock tune. Not bad…,Band of Silver,sidestep,,,Band of Silver,sidestep,,
2025-12-08,78,take my heart – dizzy days,"isco song, the message feels it could belong in Persona series, and the funky tune as well. Not bad!",dizzy days,take my heart,,,dizzy days,take my heart,,
2025-12-08,,up down – sam ryder,"r ups and downs, but this one’s more of an up. Has some potential. Looking forward to re listening …",sam ryder,up down,,,sam ryder,up down,,
2025-12-10,,Even the Blossoming Flowers Will Eventually Scatter – Senya,"ng and powerful, the chord progressions almost make it seem like some kinda fantasy song. Well done!",Senya,Even the Blossoming Flowers Will Eventually Scatter,,,Senya,Even the Blossoming Flowers Will Eventually Scatter,,
2025-12-10,78,heart of a river – Rambupiper (Pied Piper),"he role of the main characters, transforming Genevieve from victim to hero. Not bad, not bad at all.",Rambupiper (Pied Piper),heart of a river,,,Rambupiper (Pied Piper),heart of a river,,
2025-12-12,82,Hot mess – Ava Valianti,is much hotter than being a mess. Ava delivers a decent pop rock tune with no complaints on my side,Ava Valianti,Hot mess,,,Ava Valianti,Hot mess,,
2025-12-16,,real killer – Julianne glass,"an odd yet interesting melody, Julianne really killed it!",Julianne glass,real killer,,,Julianne glass,real killer,,
2025-12-18,78,quicksand – arai sai,"hmmm I guess it’s somewhat alright of a dream pop song, sure doesn’t feel like quicksand though.",arai sai,quicksand,,,arai sai,quicksand,,
2025-12-18,,soft apricot – I’ve been loving me,a curious indie rock with interesting acoustic elements. Has potential… might listen more later.,soft apricot,I’ve been loving me,,,soft apricot,I’ve been loving me,,
2025-12-18,62,butterfly – Nic Hanson,"title means, but this catchy love song isn’t bad at all. May need more listens to add to favorites…",Nic Hanson,butterfly,,,Nic Hanson,butterfly,,
2025-12-18,,heavenly thing – Carsie Blanton,"the cool jazz carries me back to the 1920s. [insert title], for sure. High potential!",Carsie Blanton,heavenly thing,,,Carsie Blanton,heavenly thing,,
2025-12-22,82,Marta Vega – Chemtrials,ighly intriguing rock song with a nice shift in the middle that keeps things interesting. I like it!,Chemtrials,Marta Vega,,,Chemtrials,Marta Vega,,
2025-12-23,,night owl – Jennifer Jess,an interesting pop song with a powerful melody. Has potential.,Jennifer Jess,night owl,,,Jennifer Jess,night owl,,
2025-12-23,93,out of love – Scene,"to fit the unusual instrumentation. All in all, intriguing song, even more intriguing visual novel.",Scene,out of love,,,Scene,out of love,,
2025-12-26,,white flags – kids table,"lag’ is definitely unique since it implies surrender. The song’s more of a green flag to me, though.",kids table,white flags,,,kids table,white flags,,
2025-12-28,62,yes you can – glass caves,"has some rock potential. Not entirely sure what it’s about, but not a bad idea as far as I can hear.",glass caves,yes you can,,,glass caves,yes you can,,
2025-12-28,,full of yourself – NEAV,NEAV proves that she isn’t a hypocrite and is able to deliver a strong pop song. No complaints here!,NEAV,full of yourself,,,NEAV,full of yourself,,
2025-12-30,78,all my sleep – Nic Hanson,"has high potential, as a pop song it presents some relatively unconventional ideas. Not bad…",Nic Hanson,all my sleep,,,Nic Hanson,all my sleep,,
2025-12-31,78,god walked down – Allergies,"the religious name, the country feeling provides a reasonably unique feeling for the song. Not bad…",Allergies,god walked down,,,Allergies,god walked down,,
2026-01-01,93,love song – Cynthia Parker,"ll at least this one has potential. Can’t name specific things, but has an overall interesting vibe.",Cynthia Parker,love song,,,Cynthia Parker,love song,,
2026-01-01,78,pizza – Color Buzz,"no idea about the title, but the indie rock feeling seems alright. Might need more listens…",Color Buzz,pizza,,,Color Buzz,pizza,,
2026-01-02,82,gold rush – Veronica Fusaro,"and smooth, a very nice rock song. see, Emma Steven’s, that’s how you write a song about gold rush!",Veronica Fusaro,gold rush,,,Veronica Fusaro,gold rush,,
2026-01-02,,I should go – Nicky Mackenzie,’s not instant drop yet. Might need a few more listens for a pop song though. To be updated I guess!,Nicky Mackenzie,I should go,,,Nicky Mackenzie,I should go,,
2026-01-03,78,ayni Denizin Yuzune – Anadolu,"a neat little Bollywood sounding mix, not bad at all.",Anadolu,ayni Denizin Yuzune,,,Anadolu,ayni Denizin Yuzune,,
2026-01-04,,Marland – Feel Better,"ut, Marland comes in and delivers a somewhat cool rock-leaning song. Now this, makes me feel better.",Feel Better,Marland,,,Feel Better,Marland,,
2026-01-05,78,da Vinci II – Emma Wallace,ous song with some jazzy elements. Has illusions of old time feel while still being modern. Not bad…,Emma Wallace,da Vinci II,,,Emma Wallace,da Vinci II,,
2026-01-05,,I’m asking you – Royal Sundowners,e of the few songs I’ve been recommended by Spotify that have potential. It’s interesting I suppose.,Royal Sundowners,I’m asking you,,,Royal Sundowners,I’m asking you,,
2026-01-06,,I can’t lose – Jonas Brothers,"unding confident title yet is very mundane with nothing special happening. You lose, Jonas brothers.",Jonas Brothers,I can’t lose,,,Jonas Brothers,I can’t lose,,
2026-01-07,92,dead Eye – Thanks for nothing,"with a strong Linkin Park feeling, dead eye delivers an energetic and powerful rock song. Excellent!",dead Eye,Thanks for nothing,,,dead Eye,Thanks for nothing,,
2026-01-08,62,northern lights – Luan Luan,high potential. Not a bad song. Lots of songs were removed from release radar but this one survived,Luan Luan,northern lights,,,Luan Luan,northern lights,,
2026-01-08,,soothe me – Jimmy Barnes,"da jazzy feels more like 70s or 80s, but Jimmy from the 90s delivers an interesting song nevetheless",Jimmy Barnes,soothe me,,,Jimmy Barnes,soothe me,,
2026-01-11,76,Temptress -Lora Lox,An okay ish song…. marking it here as listen to later if possible. Not too shabby I suppose.,Lora Lox,Temptress -Lora Lox,,,Lora Lox,Temptress -Lora Lox,,
2026-01-11,,cynic – stella Leftie,"e of a rightie…. well, the song’s kinda dreamy pop with high potential. Will have to check it later.",stella Leftie,cynic,,,stella Leftie,cynic,,
2026-01-11,,let’s go to France – Micah Mclaurin,"for a pop song, it’s not too shabby. Go to France indeed…",Micah Mclaurin,let’s go to France,,,Micah Mclaurin,let’s go to France,,
2026-01-12,76,common sense – DRWS,at least the title isn’t off. An okay pop song with some potential.,DRWS,common sense,,,DRWS,common sense,,
2026-01-12,78,9 to 5 – Biig Piig,"not bad, a kind of dreamy pop song that works pretty well. No complaints here.",Biig Piig,9 to 5,,,Biig Piig,9 to 5,,
2026-01-13,,everything in time – Ella Eyre,"cool and interesting, the title is definitely fitting. Will have to listen more later",Ella Eyre,everything in time,,,Ella Eyre,everything in time,,
2026-01-14,82,domino SZN – Ella Eyre,another interesting pop song with a title that’s a bit of headscratcher. Still pretty decent though.,Ella Eyre,domino SZN,,,Ella Eyre,domino SZN,,
2026-01-15,,heat death – Sophia James,"rely making it to the “potentially interesting” type in my opinion, at least this one isn’t dead yet",Sophia James,heat death,,,Sophia James,heat death,,
2026-01-15,,fried up – Nic Hanson,"cool and funky, it’s got me fried up for sure",Nic Hanson,fried up,,,Nic Hanson,fried up,,
2026-01-16,78,attachment theory – Phillip Labes,a reference to Mattpat? Interesting. Not bad…,Phillip Labes,attachment theory,,,Phillip Labes,attachment theory,,
2026-01-18,78,walk on air – Celeste,"the game Celeste, it almost feels like walking on air sometimes… not bad, not bad of a pick at all.",Celeste,walk on air,,,Celeste,walk on air,,
2026-01-19,,Alibi – Wait a Minute,"rious indie rock song, Alibi has a hint of potential. May need to come back to listen to this later…",Alibi,Wait a Minute,,,Alibi,Wait a Minute,,
2026-01-20,95,green – Miss,olor of envy eh? A catchy and cool rock song that tells about relationships in a new and neat manner,Miss,green,,,Miss,green,,
2026-01-21,,dance alone – Tayla Parx,ntial. Idk. Trying to jot down remotely worth looking into songs since my list is slowly running low,Tayla Parx,dance alone,,,Tayla Parx,dance alone,,
2026-01-22,,syd Taylor – leave me out of it,". The pop isn’t too mainstream feeling and somewhat cool. I won’t leave you out of it, just yet Syd!",syd Taylor,leave me out of it,,,syd Taylor,leave me out of it,,
2026-01-23,,cherry stem – Leah Mason,"a somewhat interesting song, but not quite attention catching enough to warrant a favorite.",Leah Mason,cherry stem,,,Leah Mason,cherry stem,,
2026-01-25,84,I Believe in – Synapson,"Catchy and neat, Nic Hanson being featured here hits the groove just right. I like it!",Synapson,I Believe in,,,Synapson,I Believe in,,
2026-01-25,,Forrest Frank – Your Way’s Better,d be put off by someone like Ado or influenced by her to perform spicier songs with stronger lyrics.,Forrest Frank,Your Way’s Better,,,Forrest Frank,Your Way’s Better,,
2026-01-26,92,birthe – till we meet,"n of neat jazz and soul influence, it’s rare to hear something catch attention so easily. Excellent!",birthe,till we meet,,,birthe,till we meet,,
2026-01-27,84,snow on the west coast – Hugo Santini,"has high potential, even if not instantly catchy like OneRepublic’s “west coast”. Neat idea.",Hugo Santini,snow on the west coast,,,Hugo Santini,snow on the west coast,,
2026-01-28,76,so please -Amalie,"we have Olivia Rodrigo at home? It’s not as compelling as the dreamy “Alien”, but it’s ok",Amalie,so please -Amalie,,,Amalie,so please -Amalie,,
2026-01-29,,run – Betty Who,"sy with a well used melody from many famous songs, Betty is barely able to run, out of the darkness.",Betty Who,run,,,Betty Who,run,,
2026-01-29,82,scandalous – Sophie Morelli,Sophie’s song feels like a nice mix of old jazz style with new indie. Scandalous? It’s anything but!,Sophie Morelli,scandalous,,,Sophie Morelli,scandalous,,
2026-02-03,72,hands to myself – Selena Gomez,one is pretty average with nothing big to speak of. You’re better off with “Naturally”. D tier song,Selena Gomez,hands to myself,,,Selena Gomez,hands to myself,,
2026-02-04,88,bad computer – Your Spell,"Which fits the name, but not great for listening. The auto tune is just too much on the nose for me",Your Spell,bad computer,,,Your Spell,bad computer,,
2026-02-04,72,clarity – Zedd,"th nothing special, the song does have clarity but been overplayed completely. C- or D tier pop song",Zedd,clarity,,,Zedd,clarity,,
2026-02-05,,Every little step – Bobby brown,"above 100 mill views on youtube, I’m surprised I haven’t heard this before. High potential for sure…",Bobby brown,Every little step,,,Bobby brown,Every little step,,
2026-02-05,,there’s a thousand mountains – Myles Nuzzi,"ntial. Avoids all standard cliche in the pop rock, staying strong through the whole song. Well done!",Myles Nuzzi,there’s a thousand mountains,,,Myles Nuzzi,there’s a thousand mountains,,
2026-02-06,,Anouk – Jerusalem,that definitely puts it a step above many usual hit rock songs. Will have to listen to it more later,Anouk,Jerusalem,,,Anouk,Jerusalem,,
2026-02-06,70,somewhere over the rainbow – Israel Kamakawiwo’ole,"With a simple strum of Ukelele, Israel carries over the message without being too cheesy. Well done!",Israel Kamakawiwo’ole,somewhere over the rainbow,,,Israel Kamakawiwo’ole,somewhere over the rainbow,,
2026-02-07,,NF – Search,voids cliche melodies or messages. Perhaps this will be the 17th rap song on my playlist? Who knows…,NF,Search,,,NF,Search,,
2026-02-09,,Marina and the diamonds – Blue,"high potential, it has the pop tune but not the overplayed kind. Will keep an eye open on this one…",Blue,Marina and the diamonds,,,Blue,Marina and the diamonds,,
2026-02-09,78,LehtmoJoe – Noir,"seen to this. Noir is quite epic with a deep and dark voice, and very cool feeling. Not bad at all!",Noir,LehtmoJoe,,,Noir,LehtmoJoe,,
2026-02-10,,going to Georgia – Mountain Goats,"weirdly sung, is this a reference to the devil went to Georgia? Not my thing",Mountain Goats,going to Georgia,,,Mountain Goats,going to Georgia,,
2026-02-13,78,Ballad of Robin Hood,"content of my game. For AI, it’s not bad at all actually. But not something I’d add to my favorites…",,Ballad of Robin Hood,,,,Ballad of Robin Hood,,
2026-02-14,65,Mitis – Open Window,t forgettable – I do wish Jarvis’s version had even more spice to convincingly land in my favorites.,Mitis,Open Window,,,Mitis,Open Window,,
2026-02-19,78,Crazy – Ben Goldsmith,"bad, not bad at all. Crazy indeed… though it’s surprising how many songs I already like called Crazy",Ben Goldsmith,Crazy,,,Ben Goldsmith,Crazy,,
2026-02-22,,white wedding – Billy Idol,"high potential, feels like an oldie but definitely high quality.",Billy Idol,white wedding,,,Billy Idol,white wedding,,
2026-02-23,76,Back to you – Rene Blue,"it’s okay, but it feels a bit more umph to be convincing",Rene Blue,Back to you,,,Rene Blue,Back to you,,
2026-02-25,84,colors – thunder jackson,"not quite as catchy as Halsey Colors, but arguably more unique and had potential.",Thunder Jackson,colors,,,Thunder Jackson,colors,,
2026-02-26,84,femme fatale – Samah,der why it’s called femme fatale… has a catchy pop tune that has potential. Might listen more later…,Samah,femme fatale,,,Samah,femme fatale,,
2026-02-28,76,seat filler – Micah,"an okay pop song, Micah produces a seat filler… for now.",Micah,seat filler,,,Micah,seat filler,,
2026-03-03,82,Izzy Escobar – Gangster’s wife,"ish, jazzy and interesting, Izzy delivers a song that feels like the 1920s all over again. Nice job!",Izzy Escobar,Gangster’s wife,,,Izzy Escobar,Gangster’s wife,,
2026-03-04,,slow 96 – Skinny Living,wonder if it means 1996… not too slow and not too shabby I suppose.,Skinny Living,slow 96,,,Skinny Living,slow 96,,
2026-03-05,,we can go all night – desperate electric,definitely a sexual song with all the moans integrated into it. Not too shabby though,desperate electric,we can go all night,,,desperate electric,we can go all night,,
2026-03-06,82,good riddance – generation riff,luckily. The title is not fitting! The song is somewhat decent rock overall. Not too shabby,generation riff,good riddance,,,generation riff,good riddance,,
2026-03-08,,TryaLittlebetter – rizzers,me potential with a dreamy indie leaning feel…. might need some more umph to catch attention though.,rizzers,TryaLittlebetter,,,rizzers,TryaLittlebetter,,
2026-03-10,78,“Chaeri” — by Magdalena Bay,"nd interesting, Magdalena continues with the dark ish and strong pop songs. Not bad, not bad at all.",Magdalena Bay,“Chaeri”,,,Magdalena Bay,“Chaeri”,,
2026-03-12,78,“Cherry” — by Rina Sawayama (2018),"not bad, not bad at all. Seems these artists have more stuff worth a listen to…",Rina Sawayama,“Cherry”,,,Rina Sawayama,“Cherry”,,
2026-03-14,82,Japanese Breakfast – Be Sweet,the song seems to be fine going along. Not shabby… but might need a bit more to catch my attention.,Japanese Breakfast,Be Sweet,,,Japanese Breakfast,Be Sweet,,
2026-03-27,,“Are You Bored Yet?” — by Wallows ft. Clairo,hmm… not quite bored yet… though feel it could indeed use some umph.,Wallows ft. Clairo,“Are You Bored Yet?”,,,Wallows ft. Clairo,“Are You Bored Yet?”,,
2026-04-02,,Any clearer – Nora mae,maybe the song could be longer to be clearer… but it’s got high potential for sure,Nora mae,Any clearer,,,Nora mae,Any clearer,,
2026-04-04,,“Greek Tragedy” — by The Wombats,message. Not entirely sure about the ‘tragedy’ aspect – the feeling seems more lost than understood,The Wombats,“Greek Tragedy”,,,The Wombats,“Greek Tragedy”,,
2026-04-08,,one more time – Zaylo,"th a somewhat dark theme and intriguing idea, maybe I’ll listen to this one more time in the future…",Zaylo,one more time,,,Zaylo,one more time,,
2026-04-08,88,my house – Flo rida,"trying to portray a casualness, but it also reduces emotions induced by the song which isn’t great.",Flo rida,my house,,,Flo rida,my house,,
2026-04-09,92,the fat rat – Hunger,but also challenging to listen to. May need more listens to properly judge. Excellent singer though!,Hunger,the fat rat,,,Hunger,the fat rat,,
2026-04-11,,Rex Orange County – 10/10,"autotune is a bit on the nose, I would definitely not give the rating in the title to this song.",Rex Orange County,10/10,,,Rex Orange County,10/10,,
2026-04-22,,on the move – Chromeo,g catching my attention. I suppose this one has potential… somewhat interesting. On the move indeed…,Chromeo,on the move,,,Chromeo,on the move,,
2026-05-02,,GOLDA – Jaded (Tentendo Remix),"With a somewhat interesting EDM beat to back, I’m not Jaded just quite yet on this song.",GOLDA,Jaded (Tentendo Remix),,,GOLDA,Jaded (Tentendo Remix),,
2026-05-03,82,2econd 2ight 2eer – Will Woods,"e questionable/controversial songs, so it is solidly in my favorites for now. Nice stuff Will Woods!",2econd 2ight 2eer,Will Woods,,,2econd 2ight 2eer,Will Woods,,
2026-05-07,84,ORKID – Ethereal,ry fitting for the title! This song goes along pretty good… might have to add it to favorites later.,ORKID,Ethereal,,,ORKID,Ethereal,,
2026-05-09,,一百万个可能 (One million possibilities) – 张含韵,"ng with nothing too special to me. My mom seems to enjoy it quite a bit, but head scratching for me.",张含韵,一百万个可能 (One million possibilities),,,张含韵,一百万个可能 (One million possibilities),,
2026-05-19,92,【Ado】綺羅 (Kira),"Fitting the sports team, I can’t think of a better contender for worlds sports cup. Excellent stuff!",Ado,【Ado】綺羅 (Kira),,,Ado,【Ado】綺羅 (Kira),,
2026-05-21,,black sublime – Lizzie Esau,ps sending me these kinda soft indie songs that don’t really feel they lead any where. Not my thing…,Lizzie Esau,black sublime,,,Lizzie Esau,black sublime,,
2026-05-27,93,coldest place on earth – Slay rache,not. I guess the “love song” isn’t too shabby. But the overall tune doesn’t feel very unique. Ehhh.,Slay rache,coldest place on earth,,,Slay rache,coldest place on earth,,
2026-05-28,84,back to me – wife support,"it seems to have good potential, maybe I’ll find a way back to her yet…",wife support,back to me,,,wife support,back to me,,
2026-05-29,,Chat GPT tries to add more artists to my ‘banned list’,"probably most famous one, but even that one feels it just goes over your head. 

Verdict: Not for me",,,,,,,,
2026-06-04,,Littlest things – Jack Newsome,"is song from my list,  so I guess maybe it’s small things from the song that let me keep it for now.",Jack Newsome,Littlest things,,,Jack Newsome,Littlest things,,
2026-06-08,,pixiepunk – Cheers to the view,"far kid”, cheers doesn’t have enough subtlety below the surface to really be added to my favorites.",pixiepunk,Cheers to the view,,,pixiepunk,Cheers to the view,,
2026-06-11,,back in time – Modern Olympia,lp but feel maybe the title of the song might help a bit… maybe the 80s or 90s has more hidden gems…,back in time,Modern Olympia,,,back in time,Modern Olympia,,
2026-06-18,84,hagali – たゆたいのイーファ,"o be as impressive or smooth flowing in movement, balancing calmness and catchy feeling as this one)",hagali,たゆたいのイーファ,,,hagali,たゆたいのイーファ,,
2026-06-21,,dread Pitt – Pyro,he judge decides who wins in the battle. Seems not many people paying for costs though so it’s rough,Pyro,dread Pitt,,,Pyro,dread Pitt,,
2026-07-02,92,what can I do – Alessia Nicole,"a relaxed cool indie jazz song, Alessia proves she’s very underrated for sure. Excellent stuff!",Alessia Nicole,what can I do,,,Alessia Nicole,what can I do,,
2026-07-07,40,Kevin Leonardo – I want to f my hot yoga instructor,actually sufferable and the lyrics are impossible to to go through. Truly the worst song of all time,Kevin Leonardo,I want to f my hot yoga instructor,,,Kevin Leonardo,I want to f my hot yoga instructor,,
2026-07-09,,kids should know better – IOAKIM,tly it’s a bit repetitive so it’s hard to really add it to favorites. Sorry but it’s a no go for now,IOAKIM,kids should know better,,,IOAKIM,kids should know better,,
2026-07-14,,Gut Genug – KITSCHKRIEG,"errible rap section, the song feels just a bit too thin for me to really enjoy. Not quite Gut Genug…",KITSCHKRIEG,Gut Genug,,,KITSCHKRIEG,Gut Genug,,
2026-07-20,75,Phoebe Bridgers – I know the End,"re, you won’t know the end to this one. [Whole song rating: C ish; Without intro part: B+ or higher]",Phoebe Bridgers,I know the End,,,Phoebe Bridgers,I know the End,,
2026-07-23,,"Jane Doe by Kenshi Yonezu, Hikaru Utada","op ballad, but feels too foreign for what I’m used to. Maybe a few more listens would be convincing…","Kenshi Yonezu, Hikaru Utada",Jane Doe,,,"Kenshi Yonezu, Hikaru Utada",Jane Doe,,
2026-07-28,75,Stevie Wonder – Superstition,[Found via: recommender],Stevie Wonder,Superstition,,,Stevie Wonder,Superstition,,
2026-07-29,90,Ludovico Einaudi – Nuvole Bianche,[Found via: recommender],Ludovico Einaudi,Nuvole Bianche,,,Ludovico Einaudi,Nuvole Bianche,,
2026-08-26,90,Dolly Parton – Jolene,,Dolly Parton,Jolene,,,Dolly Parton,Jolene,,
2026-08-28,80,Yann Tiersen – Comptine d'un autre ete,[Found via: recommender],Yann Tiersen,Comptine d'un autre ete,,,Yann Tiersen,Comptine d'un autre ete,,
2026-08-28,80,Joe Hisaishi – One Summer's Day,[Found via: recommender],Joe Hisaishi,One Summer's Day,,,Joe Hisaishi,One Summer's Day,,
2026-08-28,30,Ado – Usseewa,[Found via: recommender],Ado,Usseewa,,,Ado,Usseewa,,
2026-08-28,80,Whitney Houston – I Will Always Love You,,Whitney Houston,I Will Always Love You,,,Whitney Houston,I Will Always Love You,,
2026-08-28,20,Simon & Garfunkel – The Sound of Silence,,Simon & Garfunkel,The Sound of Silence,,,Simon & Garfunkel,The Sound of Silence,,
2026-08-28,90,Tears for Fears – Everybody Wants to Rule the World,,Tears for Fears,Everybody Wants to Rule the World,,,Tears for Fears,Everybody Wants to Rule the World,,
2026-08-29,95,Miki Matsubara – Stay With Me,[Found via: recommender],Miki Matsubara,Stay With Me,,,Miki Matsubara,Stay With Me,,
2026-08-29,95,Joe Hisaishi – Merry-Go-Round of Life,[Found via: recommender],Joe Hisaishi,Merry-Go-Round of Life,,,Joe Hisaishi,Merry-Go-Round of Life,,
2026-08-29,85,Two Steps From Hell – Heart of Courage,[Found via: recommender],Two Steps From Hell,Heart of Courage,,,Two Steps From Hell,Heart of Courage,,
2026-08-29,80,Miles Davis – So What,,Miles Davis,So What,,,Miles Davis,So What,,
2026-08-29,80,Aretha Franklin – Respect,,Aretha Franklin,Respect,,,Aretha Franklin,Respect,,
2026-08-29,79,Billie Holiday – Strange Fruit,,Billie Holiday,Strange Fruit,,,Billie Holiday,Strange Fruit,,
2026-08-29,50,Bob Marley & The Wailers – Redemption Song,,Bob Marley & The Wailers,Redemption Song,,,Bob Marley & The Wailers,Redemption Song,,
2026-08-29,70,Notorious B.I.G. – Juicy,,Notorious B.I.G.,Juicy,,,Notorious B.I.G.,Juicy,,
2026-08-29,70,John Coltrane – My Favorite Things,,John Coltrane,My Favorite Things,,,John Coltrane,My Favorite Things,,
2026-08-29,75,The Rolling Stones – Gimme Shelter,,The Rolling Stones,Gimme Shelter,,,The Rolling Stones,Gimme Shelter,,
2026-08-29,75,Massive Attack – Unfinished Sympathy,,Massive Attack,Unfinished Sympathy,,,Massive Attack,Unfinished Sympathy,,
2026-08-29,70,Pixies – Where Is My Mind?,,Pixies,Where Is My Mind?,,,Pixies,Where Is My Mind?,,
2026-08-29,50,The Smiths – There Is a Light That Never Goes Out,,The Smiths,There Is a Light That Never Goes Out,,,The Smiths,There Is a Light That Never Goes Out,,
2026-08-29,85,Al Green – Let's Stay Together,,Let's Stay Together,Al Green,,,Let's Stay Together,Al Green,,
2026-08-29,90,AC/DC – Back in Black,,AC/DC,Back in Black,,,AC/DC,Back in Black,,
2026-08-30,80,Kate Bush – Running Up That Hill,[Found via: recommender],Kate Bush,Running Up That Hill,,,Kate Bush,Running Up That Hill,,
2026-08-30,80,George Michael – Careless Whisper,[Found via: recommender],George Michael,Careless Whisper,,,George Michael,Careless Whisper,,
2026-08-30,80,Peter Gabriel – In Your Eyes,[Found via: recommender],In Your Eyes,Peter Gabriel,,,In Your Eyes,Peter Gabriel,,
2026-08-30,80,Simply Three – Palladio,[Found via: weekly],Simply Three,Palladio,,,Simply Three,Palladio,,
2026-08-30,75,"Bob Marley – No Woman, No Cry",,Bob Marley,"No Woman, No Cry",,,Bob Marley,"No Woman, No Cry",,
2026-08-30,50,Joy Division – Love Will Tear Us Apart,,Joy Division,Love Will Tear Us Apart,,,Joy Division,Love Will Tear Us Apart,,
2026-08-30,1,Public Enemy – Fight the Power,,Public Enemy,Fight the Power,,,Public Enemy,Fight the Power,,
2026-08-30,1,Wu-Tang Clan – C.R.E.A.M.,,Wu-Tang Clan,C.R.E.A.M.,,,Wu-Tang Clan,C.R.E.A.M.,,
2026-08-30,1,Neutral Milk Hotel – In the Aeroplane Over the Sea,,In the Aeroplane Over the Sea,Neutral Milk Hotel,,,In the Aeroplane Over the Sea,Neutral Milk Hotel,,
2026-08-30,80,Lorde – Royals,[Found via: recommender],Lorde,Royals,,,Lorde,Royals,,
2026-08-30,80,The Beatles – A Day in the Life,[Found via: recommender],The Beatles,A Day in the Life,,,The Beatles,A Day in the Life,,
2026-08-30,80,U2 – With or Without You,,U2,With or Without You,,,U2,With or Without You,,
2026-08-30,1,Otis Redding – (Sittin' On) The Dock of the Bay,,Otis Redding,(Sittin' On) The Dock of the Bay,,,Otis Redding,(Sittin' On) The Dock of the Bay,,
2026-08-30,1,Nas – N.Y. State of Mind,,N.Y. State of Mind,Nas,,,N.Y. State of Mind,Nas,,
2026-08-30,99,Mariya Takeuchi – プラスティック・ラブ (Plastic Love),[Found via: recommender],Mariya Takeuchi,プラスティック・ラブ (Plastic Love),,,Mariya Takeuchi,プラスティック・ラブ (Plastic Love),,
2026-08-30,94,YOASOBI – 夜に駆ける (Yoru ni Kakeru),[Found via: recommender],YOASOBI,夜に駆ける (Yoru ni Kakeru),,,YOASOBI,夜に駆ける (Yoru ni Kakeru),,
2026-08-30,80,"Love's Holiday - Earth, Wind and Fire",,"Earth, Wind and Fire",Love's Holiday,,,"Earth, Wind and Fire",Love's Holiday,,
2026-08-31,80,I Want You Back (The Jackson 5),,The Jackson 5,I Want You Back,,,The Jackson 5,I Want You Back,,
2026-08-31,75,Motion Sickness (Phoebe Bridgers),,Phoebe Bridgers,Motion Sickness,,,Phoebe Bridgers,Motion Sickness,,
2026-08-31,75,Oxford Comma (Vampire Weekend),,Vampire Weekend,Oxford Comma,,,Vampire Weekend,Oxford Comma,,
2026-08-31,85,Walk This Way (Run-DMC),,DMC),Walk This Way (Run-DMC),,,DMC),Walk This Way (Run-DMC),,
2026-08-31,85,Once in a Lifetime (Talking Heads),,Talking Heads,Once in a Lifetime,,,Talking Heads,Once in a Lifetime,,
2026-08-31,75,Zitti E Buoni (Måneskin),,Måneskin,Zitti E Buoni,,,Måneskin,Zitti E Buoni,,
2026-08-31,70,Riders on the Storm (The Doors),,The Doors,Riders on the Storm,,,The Doors,Riders on the Storm,,
2026-08-31,85,Telephone Number (Junko Ohashi),,Junko Ohashi,Telephone Number,,,Junko Ohashi,Telephone Number,,
2026-08-31,79,Byoushin wo Kamu (ZUTOMAYO),,ZUTOMAYO,Byoushin wo Kamu,,,ZUTOMAYO,Byoushin wo Kamu,,
2026-08-31,79,Georgia on My Mind (Ray Charles),,Ray Charles,Georgia on My Mind,,,Ray Charles,Georgia on My Mind,,
2026-08-31,80,I Say a Little Prayer (Aretha Franklin),,Aretha Franklin,I Say a Little Prayer,,,Aretha Franklin,I Say a Little Prayer,,
2026-08-31,90,Redbone (Childish Gambino),,Childish Gambino,Redbone,,,Childish Gambino,Redbone,,
2026-08-31,75,About Today (The National),,The National,About Today,,,The National,About Today,,
2026-08-31,78,紅蓮華 (Gurenge) (LiSA),,LiSA,紅蓮華 (Gurenge),,,LiSA,紅蓮華 (Gurenge),,
2026-08-31,30,うっせぇわ (Usseewa) (Ado),,Ado,うっせぇわ (Usseewa),,,Ado,うっせぇわ (Usseewa),,
2026-08-31,90,Family Affair (Sly and the Family Stone),,Sly and the Family Stone,Family Affair,,,Sly and the Family Stone,Family Affair,,
2026-08-31,80,rolling in the deep (adele),,adele,rolling in the deep,,,adele,rolling in the deep,,
2026-08-31,75,someone like you (adele),,adele,someone like you,,,adele,someone like you,,
2026-08-31,1,The Twist (Chubby Checker),,Chubby Checker,The Twist (Chubby Checker),,,Chubby Checker,The Twist (Chubby Checker),,
2026-08-31,1,Stand by Me (Ben E. King),,Ben E. King,Stand by Me,,,Ben E. King,Stand by Me,,
2026-08-31,55,(I Can't Get No) Satisfaction (The Rolling Stones),,The Rolling Stones,(I Can't Get No) Satisfaction,,,The Rolling Stones,(I Can't Get No) Satisfaction,,
2026-09-01,75,Holocene (Bon Iver),,Bon Iver,Holocene,,,Bon Iver,Holocene,,
2026-09-01,70,Calgary (Bon Iver),,Bon Iver,Calgary,,,Bon Iver,Calgary,,
2026-09-01,50,The Suburbs (Arcade Fire),,Arcade Fire,The Suburbs,,,Arcade Fire,The Suburbs,,
2026-09-01,50,Shake It Out (Florence + the Machine),,Florence + the Machine,Shake It Out,,,Florence + the Machine,Shake It Out,,
2026-09-01,50,Sprawl II (Arcade Fire),,Arcade Fire,Sprawl II,,,Arcade Fire,Sprawl II,,
2026-09-03,100,Floating Life (HOYO-MiX),,HOYO-MiX,Floating Life,,,HOYO-MiX,Floating Life,,
2026-09-03,90,Nod-Krai (HOYO-MiX),,HOYO-MiX,Nod-Krai,,,HOYO-MiX,Nod-Krai,,
2026-09-03,80,La vaguelette (HOYO-MiX),,HOYO-MiX,La vaguelette,,,HOYO-MiX,La vaguelette,,
2026-09-03,80,Wildfire (HOYO-MiX),,HOYO-MiX,Wildfire,,,HOYO-MiX,Wildfire,,
2026-09-03,80,Moon Halo (HOYO-MiX),,HOYO-MiX,Moon Halo,,,HOYO-MiX,Moon Halo,,
2026-09-03,80,TruE (HOYO-MiX),,HOYO-MiX,TruE,,,HOYO-MiX,TruE,,
2026-09-03,80,Polumnia Omnia (HOYO-MiX),,HOYO-MiX,Polumnia Omnia,,,HOYO-MiX,Polumnia Omnia,,
2026-09-03,80,Samudrartha (HOYO-MiX),,HOYO-MiX,Samudrartha,,,HOYO-MiX,Samudrartha,,
2026-09-03,80,Blazing Heart (HOYO-MiX),,HOYO-MiX,Blazing Heart,,,HOYO-MiX,Blazing Heart,,
2026-09-03,80,Lullaby of the New Moon (HOYO-MiX),,HOYO-MiX,Lullaby of the New Moon,,,HOYO-MiX,Lullaby of the New Moon,,
2026-09-03,80,Dream Aria (HOYO-MiX),,HOYO-MiX,Dream Aria,,,HOYO-MiX,Dream Aria,,
2026-09-03,80,Genshin Impact Main Theme (HOYO-MiX),,HOYO-MiX,Genshin Impact Main Theme,,,HOYO-MiX,Genshin Impact Main Theme,,
2026-09-03,90,Hustle and Bustle of Ormos (HOYO-MiX),,HOYO-MiX,Hustle and Bustle of Ormos,,,HOYO-MiX,Hustle and Bustle of Ormos,,
2026-09-03,90,Sumeru (HOYO-MiX),,HOYO-MiX,Sumeru,,,HOYO-MiX,Sumeru,,
2026-09-03,90,Sumeru Night (HOYO-MiX),,HOYO-MiX,Sumeru Night,,,HOYO-MiX,Sumeru Night,,
2026-09-03,90,Sumeru Day (HOYO-MiX),,HOYO-MiX,Sumeru Day,,,HOYO-MiX,Sumeru Day,,
2026-09-03,90,Flares of the Blazing Sun (HOYO-MiX),,HOYO-MiX,Flares of the Blazing Sun,,,HOYO-MiX,Flares of the Blazing Sun,,
2026-09-03,80,Burning Desires (HOYO-MiX),,HOYO-MiX,Burning Desires,,,HOYO-MiX,Burning Desires,,
2026-09-03,80,If I Can Stop One Heart From Breaking (HOYO-MiX),,HOYO-MiX,If I Can Stop One Heart From Breaking,,,HOYO-MiX,If I Can Stop One Heart From Breaking,,
2026-09-03,80,Original Me (HOYO-MiX),,HOYO-MiX,Original Me,,,HOYO-MiX,Original Me,,
2026-09-03,100,Blue Velvet (Will Wood),,Will Wood,Blue Velvet,,,Will Wood,Blue Velvet,,
2026-09-03,90,I / Me / Myself (Will Wood),,Will Wood,I / Me / Myself,,,Will Wood,I / Me / Myself,,
2026-09-03,90,The Main Character (Will Wood),,Will Wood,The Main Character,,,Will Wood,The Main Character,,
2026-09-03,90,Laplace's Angel (Hurt People? Hurt People!) (Will Wood),,Will Wood,Laplace's Angel (Hurt People? Hurt People!),,,Will Wood,Laplace's Angel (Hurt People? Hurt People!),,
2026-09-03,90,Against the Kitchen Floor (Will Wood),,Will Wood,Against the Kitchen Floor,,,Will Wood,Against the Kitchen Floor,,
2026-09-03,90,"2econd 2ight 2eer (that was fun, goodbye.) (Will Wood)",,Will Wood,"2econd 2ight 2eer (that was fun, goodbye.)",,,Will Wood,"2econd 2ight 2eer (that was fun, goodbye.)",,
2026-09-03,90,Dr. Sunshine Is Dead (Will Wood),,Will Wood,Dr. Sunshine Is Dead,,,Will Wood,Dr. Sunshine Is Dead,,
2026-09-03,90,"Hand Me My Shovel, I'm Going In! (Will Wood)",,Will Wood,"Hand Me My Shovel, I'm Going In!",,,Will Wood,"Hand Me My Shovel, I'm Going In!",,
2026-09-03,90,6up 5oh Cop-Out (Pro / Con) (Will Wood),,Will Wood,6up 5oh Cop-Out (Pro / Con),,,Will Wood,6up 5oh Cop-Out (Pro / Con),,
2026-09-03,90,Suburbia Overture (Vampire Reference) (Will Wood),,Will Wood,Suburbia Overture (Vampire Reference),,,Will Wood,Suburbia Overture (Vampire Reference),,
2026-09-03,90,Tomcat Disposables (Will Wood),,Will Wood,Tomcat Disposables,,,Will Wood,Tomcat Disposables,,
2026-09-03,90,BlackboxWarrior - OK UFSL (Will Wood),,Will Wood,BlackboxWarrior,,,Will Wood,BlackboxWarrior,,
2026-09-03,90,Normal No More (Will Wood),,Will Wood,Normal No More,,,Will Wood,Normal No More,,
2026-09-03,90,"Thermodynamic Lawyer, Esq, G.F.D. (Will Wood)",,Will Wood,"Thermodynamic Lawyer, Esq, G.F.D.",,,Will Wood,"Thermodynamic Lawyer, Esq, G.F.D.",,
2026-09-03,90,"Cotard's Solution (Anatta, Dukkha, Anicca) (Will Wood)",,Will Wood,"Cotard's Solution (Anatta, Dukkha, Anicca)",,,Will Wood,"Cotard's Solution (Anatta, Dukkha, Anicca)",,
2026-09-03,90,Chemical Overreaction / Compound Fracture (Will Wood),,Will Wood,Chemical Overreaction / Compound Fracture,,,Will Wood,Chemical Overreaction / Compound Fracture,,
2026-09-03,100,Do You Wanna Do Nothing With Me? (Lawrence),,Lawrence,Do You Wanna Do Nothing With Me?,,,Lawrence,Do You Wanna Do Nothing With Me?,,
2026-09-03,100,Alibi (Lawrence),,Lawrence,Alibi,,,Lawrence,Alibi,,
2026-09-03,100,Play Around (Lawrence),,Lawrence,Play Around,,,Lawrence,Play Around,,
2026-09-03,100,Me & You (Lawrence),,Lawrence,Me & You,,,Lawrence,Me & You,,
2026-09-03,100,Where It Started From (Lawrence),,Lawrence,Where It Started From,,,Lawrence,Where It Started From,,
2026-09-03,100,Cold (Lawrence),,Lawrence,Cold,,,Lawrence,Cold,,
2026-09-03,100,Shot (Lawrence),,Lawrence,Shot,,,Lawrence,Shot,,
2026-09-03,100,"Come On, Brother (Lawrence)",,Lawrence,"Come On, Brother",,,Lawrence,"Come On, Brother",,
2026-09-03,100,Wash Away (Lawrence),,Lawrence,Wash Away,,,Lawrence,Wash Away,,
2026-09-03,100,Misty Morning (Lawrence),,Lawrence,Misty Morning,,,Lawrence,Misty Morning,,
2026-09-03,100,Superficial (Lawrence),,Lawrence,Superficial,,,Lawrence,Superficial,,
2026-09-03,100,Oh No (Lawrence),,Lawrence,Oh No,,,Lawrence,Oh No,,
2026-09-03,100,More (Lawrence),,Lawrence,More,,,Lawrence,More,,
2026-09-03,100,Friend or Enemy (Lawrence),,Lawrence,Friend or Enemy,,,Lawrence,Friend or Enemy,,
2026-09-03,100,Whoever You Are (Lawrence),,Lawrence,Whoever You Are,,,Lawrence,Whoever You Are,,
2026-09-03,100,Make a Move (Lawrence),,Lawrence,Make a Move,,,Lawrence,Make a Move,,
2026-09-03,100,Try (Lawrence),,Lawrence,Try,,,Lawrence,Try,,
2026-09-03,100,The Heartburn Song (Lawrence),,Lawrence,The Heartburn Song,,,Lawrence,The Heartburn Song,,
2026-09-03,100,Almost Grown (Lawrence),,Lawrence,Almost Grown,,,Lawrence,Almost Grown,,
2026-09-03,100,Probably Up (Lawrence),,Lawrence,Probably Up,,,Lawrence,Probably Up,,
2026-09-03,100,Too Easy (Lawrence),,Lawrence,Too Easy,,,Lawrence,Too Easy,,
2026-09-03,100,Limbo (Lawrence),,Lawrence,Limbo,,,Lawrence,Limbo,,
2026-09-03,100,The Last Song (Lawrence),,Lawrence,The Last Song,,,Lawrence,The Last Song,,
2026-09-03,100,And Many More (Lawrence),,Lawrence,And Many More,,,Lawrence,And Many More,,
2026-09-03,100,Don't Lose Sight (Lawrence),,Lawrence,Don't Lose Sight,,,Lawrence,Don't Lose Sight,,
2026-09-03,100,Hotel TV (Lawrence),,Lawrence,Hotel TV,,,Lawrence,Hotel TV,,
2026-09-03,100,Jet Lag (Lawrence),,Lawrence,Jet Lag,,,Lawrence,Jet Lag,,
2026-09-03,100,Casualty (Lawrence),,Lawrence,Casualty,,,Lawrence,Casualty,,
2026-09-03,100,Freckles (Lawrence),,Lawrence,Freckles,,,Lawrence,Freckles,,
2026-09-03,100,Thoughts from the ER (Silver Lining) (Lawrence),,Lawrence,Thoughts from the ER (Silver Lining),,,Lawrence,Thoughts from the ER (Silver Lining),,
2026-09-03,100,It's Not All About You (Lawrence),,Lawrence,It's Not All About You,,,Lawrence,It's Not All About You,,
2026-09-03,100,Don't Move (Lawrence),,Lawrence,Don't Move,,,Lawrence,Don't Move,,
2026-09-03,100,The Weather (Lawrence),,Lawrence,The Weather,,,Lawrence,The Weather,,
2026-09-03,100,False Alarms (Lawrence),,Lawrence,False Alarms,,,Lawrence,False Alarms,,
2026-09-03,100,Figure It Out (A Song Between Siblings) (Lawrence),,Lawrence,Figure It Out (A Song Between Siblings),,,Lawrence,Figure It Out (A Song Between Siblings),,
2026-09-03,100,Whatcha Want (Lawrence),,Lawrence,Whatcha Want,,,Lawrence,Whatcha Want,,
2026-09-03,100,Guy I Used To Be (Lawrence),,Lawrence,Guy I Used To Be,,,Lawrence,Guy I Used To Be,,
2026-09-03,100,Do (Lawrence),,Lawrence,Do,,,Lawrence,Do,,
2026-09-03,100,Something In The Water (Lawrence),,Lawrence,Something In The Water,,,Lawrence,Something In The Water,,
2026-09-03,100,Hip Replacement (Lawrence),,Lawrence,Hip Replacement,,,Lawrence,Hip Replacement,,
2026-09-03,100,i'm confident that i'm insecure (Lawrence),,Lawrence,i'm confident that i'm insecure,,,Lawrence,i'm confident that i'm insecure,,
2026-09-03,100,Promotion (Lawrence),,Lawrence,Promotion,,,Lawrence,Promotion,,
2026-09-03,100,23 (Lawrence),,Lawrence,23,,,Lawrence,23,,
2026-09-03,100,Circle Back (Lawrence),,Lawrence,Circle Back,,,Lawrence,Circle Back,,
2026-09-03,100,Death of Me (Lawrence),,Lawrence,Death of Me,,,Lawrence,Death of Me,,
2026-09-03,100,Funeral (Lawrence),,Lawrence,Funeral,,,Lawrence,Funeral,,
2026-09-03,100,Family Business (Lawrence),,Lawrence,Family Business,,,Lawrence,Family Business,,
2026-09-03,100,Conflict Resolution (Lawrence),,Lawrence,Conflict Resolution,,,Lawrence,Conflict Resolution,,
2026-09-03,100,Ado – God-ish,,Ado,God-ish,,,Ado,God-ish,,
2026-09-03,100,Ado – I'm a Controversy,,Ado,I'm a Controversy,,,Ado,I'm a Controversy,,
2026-09-03,100,Ado – Ashura-chan,,Ado,Ashura-chan,,,Ado,Ashura-chan,,
2026-09-03,100,Ado – RuLe,,Ado,RuLe,,,Ado,RuLe,,
2026-09-03,85,Ado – Elf,,Ado,Elf,,,Ado,Elf,,
2026-09-03,85,Ado – KokoroToIuNaNoFukakai,,Ado,KokoroToIuNaNoFukakai,,,Ado,KokoroToIuNaNoFukakai,,
2026-09-03,85,Ado – Darling Dance,,Ado,Darling Dance,,,Ado,Darling Dance,,
2026-09-03,85,Ado – Domestic de Violence,,Ado,Domestic de Violence,,,Ado,Domestic de Violence,,
2026-09-03,85,Ado – Unravel,,Ado,Unravel,,,Ado,Unravel,,
2026-09-03,85,Ado – Readymade,,Ado,Readymade,,,Ado,Readymade,,
2026-09-03,85,Ado – Crime and Punishment,,Ado,Crime and Punishment,,,Ado,Crime and Punishment,,
2026-09-03,70,Ado – Fleeting Lullaby,,Ado,Fleeting Lullaby,,,Ado,Fleeting Lullaby,,
2026-09-03,70,Ado – Value,,Ado,Value,,,Ado,Value,,
2026-09-03,70,Ado – Shoka,,Ado,Shoka,,,Ado,Shoka,,
2026-09-03,30,Ado – 0,,Ado,0,,,Ado,0,,
2026-09-05,1,Magnolia (Playboi Carti),Low personal taste,Playboi Carti,Magnolia,,,Playboi Carti,Magnolia,,
2026-09-05,1,Sky (Playboi Carti),Low personal taste,Playboi Carti,Sky,,,Playboi Carti,Sky,,
2026-09-05,1,Shoota (feat. Lil Uzi Vert) (Playboi Carti),Low personal taste,Playboi Carti,Shoota (feat. Lil Uzi Vert),,,Playboi Carti,Shoota (feat. Lil Uzi Vert),,
2026-09-05,1,Location (Playboi Carti),Low personal taste,Playboi Carti,Location,,,Playboi Carti,Location,,
2026-09-05,1,wokeuplikethis* (feat. Lil Uzi Vert) (Playboi Carti),Low personal taste,Playboi Carti,wokeuplikethis* (feat. Lil Uzi Vert),,,Playboi Carti,wokeuplikethis* (feat. Lil Uzi Vert),,
2026-09-05,1,ILoveUIHateU (Playboi Carti),Low personal taste,Playboi Carti,ILoveUIHateU,,,Playboi Carti,ILoveUIHateU,,
2026-09-05,1,Fell In Luv (feat. Bryson Tiller) (Playboi Carti),Low personal taste,Playboi Carti,Fell In Luv (feat. Bryson Tiller),,,Playboi Carti,Fell In Luv (feat. Bryson Tiller),,
2026-09-05,1,R.I.P. (Playboi Carti),Low personal taste,Playboi Carti,R.I.P.,,,Playboi Carti,R.I.P.,,
2026-09-05,1,Long Time - Intro (Playboi Carti),Low personal taste,Playboi Carti,Long Time,,,Playboi Carti,Long Time,,
2026-09-05,1,Vamp Anthem (Playboi Carti),Low personal taste,Playboi Carti,Vamp Anthem,,,Playboi Carti,Vamp Anthem,,
2026-09-05,1,Foreign (Playboi Carti),Low personal taste,Playboi Carti,Foreign,,,Playboi Carti,Foreign,,
2026-09-05,1,EVIL J0RDAN (Playboi Carti),Low personal taste,Playboi Carti,EVIL J0RDAN,,,Playboi Carti,EVIL J0RDAN,,
2026-09-05,1,New Tank (Playboi Carti),Low personal taste,Playboi Carti,New Tank,,,Playboi Carti,New Tank,,
2026-09-05,1,Stop Breathing (Playboi Carti),Low personal taste,Playboi Carti,Stop Breathing,,,Playboi Carti,Stop Breathing,,
2026-09-05,1,FlatBed Freestyle (Playboi Carti),Low personal taste,Playboi Carti,FlatBed Freestyle,,,Playboi Carti,FlatBed Freestyle,,
2026-09-05,1,Flex (Playboi Carti),Low personal taste,Playboi Carti,Flex,,,Playboi Carti,Flex,,
2026-09-05,1,Rockstar Made (Playboi Carti),Low personal taste,Playboi Carti,Rockstar Made,,,Playboi Carti,Rockstar Made,,
2026-09-05,1,Love Hurts (feat. Travis Scott) (Playboi Carti),Low personal taste,Playboi Carti,Love Hurts (feat. Travis Scott),,,Playboi Carti,Love Hurts (feat. Travis Scott),,
2026-09-05,1,New Choppa (Playboi Carti),Low personal taste,Playboi Carti,New Choppa,,,Playboi Carti,New Choppa,,
2026-09-05,1,On That Time (Playboi Carti),Low personal taste,Playboi Carti,On That Time,,,Playboi Carti,On That Time,,
2026-09-05,1,Go Crazy (with Chris Brown) (Young Thug),Low personal taste,Young Thug,Go Crazy (with Chris Brown),,,Young Thug,Go Crazy (with Chris Brown),,
2026-09-05,1,The London (feat. J. Cole & Travis Scott) (Young Thug),Low personal taste,Young Thug,The London (feat. J. Cole & Travis Scott),,,Young Thug,The London (feat. J. Cole & Travis Scott),,
2026-09-05,1,pick up the phone (feat. Quavo) (Young Thug),Low personal taste,Young Thug,pick up the phone (feat. Quavo),,,Young Thug,pick up the phone (feat. Quavo),,
2026-09-05,1,Hot (Remix) [feat. Gunna and Travis Scott] (Young Thug),Low personal taste,Young Thug,Hot (Remix) [feat. Gunna and Travis Scott],,,Young Thug,Hot (Remix) [feat. Gunna and Travis Scott],,
2026-09-05,1,Relationship (feat. Future) (Young Thug),Low personal taste,Young Thug,Relationship (feat. Future),,,Young Thug,Relationship (feat. Future),,
2026-09-05,1,Bad Bad Bad (feat. Lil Baby) (Young Thug),Low personal taste,Young Thug,Bad Bad Bad (feat. Lil Baby),,,Young Thug,Bad Bad Bad (feat. Lil Baby),,
2026-09-05,1,Hot (feat. Gunna) (Young Thug),Low personal taste,Young Thug,Hot (feat. Gunna),,,Young Thug,Hot (feat. Gunna),,
2026-09-05,1,Digits (Young Thug),Low personal taste,Young Thug,Digits,,,Young Thug,Digits,,
2026-09-05,1,Wyclef Jean (Young Thug),Low personal taste,Young Thug,Wyclef Jean,,,Young Thug,Wyclef Jean,,
2026-09-05,1,Chanel (Go Get It) [feat. Gunna & Lil Baby] (Young Thug),Low personal taste,Young Thug,Chanel (Go Get It) [feat. Gunna & Lil Baby],,,Young Thug,Chanel (Go Get It) [feat. Gunna & Lil Baby],,
2026-09-05,1,Check (Young Thug),Low personal taste,Young Thug,Check,,,Young Thug,Check,,
2026-09-05,1,Best Friend (Young Thug),Low personal taste,Young Thug,Best Friend,,,Young Thug,Best Friend,,
2026-09-05,1,Oh U Went (feat. Drake) (Young Thug),Low personal taste,Young Thug,Oh U Went (feat. Drake),,,Young Thug,Oh U Went (feat. Drake),,
2026-09-05,1,Livin It Up (with Post Malone & A$AP Rocky) (Young Thug),Low personal taste,Young Thug,Livin It Up (with Post Malone & A$AP Rocky),,,Young Thug,Livin It Up (with Post Malone & A$AP Rocky),,
2026-09-05,1,Sin (feat. Jaden Smith) (Young Thug),Low personal taste,Young Thug,Sin (feat. Jaden Smith),,,Young Thug,Sin (feat. Jaden Smith),,
2026-09-05,1,With Them (Young Thug),Low personal taste,Young Thug,With Them,,,Young Thug,With Them,,
2026-09-05,1,Halftime (Young Thug),Low personal taste,Young Thug,Halftime,,,Young Thug,Halftime,,
2026-09-05,1,High (feat. Elton John) (Young Thug),Low personal taste,Young Thug,High (feat. Elton John),,,Young Thug,High (feat. Elton John),,
2026-09-05,1,Stoner (Young Thug),Low personal taste,Young Thug,Stoner,,,Young Thug,Stoner,,
2026-09-05,1,Killed Before (Young Thug),Low personal taste,Young Thug,Killed Before,,,Young Thug,Killed Before,,
2026-09-05,1,One Night (Lil Yachty),Low personal taste,Lil Yachty,One Night,,,Lil Yachty,One Night,,
2026-09-05,1,Yacht Club (feat. Juice WRLD) (Lil Yachty),Low personal taste,Lil Yachty,Yacht Club (feat. Juice WRLD),,,Lil Yachty,Yacht Club (feat. Juice WRLD),,
2026-09-05,1,NBAYOUNGBOAT (Lil Yachty),Low personal taste,Lil Yachty,NBAYOUNGBOAT,,,Lil Yachty,NBAYOUNGBOAT,,
2026-09-05,1,Flex Up (feat. Future & Playboi Carti) (Lil Yachty),Low personal taste,Lil Yachty,Flex Up (feat. Future & Playboi Carti),,,Lil Yachty,Flex Up (feat. Future & Playboi Carti),,
2026-09-05,1,Oprah's Bank Account (feat. DaBaby & Drake) (Lil Yachty),Low personal taste,Lil Yachty,Oprah's Bank Account (feat. DaBaby & Drake),,,Lil Yachty,Oprah's Bank Account (feat. DaBaby & Drake),,
2026-09-05,1,Coffin (Lil Yachty),Low personal taste,Lil Yachty,Coffin,,,Lil Yachty,Coffin,,
2026-09-05,1,Pardon Me (feat. Future & Mike WiLL Made-It) (Lil Yachty),Low personal taste,Lil Yachty,Pardon Me (feat. Future & Mike WiLL Made-It),,,Lil Yachty,Pardon Me (feat. Future & Mike WiLL Made-It),,
2026-09-05,1,66 (Lil Yachty),Low personal taste,Lil Yachty,66,,,Lil Yachty,66,,
2026-09-05,1,Poland (Lil Yachty),Low personal taste,Lil Yachty,Poland,,,Lil Yachty,Poland,,
2026-09-05,1,Get Dripped (feat. Playboi Carti) (Lil Yachty),Low personal taste,Lil Yachty,Get Dripped (feat. Playboi Carti),,,Lil Yachty,Get Dripped (feat. Playboi Carti),,
2026-09-05,1,A Cold Sunday (Lil Yachty),Low personal taste,Lil Yachty,A Cold Sunday,,,Lil Yachty,A Cold Sunday,,
2026-09-05,1,Strike (Holster) (Lil Yachty),Low personal taste,Lil Yachty,Strike (Holster),,,Lil Yachty,Strike (Holster),,
2026-09-05,1,Peek A Boo (Lil Yachty),Low personal taste,Lil Yachty,Peek A Boo,,,Lil Yachty,Peek A Boo,,
2026-09-05,1,Minnesota (Lil Yachty),Low personal taste,Lil Yachty,Minnesota,,,Lil Yachty,Minnesota,,
2026-09-05,1,"T.D (feat. Tierra Whack, A$AP Rocky & Tyler, The Creator) (Lil Yachty)",Low personal taste,Lil Yachty,"T.D (feat. Tierra Whack, A$AP Rocky & Tyler, The Creator)",,,Lil Yachty,"T.D (feat. Tierra Whack, A$AP Rocky & Tyler, The Creator)",,
2026-09-05,1,Hate Me (Lil Yachty),Low personal taste,Lil Yachty,Hate Me,,,Lil Yachty,Hate Me,,
2026-09-05,1,SOLO STEPPIN CRETE BOY (Lil Yachty),Low personal taste,Lil Yachty,SOLO STEPPIN CRETE BOY,,,Lil Yachty,SOLO STEPPIN CRETE BOY,,
2026-09-05,1,Split/Whole Time (Lil Yachty),Low personal taste,Lil Yachty,Split/Whole Time,,,Lil Yachty,Split/Whole Time,,
2026-09-05,1,MICKEY (Lil Yachty),Low personal taste,Lil Yachty,MICKEY,,,Lil Yachty,MICKEY,,
2026-09-05,1,Sorry Not Sorry (Lil Yachty),Low personal taste,Lil Yachty,Sorry Not Sorry,,,Lil Yachty,Sorry Not Sorry,,
2026-09-05,1,XO Tour Llif3 (Lil Uzi Vert),Low personal taste,Lil Uzi Vert,XO Tour Llif3,,,Lil Uzi Vert,XO Tour Llif3,,
2026-09-05,1,20 Min (Lil Uzi Vert),Low personal taste,Lil Uzi Vert,20 Min,,,Lil Uzi Vert,20 Min,,
2026-09-05,1,The Way Life Goes (feat. Oh Wonder) (Lil Uzi Vert),Low personal taste,Lil Uzi Vert,The Way Life Goes (feat. Oh Wonder),,,Lil Uzi Vert,The Way Life Goes (feat. Oh Wonder),,
2026-09-05,1,Just Wanna Rock (Lil Uzi Vert),Low personal taste,Lil Uzi Vert,Just Wanna Rock,,,Lil Uzi Vert,Just Wanna Rock,,
2026-09-05,1,Money Longer (Lil Uzi Vert),Low personal taste,Lil Uzi Vert,Money Longer,,,Lil Uzi Vert,Money Longer,,
2026-09-05,1,Erase Your Social (Lil Uzi Vert),Low personal taste,Lil Uzi Vert,Erase Your Social,,,Lil Uzi Vert,Erase Your Social,,
2026-09-05,1,Sanguine Paradise (Lil Uzi Vert),Low personal taste,Lil Uzi Vert,Sanguine Paradise,,,Lil Uzi Vert,Sanguine Paradise,,
2026-09-05,1,You Was Right (Lil Uzi Vert),Low personal taste,Lil Uzi Vert,You Was Right,,,Lil Uzi Vert,You Was Right,,
2026-09-05,1,Myron (Lil Uzi Vert),Low personal taste,Lil Uzi Vert,Myron,,,Lil Uzi Vert,Myron,,
2026-09-05,1,Sauce It Up (Lil Uzi Vert),Low personal taste,Lil Uzi Vert,Sauce It Up,,,Lil Uzi Vert,Sauce It Up,,
2026-09-05,1,Neon Guts (feat. Pharrell Williams) (Lil Uzi Vert),Low personal taste,Lil Uzi Vert,Neon Guts (feat. Pharrell Williams),,,Lil Uzi Vert,Neon Guts (feat. Pharrell Williams),,
2026-09-05,1,Futsal Shuffle 2020 (Lil Uzi Vert),Low personal taste,Lil Uzi Vert,Futsal Shuffle 2020,,,Lil Uzi Vert,Futsal Shuffle 2020,,
2026-09-05,1,P2 (Lil Uzi Vert),Low personal taste,Lil Uzi Vert,P2,,,Lil Uzi Vert,P2,,
2026-09-05,1,Homecoming (Lil Uzi Vert),Low personal taste,Lil Uzi Vert,Homecoming,,,Lil Uzi Vert,Homecoming,,
2026-09-05,1,That Way (Lil Uzi Vert),Low personal taste,Lil Uzi Vert,That Way,,,Lil Uzi Vert,That Way,,
2026-09-05,1,New Patek (Lil Uzi Vert),Low personal taste,Lil Uzi Vert,New Patek,,,Lil Uzi Vert,New Patek,,
2026-09-05,1,7AM (Lil Uzi Vert),Low personal taste,Lil Uzi Vert,7AM,,,Lil Uzi Vert,7AM,,
2026-09-05,1,Do What I Want (Lil Uzi Vert),Low personal taste,Lil Uzi Vert,Do What I Want,,,Lil Uzi Vert,Do What I Want,,
2026-09-05,1,Dark Queen (Lil Uzi Vert),Low personal taste,Lil Uzi Vert,Dark Queen,,,Lil Uzi Vert,Dark Queen,,
2026-09-05,1,Ps & Qs (Lil Uzi Vert),Low personal taste,Lil Uzi Vert,Ps & Qs,,,Lil Uzi Vert,Ps & Qs,,
2026-09-13,70,"夢中夢 (몽중몽; Dream in a Dream) (Ten, 2017)",,Ten,夢中夢 (몽중몽; Dream in a Dream),,,Ten,夢中夢 (몽중몽; Dream in a Dream),,
2026-09-13,70,"Free Somebody (Luna, 2016)",,Luna,Free Somebody,,,Luna,Free Somebody,,
2026-09-13,80,"Bambi (Baekhyun, 2021)",,Baekhyun,Bambi,,,Baekhyun,Bambi,,
2026-09-13,80,"都市女子 (Yubin, 2018)",,Yubin,都市女子,,,Yubin,都市女子,,
2026-09-13,70,"오늘 조금 취해서 그래 (Youha, 2021)",,Youha,오늘 조금 취해서 그래,,,Youha,오늘 조금 취해서 그래,,
2026-09-13,80,"소품집: 이야기 Op.2 (JONGHYUN, 2017)",,JONGHYUN,소품집: 이야기 Op.2,,,JONGHYUN,소품집: 이야기 Op.2,,
2026-09-13,70,"Color (KWON EUN BI, 2022)",,KWON EUN BI,Color,,,KWON EUN BI,Color,,
2026-09-13,70,"Lethality (KWON EUN BI, 2022)",,KWON EUN BI,Lethality,,,KWON EUN BI,Lethality,,
2026-09-13,70,"꿈에서 걸려온 전화 (Meaningful Stone, 2020)",,Meaningful Stone,꿈에서 걸려온 전화,,,Meaningful Stone,꿈에서 걸려온 전화,,
2026-09-13,60,"Now (Kim Jung Mi, 1973)",,Kim Jung Mi,Now,,,Kim Jung Mi,Now,,
2026-09-13,50,"사랑하기 때문에 (Yoo Jae-Ha, 1987)",,Yoo Jae-Ha,사랑하기 때문에,,,Yoo Jae-Ha,사랑하기 때문에,,
2026-09-13,80,"네온 (YUKIKA, 2019)",,YUKIKA,네온,,,YUKIKA,네온,,
2026-09-13,90,"향기 (YUKIKA, 2022)",,YUKIKA,향기,,,YUKIKA,향기,,
2026-09-13,70,"여자이고 싶은걸 (YUKIKA, 2021)",,YUKIKA,여자이고 싶은걸,,,YUKIKA,여자이고 싶은걸,,
2026-09-13,80,"Timeabout, (YUKIKA, 2021)",,YUKIKA,"Timeabout,",,,YUKIKA,"Timeabout,",,
2026-09-13,70,"TV를 켜요 (YUKIKA, 2020)",,YUKIKA,TV를 켜요,,,YUKIKA,TV를 켜요,,
2026-09-13,70,"이정현 II (Lee Jung Hyun, 2000)",,Lee Jung Hyun,이정현 II,,,Lee Jung Hyun,이정현 II,,
2026-09-13,80,"람팜팜 (Lee Jin-ah, 2022)",,Lee Jin-ah,람팜팜,,,Lee Jin-ah,람팜팜,,
2026-09-13,70,"Sequence : 7272 (CSR, 2022)",,CSR,Sequence : 7272,,,CSR,Sequence : 7272,,
2026-09-13,70,"무너지기 (Mid-Air Thief, 2018)",,Mid-Air Thief,무너지기,,,Mid-Air Thief,무너지기,,
2026-09-13,70,"Genie (Girls' Generation, 2010)",,Girls' Generation,Genie,,,Girls' Generation,Genie,,
2026-09-13,80,"回:Walpurgis Night (GFRIEND, 2020)",,GFRIEND,回:Walpurgis Night,,,GFRIEND,回:Walpurgis Night,,
2026-09-13,70,"Unnatural (WJSN, 2021)",,WJSN,Unnatural,,,WJSN,Unnatural,,
2026-09-13,70,"和 (cacophony, 2018)",,cacophony,和,,,cacophony,和,,
2026-09-13,70,"가장 보통의 존재 (Sister's Barbershop, 2008)",,Sister's Barbershop,가장 보통의 존재,,,Sister's Barbershop,가장 보통의 존재,,
2026-09-13,70,"핑크 무비 (Crystal Tea, 2020)",,Crystal Tea,핑크 무비,,,Crystal Tea,핑크 무비,,
2026-09-13,70,"슈퍼 그럼요 (WJSN Chocome, 2022)",,WJSN Chocome,슈퍼 그럼요,,,WJSN Chocome,슈퍼 그럼요,,
2026-09-13,70,"동요 / 할시온의 관 (Shadow Community, 2019)",,Shadow Community,동요 / 할시온의 관,,,Shadow Community,동요 / 할시온의 관,,
2026-09-13,70,"a.k.a YAYA (YAYA Kim, 2022)",,YAYA Kim,a.k.a YAYA,,,YAYA Kim,a.k.a YAYA,,
2026-09-13,70,"Shiny mu midiskirt ($quib, 2022)",,$quib,Shiny mu midiskirt,,,$quib,Shiny mu midiskirt,,
2026-09-13,40,"Hand Crushed by a Mallet (Remix) (100 gecs, 2020)",,100 gecs,Hand Crushed by a Mallet (Remix),,,100 gecs,Hand Crushed by a Mallet (Remix),,
2026-09-13,10,"Money Machine (100 gecs, 2019)",,100 gecs,Money Machine,,,100 gecs,Money Machine,,
2026-09-13,60,"Zimna Płyta (100nka, 2004)",,100nka,Zimna Płyta,,,100nka,Zimna Płyta,,
2026-09-13,70,"I'm Not in Love / Good News (10cc, 1975)",,10cc,I'm Not in Love / Good News,,,10cc,I'm Not in Love / Good News,,
2026-09-13,70,"Split Personalities (12 Rods, 1998)",,12 Rods,Split Personalities,,,12 Rods,Split Personalities,,
2026-09-13,70,"Love & Evil (LOONA 1/3, 2017)",,LOONA 1/3,Love & Evil,,,LOONA 1/3,Love & Evil,,
2026-09-13,50,"I Like It When You Sleep for You Are So Beautiful Yet So Unaware of It (The 1975, 2016)",,The 1975,I Like It When You Sleep for You Are So Beautiful Yet So Unaware of It,,,The 1975,I Like It When You Sleep for You Are So Beautiful Yet So Unaware of It,,
2026-09-13,70,"Mood (24kGoldn, 2020)",,24kGoldn,Mood,,,24kGoldn,Mood,,
2026-09-13,70,"I Love You (2NE1, 2012)",,2NE1,I Love You,,,2NE1,I Love You,,
2026-09-13,60,"Destroy the Map (36 Crazyfists, 2005)",,36 Crazyfists,Destroy the Map,,,36 Crazyfists,Destroy the Map,,
2026-09-13,70,"My First Kiss (3OH!3, 2010)",,3OH!3,My First Kiss,,,3OH!3,My First Kiss,,
2026-09-13,60,"Endúlzame / Corazón de acero (Los 3 Sudamericanos, 1972)",,Los 3 Sudamericanos,Endúlzame / Corazón de acero,,,Los 3 Sudamericanos,Endúlzame / Corazón de acero,,
2026-09-13,60,"Juanita Banana / Cumbia bendita (Los 3 Sudamericanos, 1966)",,Los 3 Sudamericanos,Juanita Banana / Cumbia bendita,,,Los 3 Sudamericanos,Juanita Banana / Cumbia bendita,,
2026-09-13,50,"Сломленность (4 Позиции Бруно и Демидовский Што?, 2012)",,4 Позиции Бруно и Демидовский Што?,Сломленность,,,4 Позиции Бруно и Демидовский Што?,Сломленность,,
2026-09-13,70,"O-o-h Child / Dear Prudence (The 5 Stairsteps, 1970)",,The 5 Stairsteps,O-o-h Child / Dear Prudence,,,The 5 Stairsteps,O-o-h Child / Dear Prudence,,
2026-09-13,10,"Bebe (6ix9ine, 2018)",,6ix9ine,Bebe,,,6ix9ine,Bebe,,
2026-09-13,10,"Punani (6ix9ine, 2020)",,6ix9ine,Punani,,,6ix9ine,Punani,,
2026-09-13,30,"Plague Town (8485, 2021)",,8485,Plague Town,,,8485,Plague Town,,
2026-09-13,70,"S.O.S. (A'Studio, 2001)",,A'Studio,S.O.S.,,,A'Studio,S.O.S.,,
2026-09-13,70,"I Never Dream (A.A.L., 2015)",,A.A.L.,I Never Dream,,,A.A.L.,I Never Dream,,
2026-09-13,70,"Are You That Somebody? (Aaliyah, 1998)",,Aaliyah,Are You That Somebody?,,,Aaliyah,Are You That Somebody?,,
2026-09-13,70,"More Than a Woman (Aaliyah, 2001)",,Aaliyah,More Than a Woman,,,Aaliyah,More Than a Woman,,
2026-09-13,70,Aardvark,,Aardvark,Aardvark,,,Aardvark,Aardvark,,
2026-09-13,50,"Soul of the East (Tsvia Abarbanel, 2012)",,Tsvia Abarbanel,Soul of the East,,,Tsvia Abarbanel,Soul of the East,,
2026-09-13,70,"Lay All Your Love on Me / On and On and On (ABBA, 1981)",,ABBA,Lay All Your Love on Me / On and On and On,,,ABBA,Lay All Your Love on Me / On and On and On,,
2026-09-13,60,"Waterloo (ABBA (Björn, Benny, Agnetha & Frida), 1974)",,"ABBA (Björn, Benny, Agnetha & Frida)",Waterloo,,,"ABBA (Björn, Benny, Agnetha & Frida)",Waterloo,,
2026-09-13,70,"Waterloo / Watch Out (ABBA (Björn, Benny, Agnetha & Frida), 1974)",,"ABBA (Björn, Benny, Agnetha & Frida)",Waterloo / Watch Out,,,"ABBA (Björn, Benny, Agnetha & Frida)",Waterloo / Watch Out,,
2026-09-13,80,"The Look of Love (ABC, 1982)",,ABC,The Look of Love,,,ABC,The Look of Love,,
2026-09-13,70,"Crybaby (ABRA, 2016)",,ABRA,Crybaby,,,ABRA,Crybaby,,
2026-09-13,70,"Pinocchio (The AccoLade, 2008)",,The AccoLade,Pinocchio,,,The AccoLade,Pinocchio,,
2026-09-13,10,"Blindside (Acetantina, 2021)",,Acetantina,Blindside,,,Acetantina,Blindside,,
2026-09-13,70,"Hello (Adele, 2015)",,Adele,Hello,,,Adele,Hello,,
2026-09-13,70,"Hometown Glory / Best for Last (Adele, 2007)",,Adele,Hometown Glory / Best for Last,,,Adele,Hometown Glory / Best for Last,,
2026-09-13,70,"Rumour Has It (Adele, 2011)",,Adele,Rumour Has It,,,Adele,Rumour Has It,,
2026-09-13,60,"Amoeba (Adolescents, 1990)",,Adolescents,Amoeba,,,Adolescents,Amoeba,,
2026-09-13,70,"Oolt Cloud (advantage Lucy, 2001)",,advantage Lucy,Oolt Cloud,,,advantage Lucy,Oolt Cloud,,
2026-09-13,90,"Dream On / Somebody (Aerosmith, 1973)",,Aerosmith,Dream On / Somebody,,,Aerosmith,Dream On / Somebody,,
2026-09-13,80,"None Shall Pass (Aesop Rock, 2007)",,Aesop Rock,None Shall Pass,,,Aesop Rock,None Shall Pass,,
2026-09-13,70,"Black Love (The Afghan Whigs, 1996)",,The Afghan Whigs,Black Love,,,The Afghan Whigs,Black Love,,
2026-09-13,70,"Fields / Hollow Hills (After This, 1986)",,After This,Fields / Hollow Hills,,,After This,Fields / Hollow Hills,,
2026-09-13,70,"Hurt (Christina Aguilera, 2006)",,Christina Aguilera,Hurt,,,Christina Aguilera,Hurt,,
2026-09-13,50,"Agujetas (El Agujetas, 1979)",,El Agujetas,Agujetas,,,El Agujetas,Agujetas,,
2026-09-13,60,Cantes Gitanos de Manuel Agujetas,,El Agujetas,Cantes Gitanos de Manuel Agujetas,,,El Agujetas,Cantes Gitanos de Manuel Agujetas,,
2026-09-13,70,"La femme d'argent (AIR, 1997)",,AIR,La femme d'argent,,,AIR,La femme d'argent,,
2026-09-13,80,"Playground Love (AIR, 2000)",,AIR,Playground Love,,,AIR,Playground Love,,
2026-09-13,70,"Winks & Kisses: Melted (Airiel, 2004)",,Airiel,Winks & Kisses: Melted,,,Airiel,Winks & Kisses: Melted,,
2026-09-13,20,"Bang! (AJR, 2020)",,AJR,Bang!,,,AJR,Bang!,,
2026-09-13,20,"I'm Ready (AJR, 2014)",,AJR,I'm Ready,,,AJR,I'm Ready,,
2026-09-13,20,"OK Orchestra (AJR, 2021)",,AJR,OK Orchestra,,,AJR,OK Orchestra,,
2026-09-13,60,"Ezenge / Elowe (Pierre Akendengué, 1978)",,Pierre Akendengué,Ezenge / Elowe,,,Pierre Akendengué,Ezenge / Elowe,,
2026-09-13,70,"İkimiz Bir Fidanız / Doğru Mu Doğru Mu (Kamuran Akkor, 1975)",,Kamuran Akkor,İkimiz Bir Fidanız / Doğru Mu Doğru Mu,,,Kamuran Akkor,İkimiz Bir Fidanız / Doğru Mu Doğru Mu,,
2026-09-13,80,"Woke Up This Morning (Alabama 3, 1997)",,Alabama 3,Woke Up This Morning,,,Alabama 3,Woke Up This Morning,,
2026-09-13,70,"Don't Wanna Fight (Alabama Shakes, 2015)",,Alabama Shakes,Don't Wanna Fight,,,Alabama Shakes,Don't Wanna Fight,,
2026-09-13,40,"Adiós amigo / Spain (Los Albas, 1972)",,Los Albas,Adiós amigo / Spain,,,Los Albas,Adiós amigo / Spain,,
2026-09-13,10,"Try That in a Small Town (Jason Aldean, 2023)",,Jason Aldean,Try That in a Small Town,,,Jason Aldean,Try That in a Small Town,,
2026-09-13,70,"Heroes (We Could Be) (Alesso, 2014)",,Alesso,Heroes (We Could Be),,,Alesso,Heroes (We Could Be),,
2026-09-13,70,"If I Lose Myself (Alesso Vs OneRepublic, 2013)",,Alesso Vs OneRepublic,If I Lose Myself,,,Alesso Vs OneRepublic,If I Lose Myself,,
2026-09-13,60,"Sweating (Alewya, 2020)",,Alewya,Sweating,,,Alewya,Sweating,,
2026-09-13,60,"Can the Sub_Bass Speak? (Algiers, 2019)",,Algiers,Can the Sub_Bass Speak?,,,Algiers,Can the Sub_Bass Speak?,,
2026-09-13,80,"Love Story (Nadia Ali, 2009)",,Nadia Ali,Love Story,,,Nadia Ali,Love Story,,
2026-09-13,70,"Rapture (Avicii New Generation Mix) (Nadia Ali, 2011)",,Nadia Ali,Rapture (Avicii New Generation Mix),,,Nadia Ali,Rapture (Avicii New Generation Mix),,
2026-09-13,80,"Lost in Paradise (ALI, 2020)",,ALI,Lost in Paradise,,,ALI,Lost in Paradise,,
2026-09-13,80,"Better Off Alone (Alice Deejay, 1998)",,Alice Deejay,Better Off Alone,,,Alice Deejay,Better Off Alone,,
2026-09-13,70,"Man in the Box (Alice in Chains, 1990)",,Alice in Chains,Man in the Box,,,Alice in Chains,Man in the Box,,
2026-09-13,70,"Would? (Alice in Chains, 1992)",,Alice in Chains,Would?,,,Alice in Chains,Would?,,
2026-09-13,60,"Pressure (The Remixes) (Nadia Ali, Starkillers & Alex Kenji, 2011)",,"Nadia Ali, Starkillers & Alex Kenji",Pressure (The Remixes),,,"Nadia Ali, Starkillers & Alex Kenji",Pressure (The Remixes),,
2026-09-13,70,"The Fear (Lily Allen, 2009)",,Lily Allen,The Fear,,,Lily Allen,The Fear,,
2026-09-13,80,"Black Eye (Allie X, 2023)",,Allie X,Black Eye,,,Allie X,Black Eye,,
2026-09-13,70,"I Need a Dollar / Take Me Back (Aloe Blacc, 2010)",,Aloe Blacc,I Need a Dollar / Take Me Back,,,Aloe Blacc,I Need a Dollar / Take Me Back,,
2026-09-13,70,"Forever Young (Alphaville, 1984)",,Alphaville,Forever Young,,,Alphaville,Forever Young,,
2026-09-13,70,"Silt (Alsarah and The Nubatones, 2014)",,Alsarah and The Nubatones,Silt,,,Alsarah and The Nubatones,Silt,,
2026-09-13,50,"""Informulé"" (Armande Altaï, 1981)",,Armande Altaï,"""Informulé""",,,Armande Altaï,"""Informulé""",,
2026-09-13,70,"You Know You Like It (AlunaGeorge, 2011)",,AlunaGeorge,You Know You Like It,,,AlunaGeorge,You Know You Like It,,
2026-09-13,80,"After the Earthquake (Alvvays, 2022)",,Alvvays,After the Earthquake,,,Alvvays,After the Earthquake,,
2026-09-13,70,"Dreams Tonite (Alvvays, 2017)",,Alvvays,Dreams Tonite,,,Alvvays,Dreams Tonite,,
2026-09-13,80,"Potential Breakup Song (Aly & AJ, 2007)",,Aly & AJ,Potential Breakup Song,,,Aly & AJ,Potential Breakup Song,,
2026-09-13,70,"1 Thing (Amerie, 2005)",,Amerie,1 Thing,,,Amerie,1 Thing,,
2026-09-13,70,"Où vont les histoires? (Thierry Amiel, 2009)",,Thierry Amiel,Où vont les histoires?,,,Thierry Amiel,Où vont les histoires?,,
2026-09-13,70,"Ease Your Mind (Los Amigos Invisibles, 2002)",,Los Amigos Invisibles,Ease Your Mind,,,Los Amigos Invisibles,Ease Your Mind,,
2026-09-13,70,"Another Life (Amnesia Scanner, 2018)",,Amnesia Scanner,Another Life,,,Amnesia Scanner,Another Life,,
2026-09-13,50,"AS Truth (Amnesia Scanner, 2016)",,Amnesia Scanner,AS Truth,,,Amnesia Scanner,AS Truth,,
2026-09-13,80,"Crucify / Here, in My Head (Tori Amos, 1992)",,Tori Amos,"Crucify / Here, in My Head",,,Tori Amos,"Crucify / Here, in My Head",,
2026-09-13,80,"Spark (Tori Amos, 1998)",,Tori Amos,Spark,,,Tori Amos,Spark,,
2026-09-13,100,"Winter (Tori Amos, 1992)",,Tori Amos,Winter,,,Tori Amos,Winter,,
2026-09-13,70,"Airbrushed (Anamanaguchi, 2010)",,Anamanaguchi,Airbrushed,,,Anamanaguchi,Airbrushed,,
2026-09-13,80,"Judgement (Anathema, 1999)",,Anathema,Judgement,,,Anathema,Judgement,,
2026-09-13,70,"Cities (Anberlin, 2007)",,Anberlin,Cities,,,Anberlin,Cities,,
2026-09-13,50,"Peanuts and Diamonds / Your Love Blows Me Away (Bill Anderson, 1976)",,Bill Anderson,Peanuts and Diamonds / Your Love Blows Me Away,,,Bill Anderson,Peanuts and Diamonds / Your Love Blows Me Away,,
2026-09-13,70,"Rose Garden / Nothing Between Us (Lynn Anderson, 1970)",,Lynn Anderson,Rose Garden / Nothing Between Us,,,Lynn Anderson,Rose Garden / Nothing Between Us,,
2026-09-13,70,"Relative Ways / Homage (...And You Will Know Us by the Trail of Dead, 2001)",,...And You Will Know Us by the Trail of Dead,Relative Ways / Homage,,,...And You Will Know Us by the Trail of Dead,Relative Ways / Homage,,
2026-09-13,70,"Injuries (Angles 9, 2014)",,Angles 9,Injuries,,,Angles 9,Injuries,,
2026-09-13,50,"Fireworks (Animal Collective, 2007)",,Animal Collective,Fireworks,,,Animal Collective,Fireworks,,
2026-09-13,50,"Peacebone / Safer (Animal Collective, 2007)",,Animal Collective,Peacebone / Safer,,,Animal Collective,Peacebone / Safer,,
2026-09-13,70,"What Would I Want? Sky (Animal Collective, 2009)",,Animal Collective,What Would I Want? Sky,,,Animal Collective,What Would I Want? Sky,,
2026-09-13,70,"The House of the Rising Sun / Don't Let Me Be Misunderstood (The Animals, 1982)",,The Animals,The House of the Rising Sun / Don't Let Me Be Misunderstood,,,The Animals,The House of the Rising Sun / Don't Let Me Be Misunderstood,,
2026-09-13,70,"The House of the Rising Sun / Talkin' 'Bout You (The Animals, 1964)",,The Animals,The House of the Rising Sun / Talkin' 'Bout You,,,The Animals,The House of the Rising Sun / Talkin' 'Bout You,,
2026-09-13,60,"Heartbeat (Annie, 2005)",,Annie,Heartbeat,,,Annie,Heartbeat,,
2026-09-13,60,Les élucubrations d'Antoine / Qu'est ce qui ne tourne pas rond chez moi,,Antoine,Les élucubrations d'Antoine / Qu'est ce qui ne tourne pas rond chez moi,,,Antoine,Les élucubrations d'Antoine / Qu'est ce qui ne tourne pas rond chez moi,,
2026-09-13,70,"Hope There's Someone (Antony and the Johnsons, 2005)",,Antony and the Johnsons,Hope There's Someone,,,Antony and the Johnsons,Hope There's Someone,,
2026-09-13,90,"짧은 치마 (AOA, 2014)",,AOA,짧은 치마,,,AOA,짧은 치마,,
2026-09-13,60,"Collapse EP (Aphex Twin, 2018)",,Aphex Twin,Collapse EP,,,Aphex Twin,Collapse EP,,
2026-09-13,70,"T69 Collapse (Aphex Twin, 2018)",,Aphex Twin,T69 Collapse,,,Aphex Twin,T69 Collapse,,
2026-09-13,60,"Windowlicker (Aphex Twin, 1999)",,Aphex Twin,Windowlicker,,,Aphex Twin,Windowlicker,,
2026-09-13,70,"ONE & SIX (Apink, 2018)",,Apink,ONE & SIX,,,Apink,ONE & SIX,,
2026-09-13,70,"Criminal (Fiona Apple, 1997)",,Fiona Apple,Criminal,,,Fiona Apple,Criminal,,
2026-09-13,70,"Every Single Night (Fiona Apple, 2012)",,Fiona Apple,Every Single Night,,,Fiona Apple,Every Single Night,,
2026-09-13,70,"Limp (Fiona Apple, 2000)",,Fiona Apple,Limp,,,Fiona Apple,Limp,,
2026-09-13,70,"Paper Bag (Fiona Apple, 2000)",,Fiona Apple,Paper Bag,,,Fiona Apple,Paper Bag,,
2026-09-13,70,"Shadowboxer (Fiona Apple, 1996)",,Fiona Apple,Shadowboxer,,,Fiona Apple,Shadowboxer,,
2026-09-13,70,"Werewolf (Fiona Apple, 2012)",,Fiona Apple,Werewolf,,,Fiona Apple,Werewolf,,
2026-09-13,30,"Barbie Girl (Aqua, 1997)",,Aqua,Barbie Girl,,,Aqua,Barbie Girl,,
2026-09-13,70,Aragon,,Aragon,Aragon,,,Aragon,Aragon,,
2026-09-13,70,"ひこうき雲 (Yumi Arai, 1973)",,Yumi Arai,ひこうき雲,,,Yumi Arai,ひこうき雲,,
2026-09-13,70,"Rock Over Japan (ARB, 1987)",,ARB,Rock Over Japan,,,ARB,Rock Over Japan,,
2026-09-13,50,"@@@@@ (Arca, 2020)",,Arca,@@@@@,,,Arca,@@@@@,,
2026-09-13,60,"Desafío (Arca, 2017)",,Arca,Desafío,,,Arca,Desafío,,
2026-09-13,20,"KLK (Arca, 2020)",,Arca,KLK,,,Arca,KLK,,
2026-09-13,70,"Prada / Rakata (Arca, 2021)",,Arca,Prada / Rakata,,,Arca,Prada / Rakata,,
2026-09-13,80,"Neighborhood #1 (Tunnels) / My Buddy (Arcade Fire, 2004)",,Arcade Fire,Neighborhood #1 (Tunnels) / My Buddy,,,Arcade Fire,Neighborhood #1 (Tunnels) / My Buddy,,
2026-09-13,70,"Rebellion (Lies) (Arcade Fire, 2005)",,Arcade Fire,Rebellion (Lies),,,Arcade Fire,Rebellion (Lies),,
2026-09-13,80,"There'd Better Be a Mirrorball (Arctic Monkeys, 2022)",,Arctic Monkeys,There'd Better Be a Mirrorball,,,Arctic Monkeys,There'd Better Be a Mirrorball,,
2026-09-13,80,"24 Préludes, Op. 28; Préludes Nr. 25, Op. 45; Nr. 26, Op. Posth. (Martha Argerich, 1977)",,Martha Argerich,"24 Préludes, Op. 28; Préludes Nr. 25, Op. 45; Nr. 26, Op. Posth.",,,Martha Argerich,"24 Préludes, Op. 28; Préludes Nr. 25, Op. 45; Nr. 26, Op. Posth.",,
2026-09-13,50,"Love and Affection / Help Yourself (Joan Armatrading, 1976)",,Joan Armatrading,Love and Affection / Help Yourself,,,Joan Armatrading,Love and Affection / Help Yourself,,
2026-09-13,50,"The Weakness in Me (Joan Armatrading, 1981)",,Joan Armatrading,The Weakness in Me,,,Joan Armatrading,The Weakness in Me,,
2026-09-13,80,"West End Blues / Fireworks (Louis Armstrong and His Hot Five, 1928)",,Louis Armstrong and His Hot Five,West End Blues / Fireworks,,,Louis Armstrong and His Hot Five,West End Blues / Fireworks,,
2026-09-13,20,"We Are the World (Artists for Haiti, 2010)",,Artists for Haiti,We Are the World,,,Artists for Haiti,We Are the World,,
2026-09-13,70,"Flower Rhythm (ARTMS, 2024)",,ARTMS,Flower Rhythm,,,ARTMS,Flower Rhythm,,
2026-09-13,70,"Fly With Me (Artsvik, 2017)",,Artsvik,Fly With Me,,,Artsvik,Fly With Me,,
2026-09-13,70,"Foolish (Ashanti, 2002)",,Ashanti,Foolish,,,Ashanti,Foolish,,
2026-09-13,30,"Patio (Asia Menor, 2022)",,Asia Menor,Patio,,,Asia Menor,Patio,,
2026-09-13,60,"Around the World (La La La La La) (ATC, 2000)",,ATC,Around the World (La La La La La),,,ATC,Around the World (La La La La La),,
2026-09-13,60,"Finger-Style Guitar (Chet Atkins, 1956)",,Chet Atkins,Finger-Style Guitar,,,Chet Atkins,Finger-Style Guitar,,
2026-09-13,60,"Invalid Litter Dept. (At the Drive-In, 2001)",,At the Drive-In,Invalid Litter Dept.,,,At the Drive-In,Invalid Litter Dept.,,
2026-09-13,60,"One Armed Scissor (At the Drive-In, 2000)",,At the Drive-In,One Armed Scissor,,,At the Drive-In,One Armed Scissor,,
2026-09-13,70,"Boston (Augustana, 2006)",,Augustana,Boston,,,Augustana,Boston,,
2026-09-13,70,"Stars and Boulevards (Augustana, 2005)",,Augustana,Stars and Boulevards,,,Augustana,Stars and Boulevards,,
2026-09-13,70,"Sweet and Low (Live at Sweetwater Studios) (Augustana, 2008)",,Augustana,Sweet and Low (Live at Sweetwater Studios),,,Augustana,Sweet and Low (Live at Sweetwater Studios),,
2026-09-13,70,"Exist for Love (AURORA, 2020)",,AURORA,Exist for Love,,,AURORA,Exist for Love,,
2026-09-13,80,"Heathens (AURORA, 2021)",,AURORA,Heathens,,,AURORA,Heathens,,
2026-09-13,70,"Oscillation: 93.32% (Avalyyn, 2021)",,Avalyyn,Oscillation: 93.32%,,,Avalyyn,Oscillation: 93.32%,,
2026-09-13,70,"Strange Flower (Aya, 2004)",,Aya,Strange Flower,,,Aya,Strange Flower,,
2026-09-13,80,"Into the Electric Castle: A Space Opera (Ayreon, 1998)",,Ayreon,Into the Electric Castle: A Space Opera,,,Ayreon,Into the Electric Castle: A Space Opera,,
2026-09-13,80,"The Human Equation (Ayreon, 2004)",,Ayreon,The Human Equation,,,Ayreon,The Human Equation,,
2026-09-13,70,"Katy on a Mission (Katy B, 2010)",,Katy B,Katy on a Mission,,,Katy B,Katy on a Mission,,
2026-09-13,40,"Lost Boy (Ruth B., 2015)",,Ruth B.,Lost Boy,,,Ruth B.,Lost Boy,,
2026-09-13,70,"Rock Lobster / 52 Girls (The B-52's, 1978)",,The B-52's,Rock Lobster / 52 Girls,,,The B-52's,Rock Lobster / 52 Girls,,
2026-09-13,70,"メギツネ (BABYMETAL, 2013)",,BABYMETAL,メギツネ,,,BABYMETAL,メギツネ,,
2026-09-13,10,"Flossin (The Back Pack Kid, 2017)",,The Back Pack Kid,Flossin,,,The Back Pack Kid,Flossin,,
2026-09-13,80,"I Want It That Way (Backstreet Boys, 1999)",,Backstreet Boys,I Want It That Way,,,Backstreet Boys,I Want It That Way,,
2026-09-13,20,"Black Magic (Backxwash, 2019)",,Backxwash,Black Magic,,,Backxwash,Black Magic,,
2026-09-13,10,"Spells (Backxwash, 2020)",,Backxwash,Spells,,,Backxwash,Spells,,
2026-09-13,70,"Signal From the Noise (BADBADNOTGOOD, 2021)",,BADBADNOTGOOD,Signal From the Noise,,,BADBADNOTGOOD,Signal From the Noise,,
2026-09-13,70,"Dákiti (Bad Bunny & Jhayco, 2020)",,Bad Bunny & Jhayco,Dákiti,,,Bad Bunny & Jhayco,Dákiti,,
2026-09-13,100,"Pirates of the Caribbean: The Curse of the Black Pearl (Klaus Badelt, 2003)",,Klaus Badelt,Pirates of the Caribbean: The Curse of the Black Pearl,,,Klaus Badelt,Pirates of the Caribbean: The Curse of the Black Pearl,,
2026-09-13,70,"Baby Blue / Flying (Badfinger, 1972)",,Badfinger,Baby Blue / Flying,,,Badfinger,Baby Blue / Flying,,
2026-09-13,60,"Fiebre (Bad Gyal, 2016)",,Bad Gyal,Fiebre,,,Bad Gyal,Fiebre,,
2026-09-13,70,"Didn't Cha Know (Erykah Badu, 2001)",,Erykah Badu,Didn't Cha Know,,,Erykah Badu,Didn't Cha Know,,
2026-09-13,70,"On & On (Erykah Badu, 1996)",,Erykah Badu,On & On,,,Erykah Badu,On & On,,
2026-09-13,80,"Every Letter I Sent You. (Yerin Baek, 2019)",,Yerin Baek,Every Letter I Sent You.,,,Yerin Baek,Every Letter I Sent You.,,
2026-09-13,70,"Shooting Stars (Bag Raiders, 2009)",,Bag Raiders,Shooting Stars,,,Bag Raiders,Shooting Stars,,
2026-09-13,80,"Lucro: Descomprimindo (BaianaSystem, 2016)",,BaianaSystem,Lucro: Descomprimindo,,,BaianaSystem,Lucro: Descomprimindo,,
2026-09-13,70,"Put Your Records On (Corinne Bailey Rae, 2006)",,Corinne Bailey Rae,Put Your Records On,,,Corinne Bailey Rae,Put Your Records On,,
2026-09-13,70,"Mar dulce (Bajofondo, 2007)",,Bajofondo,Mar dulce,,,Bajofondo,Mar dulce,,
2026-09-13,80,"Pa' bailar (Bajofondo, 2007)",,Bajofondo,Pa' bailar,,,Bajofondo,Pa' bailar,,
2026-09-13,10,"I'm a Stupid Hoe (Bart Baker, 2012)",,Bart Baker,I'm a Stupid Hoe,,,Bart Baker,I'm a Stupid Hoe,,
2026-09-13,70,"The Funeral (Band of Horses, 2007)",,Band of Horses,The Funeral,,,Band of Horses,The Funeral,,
2026-09-13,70,"Something Wrong (Bang Gang, 2003)",,Bang Gang,Something Wrong,,,Bang Gang,Something Wrong,,
2026-09-13,60,"Count Contessa (Azealia Banks, 2013)",,Azealia Banks,Count Contessa,,,Azealia Banks,Count Contessa,,
2026-09-13,50,Bul Bul Tarang (Mishra Kafi) / Bul Bul Tarang (Bhairavi) (Master Shankar Banpel),,Master Shankar Banpel,Bul Bul Tarang (Mishra Kafi) / Bul Bul Tarang (Bhairavi),,,Master Shankar Banpel,Bul Bul Tarang (Mishra Kafi) / Bul Bul Tarang (Bhairavi),,
2026-09-13,30,"///Codename: Dustsucker (Bark Psychosis, 2004)",,Bark Psychosis,///Codename: Dustsucker,,,Bark Psychosis,///Codename: Dustsucker,,
2026-09-13,40,"Vi drar till en bar (Battulga, 2016)",,Battulga,Vi drar till en bar,,,Battulga,Vi drar till en bar,,
2026-09-13,80,"Bela Lugosi's Dead / Boys (Bauhaus, 1979)",,Bauhaus,Bela Lugosi's Dead / Boys,,,Bauhaus,Bela Lugosi's Dead / Boys,,
2026-09-13,70,"Doctor Who / This Can't Be Love (The BBC Radiophonic Workshop / Brenda & Johnny, 1964)",,The BBC Radiophonic Workshop / Brenda & Johnny,Doctor Who / This Can't Be Love,,,The BBC Radiophonic Workshop / Brenda & Johnny,Doctor Who / This Can't Be Love,,
2026-09-13,80,"Lil' Freak (bbno$, 2024)",,bbno$,Lil' Freak,,,bbno$,Lil' Freak,,
2026-09-13,60,"Aztec / Girl With Flower (B-Complex, 2009)",,B-Complex,Aztec / Girl With Flower,,,B-Complex,Aztec / Girl With Flower,,
2026-09-13,60,"Beautiful Lies VIP / Little Oranges (B-Complex, 2010)",,B-Complex,Beautiful Lies VIP / Little Oranges,,,B-Complex,Beautiful Lies VIP / Little Oranges,,
2026-09-13,70,"Beatopia (beabadoobee, 2022)",,beabadoobee,Beatopia,,,beabadoobee,Beatopia,,
2026-09-13,50,"God Only Knows / Caroline, No (The Beach Boys, 1973)",,The Beach Boys,"God Only Knows / Caroline, No",,,The Beach Boys,"God Only Knows / Caroline, No",,
2026-09-13,60,"Good Vibrations / I Get Around (The Beach Boys, 1982)",,The Beach Boys,Good Vibrations / I Get Around,,,The Beach Boys,Good Vibrations / I Get Around,,
2026-09-13,40,"Good Vibrations / Let's Go Away for Awhile (The Beach Boys, 1966)",,The Beach Boys,Good Vibrations / Let's Go Away for Awhile,,,The Beach Boys,Good Vibrations / Let's Go Away for Awhile,,
2026-09-13,10,"Good Vibrations / Wouldn't It Be Nice (The Beach Boys, 1976)",,The Beach Boys,Good Vibrations / Wouldn't It Be Nice,,,The Beach Boys,Good Vibrations / Wouldn't It Be Nice,,
2026-09-13,10,"Summer of Love (The Beach Boys, 1995)",,The Beach Boys,Summer of Love,,,The Beach Boys,Summer of Love,,
2026-09-13,60,"Surf's Up / Don't Go Near the Water (The Beach Boys, 1971)",,The Beach Boys,Surf's Up / Don't Go Near the Water,,,The Beach Boys,Surf's Up / Don't Go Near the Water,,
2026-09-13,50,"Wouldn't It Be Nice / God Only Knows (The Beach Boys, 1966)",,The Beach Boys,Wouldn't It Be Nice / God Only Knows,,,The Beach Boys,Wouldn't It Be Nice / God Only Knows,,
2026-09-13,50,"Wouldn't It Be Nice / Sloop John B (The Beach Boys, 1973)",,The Beach Boys,Wouldn't It Be Nice / Sloop John B,,,The Beach Boys,Wouldn't It Be Nice / Sloop John B,,
2026-09-13,80,"Blame Game (Beach Bunny, 2021)",,Beach Bunny,Blame Game,,,Beach Bunny,Blame Game,,
2026-09-13,60,"Black Car (Beach House, 2018)",,Beach House,Black Car,,,Beach House,Black Car,,
2026-09-13,70,"Myth (Beach House, 2012)",,Beach House,Myth,,,Beach House,Myth,,
2026-09-13,70,"Space Song (Beach House, 2015)",,Beach House,Space Song,,,Beach House,Space Song,,
2026-09-13,70,"Berserker (Beast in Black, 2017)",,Beast in Black,Berserker,,,Beast in Black,Berserker,,
2026-09-13,80,"Helter Skelter (Beatles, 1976)",,Beatles,Helter Skelter,,,Beatles,Helter Skelter,,
2026-09-13,60,"All You Need Is Love / Baby You're a Rich Man (The Beatles, 1967)",,The Beatles,All You Need Is Love / Baby You're a Rich Man,,,The Beatles,All You Need Is Love / Baby You're a Rich Man,,
2026-09-13,60,"For No One (The Beatles, 1966)",,The Beatles,For No One,,,The Beatles,For No One,,
2026-09-13,70,"Golden Slumbers / Carry That Weight / Here Comes the Sun (The Beatles, 1979)",,The Beatles,Golden Slumbers / Carry That Weight / Here Comes the Sun,,,The Beatles,Golden Slumbers / Carry That Weight / Here Comes the Sun,,
2026-09-13,50,"Help! / Rubber Soul / Revolver (The Beatles, 1987)",,The Beatles,Help! / Rubber Soul / Revolver,,,The Beatles,Help! / Rubber Soul / Revolver,,
2026-09-13,50,"I'm Only Sleeping (The Beatles, 1966)",,The Beatles,I'm Only Sleeping,,,The Beatles,I'm Only Sleeping,,
2026-09-13,40,"Let It Be (The Beatles, 1972)",,The Beatles,Let It Be,,,The Beatles,Let It Be,,
2026-09-13,40,"Let It Be / You Know My Name (Look Up the Number) (The Beatles, 1970)",,The Beatles,Let It Be / You Know My Name (Look Up the Number),,,The Beatles,Let It Be / You Know My Name (Look Up the Number),,
2026-09-13,60,"Lovely Rita (The Beatles, 1967)",,The Beatles,Lovely Rita,,,The Beatles,Lovely Rita,,
2026-09-13,60,"Something / Come Together (The Beatles, 1969)",,The Beatles,Something / Come Together,,,The Beatles,Something / Come Together,,
2026-09-13,60,"Strawberry Fields Forever (The Beatles, 1967)",,The Beatles,Strawberry Fields Forever,,,The Beatles,Strawberry Fields Forever,,
2026-09-13,50,"Disco Calypso / St Thomas Mas (Beckett, 1977)",,Beckett,Disco Calypso / St Thomas Mas,,,Beckett,Disco Calypso / St Thomas Mas,,
2026-09-13,50,"Echo Park (Bedouine, 2019)",,Bedouine,Echo Park,,,Bedouine,Echo Park,,
2026-09-13,80,"Main Course (Bee Gees, 1975)",,Bee Gees,Main Course,,,Bee Gees,Main Course,,
2026-09-13,70,"Jump in the Line / Angelina (Harry Belafonte, 1961)",,Harry Belafonte,Jump in the Line / Angelina,,,Harry Belafonte,Jump in the Line / Angelina,,
2026-09-13,70,"I Am the Cosmos / You and Your Sister (Chris Bell, 1978)",,Chris Bell,I Am the Cosmos / You and Your Sister,,,Chris Bell,I Am the Cosmos / You and Your Sister,,
2026-09-13,60,"Like Dylan in the Movies (Belle and Sebastian, 1997)",,Belle and Sebastian,Like Dylan in the Movies,,,Belle and Sebastian,Like Dylan in the Movies,,
2026-09-13,60,"Armée Guinéenne / Net a Sec (Bembeya Jazz National, 1968)",,Bembeya Jazz National,Armée Guinéenne / Net a Sec,,,Bembeya Jazz National,Armée Guinéenne / Net a Sec,,
2026-09-13,70,"Oba, lá vem ela / O telefone tocou novamente (Jorge Ben, 1970)",,Jorge Ben,"Oba, lá vem ela / O telefone tocou novamente",,,Jorge Ben,"Oba, lá vem ela / O telefone tocou novamente",,
2026-09-13,80,"Mas, que nada! / Por causa de você, menina (Jorge Ben e Os Copa 5, 1963)",,Jorge Ben e Os Copa 5,"Mas, que nada! / Por causa de você, menina",,,Jorge Ben e Os Copa 5,"Mas, que nada! / Por causa de você, menina",,
2026-09-13,70,"I Get a Kick Out of You (Tony Bennett & Lady Gaga, 2021)",,Tony Bennett & Lady Gaga,I Get a Kick Out of You,,,Tony Bennett & Lady Gaga,I Get a Kick Out of You,,
2026-09-13,70,"Breezin' / Six to Four (George Benson, 1976)",,George Benson,Breezin' / Six to Four,,,George Benson,Breezin' / Six to Four,,
2026-09-13,80,"Give Me the Night / Dinorah, Dinorah (George Benson, 1980)",,George Benson,"Give Me the Night / Dinorah, Dinorah",,,George Benson,"Give Me the Night / Dinorah, Dinorah",,
2026-09-13,80,"Johnny B. Goode / Around and Around (Chuck Berry, 1958)",,Chuck Berry,Johnny B. Goode / Around and Around,,,Chuck Berry,Johnny B. Goode / Around and Around,,
2026-09-13,40,"時間 (betcover!!, 2021)",,betcover!!,時間,,,betcover!!,時間,,
2026-09-13,70,"Future Me Hates Me (The Beths, 2018)",,The Beths,Future Me Hates Me,,,The Beths,Future Me Hates Me,,
2026-09-13,80,"16 Carriages (Beyoncé, 2024)",,Beyoncé,16 Carriages,,,Beyoncé,16 Carriages,,
2026-09-13,70,"All Night (Beyoncé, 2016)",,Beyoncé,All Night,,,Beyoncé,All Night,,
2026-09-13,80,"Cuff It (Beyoncé, 2023)",,Beyoncé,Cuff It,,,Beyoncé,Cuff It,,
2026-09-13,60,"Halo (Beyoncé, 2009)",,Beyoncé,Halo,,,Beyoncé,Halo,,
2026-09-13,50,"Beauty and a Beat (Justin Bieber, 2012)",,Justin Bieber,Beauty and a Beat,,,Justin Bieber,Beauty and a Beat,,
2026-09-13,40,"Boyfriend (Justin Bieber, 2012)",,Justin Bieber,Boyfriend,,,Justin Bieber,Boyfriend,,
2026-09-13,10,"Never Say Never (Justin Bieber, 2010)",,Justin Bieber,Never Say Never,,,Justin Bieber,Never Say Never,,
2026-09-13,60,"What Do You Mean? (Justin Bieber, 2015)",,Justin Bieber,What Do You Mean?,,,Justin Bieber,What Do You Mean?,,
2026-09-13,70,"Atomizer (Big Black, 1986)",,Big Black,Atomizer,,,Big Black,Atomizer,,
2026-09-13,70,"Kerosene / Il Duce (Big Black, 1992)",,Big Black,Kerosene / Il Duce,,,Big Black,Kerosene / Il Duce,,
2026-09-13,50,"Thirteen / Watch the Sunrise (Big Star, 1972)",,Big Star,Thirteen / Watch the Sunrise,,,Big Star,Thirteen / Watch the Sunrise,,
2026-09-13,70,"Not (Big Thief, 2019)",,Big Thief,Not,,,Big Thief,Not,,
2026-09-13,60,"Simulation Swarm (Big Thief, 2022)",,Big Thief,Simulation Swarm,,,Big Thief,Simulation Swarm,,
2026-09-13,80,"The Billage of Perception: Chapter Three (Billlie, 2023)",,Billlie,The Billage of Perception: Chapter Three,,,Billlie,The Billage of Perception: Chapter Three,,
2026-09-13,60,"Unison (Binaural, 1998)",,Binaural,Unison,,,Binaural,Unison,,
2026-09-13,80,"Armchair Apocrypha (Andrew Bird, 2007)",,Andrew Bird,Armchair Apocrypha,,,Andrew Bird,Armchair Apocrypha,,
2026-09-13,60,"Krig og fest (Sys Bjerre, 2014)",,Sys Bjerre,Krig og fest,,,Sys Bjerre,Krig og fest,,
2026-09-13,60,"Bachelorette (Björk, 1997)",,Björk,Bachelorette,,,Björk,Bachelorette,,
2026-09-13,30,"Fossora (Björk, 2022)",,Björk,Fossora,,,Björk,Fossora,,
2026-09-13,70,"Hyper-Ballad (Björk, 1996)",,Björk,Hyper-Ballad,,,Björk,Hyper-Ballad,,
2026-09-13,70,"It's Oh So Quiet (Björk, 1995)",,Björk,It's Oh So Quiet,,,Björk,It's Oh So Quiet,,
2026-09-13,80,"Jóga (Björk, 1997)",,Björk,Jóga,,,Björk,Jóga,,
2026-09-13,70,"Oceania (Björk, 2004)",,Björk,Oceania,,,Björk,Oceania,,
2026-09-13,70,"Pagan Poetry (Björk, 2001)",,Björk,Pagan Poetry,,,Björk,Pagan Poetry,,
2026-09-13,70,"Stonemilker (Björk, 2015)",,Björk,Stonemilker,,,Björk,Stonemilker,,
2026-09-13,60,"Unison (Björk, 2001)",,Björk,Unison,,,Björk,Unison,,
2026-09-13,80,"Foolish (Rebecca Black, 2017)",,Rebecca Black,Foolish,,,Rebecca Black,Foolish,,
2026-09-13,10,"My Moment (Rebecca Black, 2011)",,Rebecca Black,My Moment,,,Rebecca Black,My Moment,,
2026-09-13,60,"Ants From Up There (Black Country, New Road, 2022)",,"Black Country, New Road",Ants From Up There,,,"Black Country, New Road",Ants From Up There,,
2026-09-13,70,"Concorde (Black Country, New Road, 2021)",,"Black Country, New Road",Concorde,,,"Black Country, New Road",Concorde,,
2026-09-13,60,"Snow Globes (Black Country, New Road, 2022)",,"Black Country, New Road",Snow Globes,,,"Black Country, New Road",Snow Globes,,
2026-09-13,70,"Sunglasses (Black Country, New Road, 2019)",,"Black Country, New Road",Sunglasses,,,"Black Country, New Road",Sunglasses,,
2026-09-13,20,"#WheresTheLove (Black Eyed Peas, 2016)",,Black Eyed Peas,#WheresTheLove,,,Black Eyed Peas,#WheresTheLove,,
2026-09-13,70,"Sugar / Tzu (black midi, 2022)",,black midi,Sugar / Tzu,,,black midi,Sugar / Tzu,,
2026-09-13,70,"Talking Heads (black midi, 2019)",,black midi,Talking Heads,,,black midi,Talking Heads,,
2026-09-13,70,"Man on the Silver Mountain / Snake Charmer (Ritchie Blackmore's Rainbow, 1975)",,Ritchie Blackmore's Rainbow,Man on the Silver Mountain / Snake Charmer,,,Ritchie Blackmore's Rainbow,Man on the Silver Mountain / Snake Charmer,,
2026-09-13,70,"마지막처럼 (BLACKPINK, 2017)",,BLACKPINK,마지막처럼,,,BLACKPINK,마지막처럼,,
2026-09-13,80,"Paranoid (Black Sabbath, 1970)",,Black Sabbath,Paranoid,,,Black Sabbath,Paranoid,,
2026-09-13,70,"Paranoid / The Wizard (Black Sabbath, 1970)",,Black Sabbath,Paranoid / The Wizard,,,Black Sabbath,Paranoid / The Wizard,,
2026-09-13,80,"No Diggity (Blackstreet, 1996)",,Blackstreet,No Diggity,,,Blackstreet,No Diggity,,
2026-09-13,40,"Girls Just Want to Have Fun (Bladee, 2020)",,Bladee,Girls Just Want to Have Fun,,,Bladee,Girls Just Want to Have Fun,,
2026-09-13,70,"Graffiti (Roy Blair, 2019)",,Roy Blair,Graffiti,,,Roy Blair,Graffiti,,
2026-09-13,70,"City Lights (Blanche, 2017)",,Blanche,City Lights,,,Blanche,City Lights,,
2026-09-13,70,"Teen Pregnancy (Blank Banshee, 2012)",,Blank Banshee,Teen Pregnancy,,,Blank Banshee,Teen Pregnancy,,
2026-09-13,80,"Flying Colours (The Blanko, 2011)",,The Blanko,Flying Colours,,,The Blanko,Flying Colours,,
2026-09-13,80,"Getting Me Down (Blawan, 2011)",,Blawan,Getting Me Down,,,Blawan,Getting Me Down,,
2026-09-13,70,"Heart of Glass / Rifle Range (Blondie, 1979)",,Blondie,Heart of Glass / Rifle Range,,,Blondie,Heart of Glass / Rifle Range,,
2026-09-13,70,"One Way or Another / Dreaming (Blondie, 1990)",,Blondie,One Way or Another / Dreaming,,,Blondie,One Way or Another / Dreaming,,
2026-09-13,10,"You Done Goofed (Blood on the Dance Floor, 2010)",,Blood on the Dance Floor,You Done Goofed,,,Blood on the Dance Floor,You Done Goofed,,
2026-09-13,70,"Charcoal Baby (Blood Orange, 2018)",,Blood Orange,Charcoal Baby,,,Blood Orange,Charcoal Baby,,
2026-09-13,10,"Machi Bhasad (Bloodywood, 2019)",,Bloodywood,Machi Bhasad,,,Bloodywood,Machi Bhasad,,
2026-09-13,50,"Across the Sea My Dreams are Born in Silence (Bloodz Boi, 2020)",,Bloodz Boi,Across the Sea My Dreams are Born in Silence,,,Bloodz Boi,Across the Sea My Dreams are Born in Silence,,
2026-09-13,60,"我都会给你 Anything U Want (Bloodz Boi, 2019)",,Bloodz Boi,我都会给你 Anything U Want,,,Bloodz Boi,我都会给你 Anything U Want,,
2026-09-13,20,"Restless Faithful Desperate (Kath Bloom / Loren Mazzacane, 1983)",,Kath Bloom / Loren Mazzacane,Restless Faithful Desperate,,,Kath Bloom / Loren Mazzacane,Restless Faithful Desperate,,
2026-09-13,70,"Vertigo (BLOW, 2018)",,BLOW,Vertigo,,,BLOW,Vertigo,,
2026-09-13,70,"The Downtown Lights / The Wires Are Down / Halfway to Paradise (The Blue Nile, 1989)",,The Blue Nile,The Downtown Lights / The Wires Are Down / Halfway to Paradise,,,The Blue Nile,The Downtown Lights / The Wires Are Down / Halfway to Paradise,,
2026-09-13,70,"Hook / Love & Greed (Blues Traveler, 1995)",,Blues Traveler,Hook / Love & Greed,,,Blues Traveler,Hook / Love & Greed,,
2026-09-13,70,"Beetlebum (Blur, 1997)",,Blur,Beetlebum,,,Blur,Beetlebum,,
2026-09-13,70,"Coffee + TV (Blur, 1999)",,Blur,Coffee + TV,,,Blur,Coffee + TV,,
2026-09-13,70,"Girls & Boys (Blur, 1994)",,Blur,Girls & Boys,,,Blur,Girls & Boys,,
2026-09-13,70,"Duvet (Bôa, 1998)",,Bôa,Duvet,,,Bôa,Duvet,,
2026-09-13,60,"The Race of a Thousand Camels (Bôa, 1998)",,Bôa,The Race of a Thousand Camels,,,Bôa,The Race of a Thousand Camels,,
2026-09-13,60,"Telephasic Workshop / Roygbiv (Boards of Canada, 1998)",,Boards of Canada,Telephasic Workshop / Roygbiv,,,Boards of Canada,Telephasic Workshop / Roygbiv,,
2026-09-13,20,"Can We Fix It? (Bob the Builder, 2000)",,Bob the Builder,Can We Fix It?,,,Bob the Builder,Can We Fix It?,,
2026-09-13,70,"Azamane Tiliade / Si Chilan (Bombino, 2013)",,Bombino,Azamane Tiliade / Si Chilan,,,Bombino,Azamane Tiliade / Si Chilan,,
2026-09-13,80,"Live From the Royal Albert Hall (Joe Bonamassa, 2010)",,Joe Bonamassa,Live From the Royal Albert Hall,,,Joe Bonamassa,Live From the Royal Albert Hall,,
2026-09-13,70,"Fuego (Bond, 2002)",,Bond,Fuego,,,Bond,Fuego,,
2026-09-13,90,"Rasputin / Painter Man (Boney M., 1978)",,Boney M.,Rasputin / Painter Man,,,Boney M.,Rasputin / Painter Man,,
2026-09-13,70,"Livin' on a Prayer / Wild in the Streets (Bon Jovi, 1986)",,Bon Jovi,Livin' on a Prayer / Wild in the Streets,,,Bon Jovi,Livin' on a Prayer / Wild in the Streets,,
2026-09-13,70,"Japanese Heavy Rock Hits v2 (Boris, 2009)",,Boris,Japanese Heavy Rock Hits v2,,,Boris,Japanese Heavy Rock Hits v2,,
2026-09-13,80,"More Than a Feeling / Smokin' (Boston, 1976)",,Boston,More Than a Feeling / Smokin',,,Boston,More Than a Feeling / Smokin',,
2026-09-13,70,"Very Best (Goldie Boutilier, 2018)",,Goldie Boutilier,Very Best,,,Goldie Boutilier,Very Best,,
2026-09-13,50,"""Heroes"" / V-2 Schneider (David Bowie, 1977)",,David Bowie,"""Heroes"" / V-2 Schneider",,,David Bowie,"""Heroes"" / V-2 Schneider",,
2026-09-13,70,"Ashes to Ashes / Move On (David Bowie, 1980)",,David Bowie,Ashes to Ashes / Move On,,,David Bowie,Ashes to Ashes / Move On,,
2026-09-13,60,"Blackstar (David Bowie, 2015)",,David Bowie,Blackstar,,,David Bowie,Blackstar,,
2026-09-13,70,"Heroes - Helden / Heroes - Héros (David Bowie, 1982)",,David Bowie,Heroes - Helden / Heroes - Héros,,,David Bowie,Heroes - Helden / Heroes - Héros,,
2026-09-13,70,"Life on Mars? / The Man Who Sold the World (David Bowie, 1973)",,David Bowie,Life on Mars? / The Man Who Sold the World,,,David Bowie,Life on Mars? / The Man Who Sold the World,,
2026-09-13,70,"Sound and Vision / A New Career in a New Town (David Bowie, 1977)",,David Bowie,Sound and Vision / A New Career in a New Town,,,David Bowie,Sound and Vision / A New Career in a New Town,,
2026-09-13,60,"Starman / Suffragette City (David Bowie, 1972)",,David Bowie,Starman / Suffragette City,,,David Bowie,Starman / Suffragette City,,
2026-09-13,10,"Don't Stay in School (Boyinaband, 2015)",,Boyinaband,Don't Stay in School,,,Boyinaband,Don't Stay in School,,
2026-09-13,70,"Don't Try This at Home (Billy Bragg, 1991)",,Billy Bragg,Don't Try This at Home,,,Billy Bragg,Don't Try This at Home,,
2026-09-13,70,"Jesus (Brand New, 2007)",,Brand New,Jesus,,,Brand New,Jesus,,
2026-09-13,70,"Full Moon (Brandy, 2002)",,Brandy,Full Moon,,,Brandy,Full Moon,,
2026-09-13,70,"The Boy Is Mine (Brandy & Monica, 1998)",,Brandy & Monica,The Boy Is Mine,,,Brandy & Monica,The Boy Is Mine,,
2026-09-13,60,"N° 4 [Je me suis fait tout petit] (Georges Brassens, 1956)",,Georges Brassens,N° 4 [Je me suis fait tout petit],,,Georges Brassens,N° 4 [Je me suis fait tout petit],,
2026-09-13,70,"We Ride (Brave Girls, 2020)",,Brave Girls,We Ride,,,Brave Girls,We Ride,,
2026-09-13,60,"Coming Home (Leon Bridges, 2015)",,Leon Bridges,Coming Home,,,Leon Bridges,Coming Home,,
2026-09-13,70,"First Day of My Life / When the President Talks to God (Bright Eyes, 2005)",,Bright Eyes,First Day of My Life / When the President Talks to God,,,Bright Eyes,First Day of My Life / When the President Talks to God,,
2026-09-13,70,"If Beale Street Could Talk (Nicholas Britell, 2018)",,Nicholas Britell,If Beale Street Could Talk,,,Nicholas Britell,If Beale Street Could Talk,,
2026-09-13,60,"Disco Elysium (British Sea Power, 2019)",,British Sea Power,Disco Elysium,,,British Sea Power,Disco Elysium,,
2026-09-13,70,"Come On Let's Go (Broadcast, 2000)",,Broadcast,Come On Let's Go,,,Broadcast,Come On Let's Go,,
2026-09-13,20,"Boogie (BROCKHAMPTON, 2017)",,BROCKHAMPTON,Boogie,,,BROCKHAMPTON,Boogie,,
2026-09-13,70,"Smalltown Boy / Memories (Bronski Beat, 1984)",,Bronski Beat,Smalltown Boy / Memories,,,Bronski Beat,Smalltown Boy / Memories,,
2026-09-13,10,"Ain't It Funny / Worth It (Danny Brown, 2017)",,Danny Brown,Ain't It Funny / Worth It,,,Danny Brown,Ain't It Funny / Worth It,,
2026-09-13,70,"Get Up I Feel Like Being a Sex Machine (Parts 1 & 2) (James Brown, 1970)",,James Brown,Get Up I Feel Like Being a Sex Machine (Parts 1 & 2),,,James Brown,Get Up I Feel Like Being a Sex Machine (Parts 1 & 2),,
2026-09-13,70,"Somebody Else's Guy (Jocelyn Brown, 1984)",,Jocelyn Brown,Somebody Else's Guy,,,Jocelyn Brown,Somebody Else's Guy,,
2026-09-13,60,"Take Five / Blue Rondo a la Turk (Dave Brubeck Quartet, 1959)",,Dave Brubeck Quartet,Take Five / Blue Rondo a la Turk,,,Dave Brubeck Quartet,Take Five / Blue Rondo a la Turk,,
2026-09-13,50,"Permission to Dance (BTS, 2021)",,BTS,Permission to Dance,,,BTS,Permission to Dance,,
2026-09-13,70,"Run (BTS, 2016)",,BTS,Run,,,BTS,Run,,
2026-09-13,70,"Construção / Cotidiano (Chico Buarque, 1972)",,Chico Buarque,Construção / Cotidiano,,,Chico Buarque,Construção / Cotidiano,,
2026-09-13,70,"Trouble / Mary Lee Jones (Lindsey Buckingham, 1981)",,Lindsey Buckingham,Trouble / Mary Lee Jones,,,Lindsey Buckingham,Trouble / Mary Lee Jones,,
2026-09-13,70,"Grace (Jeff Buckley, 1994)",,Jeff Buckley,Grace,,,Jeff Buckley,Grace,,
2026-09-13,50,"Got's Like Come On Thru (Buddha Monk, 1998)",,Buddha Monk,Got's Like Come On Thru,,,Buddha Monk,Got's Like Come On Thru,,
2026-09-13,70,"Never Turn Your Back on a Friend (Budgie, 1973)",,Budgie,Never Turn Your Back on a Friend,,,Budgie,Never Turn Your Back on a Friend,,
2026-09-13,60,"Chan Chan (Buena Vista Social Club, 1997)",,Buena Vista Social Club,Chan Chan,,,Buena Vista Social Club,Chan Chan,,
2026-09-13,40,"Skeng (The Bug, 2007)",,The Bug,Skeng,,,The Bug,Skeng,,
2026-09-13,70,"Carry the Zero (Built to Spill, 1999)",,Built to Spill,Carry the Zero,,,Built to Spill,Carry the Zero,,
2026-09-13,70,"Untrustable / Part 2 (About Someone Else) (Built to Spill, 1996)",,Built to Spill,Untrustable / Part 2 (About Someone Else),,,Built to Spill,Untrustable / Part 2 (About Someone Else),,
2026-09-13,70,"Archangel (Burial, 2007)",,Burial,Archangel,,,Burial,Archangel,,
2026-09-13,70,"Ghost Hardware (Burial, 2007)",,Burial,Ghost Hardware,,,Burial,Ghost Hardware,,
2026-09-13,60,"Filosofem (Burzum, 1996)",,Burzum,Filosofem,,,Burzum,Filosofem,,
2026-09-13,70,"Cloudbusting / Burning Bridge (Kate Bush, 1985)",,Kate Bush,Cloudbusting / Burning Bridge,,,Kate Bush,Cloudbusting / Burning Bridge,,
2026-09-13,70,"The Kick Inside (Kate Bush, 1978)",,Kate Bush,The Kick Inside,,,Kate Bush,The Kick Inside,,
2026-09-13,80,"Gimme Some More (Busta Rhymes, 1998)",,Busta Rhymes,Gimme Some More,,,Busta Rhymes,Gimme Some More,,
2026-09-13,70,"Ever Fallen in Love (With Someone You Shouldn't've?) / Just Lust (Buzzcocks, 1978)",,Buzzcocks,Ever Fallen in Love (With Someone You Shouldn't've?) / Just Lust,,,Buzzcocks,Ever Fallen in Love (With Someone You Shouldn't've?) / Just Lust,,
2026-09-13,60,"Chestnut Mare (The Byrds, 2004)",,The Byrds,Chestnut Mare,,,The Byrds,Chestnut Mare,,
2026-09-13,50,"Turn! Turn! Turn! (To Everything There Is a Season) / You Ain't Goin' Nowhere (The Byrds, 1976)",,The Byrds,Turn! Turn! Turn! (To Everything There Is a Season) / You Ain't Goin' Nowhere,,,The Byrds,Turn! Turn! Turn! (To Everything There Is a Season) / You Ain't Goin' Nowhere,,
2026-09-13,70,"Time (Snoh Aalegra, 2017)",,Snoh Aalegra,Time,,,Snoh Aalegra,Time,,
2026-09-13,80,"新時代 (Ado, 2022)",,Ado,新時代,,,Ado,新時代,,
2026-09-13,90,"踊 (Ado, 2021)",,Ado,踊,,,Ado,踊,,
2026-09-13,70,"Summer Moved On (a-ha, 2000)",,a-ha,Summer Moved On,,,a-ha,Summer Moved On,,
2026-09-13,50,"Monster (B'z, 2006)",,B'z,Monster,,,B'z,Monster,,
2026-09-13,90,Hey Jude [The Beatles Again],,The Beatles,Hey Jude [The Beatles Again],,,The Beatles,Hey Jude [The Beatles Again],,
2026-09-13,70,"Ride on Time / Ghost Box (Black Box, 1991)",,Black Box,Ride on Time / Ghost Box,,,Black Box,Ride on Time / Ghost Box,,
2026-09-13,70,"(Don't Fear) The Reaper / Tattoo Vampire (Blue Öyster Cult, 1976)",,Blue Öyster Cult,(Don't Fear) The Reaper / Tattoo Vampire,,,Blue Öyster Cult,(Don't Fear) The Reaper / Tattoo Vampire,,
2026-09-13,70,"Better (BoA, 2020)",,BoA,Better,,,BoA,Better,,
2026-09-13,70,"Time to Say Goodbye (Con te partirò) (Sarah Brightman & Andrea Bocelli, 1996)",,Sarah Brightman & Andrea Bocelli,Time to Say Goodbye (Con te partirò),,,Sarah Brightman & Andrea Bocelli,Time to Say Goodbye (Con te partirò),,
2026-09-13,70,"Cause = Time (Broken Social Scene, 2003)",,Broken Social Scene,Cause = Time,,,Broken Social Scene,Cause = Time,,
2026-09-13,70,Minecraft: Volume Beta (C418),,C418,Minecraft: Volume Beta,,,C418,Minecraft: Volume Beta,,
2026-09-13,60,Havana (Camila Cabello),,Camila Cabello,Havana,,,Camila Cabello,Havana,,
2026-09-13,80,Get You / Japanese Denim (Daniel Caesar),,Daniel Caesar,Get You / Japanese Denim,,,Daniel Caesar,Get You / Japanese Denim,,
2026-09-13,70,Japanese Denim (Daniel Caesar),,Daniel Caesar,Japanese Denim,,,Daniel Caesar,Japanese Denim,,
2026-09-13,70,Revés / Yosoy (Café Tacvba),,Café Tacvba,Revés / Yosoy,,,Café Tacvba,Revés / Yosoy,,
2026-09-13,10,"4'33"" (Cage Against the Machine)",,Cage Against the Machine,"4'33""",,,Cage Against the Machine,"4'33""",,
2026-09-13,60,Melophobia (Cage the Elephant),,Cage the Elephant,Melophobia,,,Cage the Elephant,Melophobia,,
2026-09-13,70,American Teenager (Ethel Cain),,Ethel Cain,American Teenager,,,Ethel Cain,American Teenager,,
2026-09-13,70,What You Won't Do for Love / Love Won't Wait (Bobby Caldwell),,Bobby Caldwell,What You Won't Do for Love / Love Won't Wait,,,Bobby Caldwell,What You Won't Do for Love / Love Won't Wait,,
2026-09-13,70,Fear (John Cale),,John Cale,Fear,,,John Cale,Fear,,
2026-09-13,70,Big Enough (Kirin J Callinan),,Kirin J Callinan,Big Enough,,,Kirin J Callinan,Big Enough,,
2026-09-13,70,"Lloyd, I'm Ready to Be Heartbroken (Camera Obscura)",,Camera Obscura,"Lloyd, I'm Ready to Be Heartbroken",,,Camera Obscura,"Lloyd, I'm Ready to Be Heartbroken",,
2026-09-13,60,My Maudlin Career (Camera Obscura),,Camera Obscura,My Maudlin Career,,,Camera Obscura,My Maudlin Career,,
2026-09-13,50,Wichita Lineman / Fate of Man (Glen Campbell),,Glen Campbell,Wichita Lineman / Fate of Man,,,Glen Campbell,Wichita Lineman / Fate of Man,,
2026-09-13,70,Spoon / Shikaku Maru Ten / Vitamin C / I'm So Green (Can),,Can,Spoon / Shikaku Maru Ten / Vitamin C / I'm So Green,,,Can,Spoon / Shikaku Maru Ten / Vitamin C / I'm So Green,,
2026-09-13,70,Vitamin C / I'm So Green (Can),,Can,Vitamin C / I'm So Green,,,Can,Vitamin C / I'm So Green,,
2026-09-13,60,Someone You Loved (Lewis Capaldi),,Lewis Capaldi,Someone You Loved,,,Lewis Capaldi,Someone You Loved,,
2026-09-13,60,Clear Spot (Captain Beefheart and The Magic Band),,Captain Beefheart and The Magic Band,Clear Spot,,,Captain Beefheart and The Magic Band,Clear Spot,,
2026-09-13,80,Caramelldansen (Caramella Girls),,Caramella Girls,Caramelldansen,,,Caramella Girls,Caramelldansen,,
2026-09-13,80,Caravan Palace,,Caravan Palace,Caravan Palace,,,Caravan Palace,Caravan Palace,,
2026-09-13,80,Panic (Caravan Palace),,Caravan Palace,Panic,,,Caravan Palace,Panic,,
2026-09-13,70,Gran Turismo (The Cardigans),,The Cardigans,Gran Turismo,,,The Cardigans,Gran Turismo,,
2026-09-13,70,Always Be My Baby (Mariah Carey),,Mariah Carey,Always Be My Baby,,,Mariah Carey,Always Be My Baby,,
2026-09-13,70,Fantasy (Mariah Carey),,Mariah Carey,Fantasy,,,Mariah Carey,Fantasy,,
2026-09-13,80,Clockwork Orange (Wendy Carlos),,Wendy Carlos,Clockwork Orange,,,Wendy Carlos,Clockwork Orange,,
2026-09-13,70,A Thousand Miles (Vanessa Carlton),,Vanessa Carlton,A Thousand Miles,,,Vanessa Carlton,A Thousand Miles,,
2026-09-13,10,Learn How to Watch (Carnage),,Carnage,Learn How to Watch,,,Carnage,Learn How to Watch,,
2026-09-13,10,Mase in '97 (Carnage),,Carnage,Mase in '97,,,Carnage,Mase in '97,,
2026-09-13,80,Halloween Theme / Laurie Knows (John Carpenter),,John Carpenter,Halloween Theme / Laurie Knows,,,John Carpenter,Halloween Theme / Laurie Knows,,
2026-09-13,70,Maniac (Carpenter Brut),,Carpenter Brut,Maniac,,,Carpenter Brut,Maniac,,
2026-09-13,80,You Got My Mind Messed Up (James Carr),,James Carr,You Got My Mind Messed Up,,,James Carr,You Got My Mind Messed Up,,
2026-09-13,70,Just What I Needed / I'm in Touch With Your World (The Cars),,The Cars,Just What I Needed / I'm in Touch With Your World,,,The Cars,Just What I Needed / I'm in Touch With Your World,,
2026-09-13,70,Beach Life-in-Death (Car Seat Headrest),,Car Seat Headrest,Beach Life-in-Death,,,Car Seat Headrest,Beach Life-in-Death,,
2026-09-13,20,I Want Candy (Aaron Carter),,Aaron Carter,I Want Candy,,,Aaron Carter,I Want Candy,,
2026-09-13,60,O sole mio (My Sunshine) (Enrico Caruso),,Enrico Caruso,O sole mio (My Sunshine),,,Enrico Caruso,O sole mio (My Sunshine),,
2026-09-13,70,Human Sadness (Julian Casablancas + The Voidz),,Julian Casablancas + The Voidz,Human Sadness,,,Julian Casablancas + The Voidz,Human Sadness,,
2026-09-13,60,Everytime We Touch (Cascada),,Cascada,Everytime We Touch,,,Cascada,Everytime We Touch,,
2026-09-13,70,Cuban Soul: 18 kilates (Cassiano),,Cassiano,Cuban Soul: 18 kilates,,,Cassiano,Cuban Soul: 18 kilates,,
2026-09-13,70,Toward the Continuum' (Dolores Catherino),,Dolores Catherino,Toward the Continuum',,,Dolores Catherino,Toward the Continuum',,
2026-09-13,80,Lived in Bars (Cat Power),,Cat Power,Lived in Bars,,,Cat Power,Lived in Bars,,
2026-09-13,60,"Spongebob, Patrick, Squidward, Sandy (Jack Caunter)",,Jack Caunter,"Spongebob, Patrick, Squidward, Sandy",,,Jack Caunter,"Spongebob, Patrick, Squidward, Sandy",,
2026-09-13,50,Sexy Music Compilation (Carlo Cavalli),,Carlo Cavalli,Sexy Music Compilation,,,Carlo Cavalli,Sexy Music Compilation,,
2026-09-13,70,I Need You (Nick Cave & The Bad Seeds),,Nick Cave & The Bad Seeds,I Need You,,,Nick Cave & The Bad Seeds,I Need You,,
2026-09-13,60,Into My Arms (Nick Cave & The Bad Seeds),,Nick Cave & The Bad Seeds,Into My Arms,,,Nick Cave & The Bad Seeds,Into My Arms,,
2026-09-13,70,The Mercy Seat / New Day (Nick Cave & The Bad Seeds),,Nick Cave & The Bad Seeds,The Mercy Seat / New Day,,,Nick Cave & The Bad Seeds,The Mercy Seat / New Day,,
2026-09-13,70,Puente (Gustavo Cerati),,Gustavo Cerati,Puente,,,Gustavo Cerati,Puente,,
2026-09-13,70,"Mistress Violet (Violet Chachki, Allie X & Lecomte de Brégeot)",,"Violet Chachki, Allie X & Lecomte de Brégeot",Mistress Violet,,,"Violet Chachki, Allie X & Lecomte de Brégeot",Mistress Violet,,
2026-09-13,50,Closer (The Chainsmokers),,The Chainsmokers,Closer,,,The Chainsmokers,Closer,,
2026-09-13,70,I Belong in Your Arms (Chairlift),,Chairlift,I Belong in Your Arms,,,Chairlift,I Belong in Your Arms,,
2026-09-13,70,Links / Just Close Your Eyes & Listen (The Chameleon),,The Chameleon,Links / Just Close Your Eyes & Listen,,,The Chameleon,Links / Just Close Your Eyes & Listen,,
2026-09-13,70,"Swamp Thing / John, I'm Only Dancing (The Chameleons)",,The Chameleons,"Swamp Thing / John, I'm Only Dancing",,,The Chameleons,"Swamp Thing / John, I'm Only Dancing",,
2026-09-13,70,Train to Nowhere / Tequila (The Champs),,The Champs,Train to Nowhere / Tequila,,,The Champs,Train to Nowhere / Tequila,,
2026-09-13,50,Turn a New Leaf Over / Do It Yourself (The Chances-R),,The Chances-R,Turn a New Leaf Over / Do It Yourself,,,The Chances-R,Turn a New Leaf Over / Do It Yourself,,
2026-09-13,80,The Glow of Love (Change),,Change,The Glow of Love,,,Change,The Glow of Love,,
2026-09-13,80,What'd I Say (Ray Charles),,Ray Charles,What'd I Say,,,Ray Charles,What'd I Say,,
2026-09-13,80,What'd I Say (Parts 1 & 2) (Ray Charles),,Ray Charles,What'd I Say (Parts 1 & 2),,,Ray Charles,What'd I Say (Parts 1 & 2),,
2026-09-13,70,Spacer Woman (Charlie),,Charlie,Spacer Woman,,,Charlie,Spacer Woman,,
2026-09-13,50,Focus / No Angel (Charli xcx),,Charli xcx,Focus / No Angel,,,Charli xcx,Focus / No Angel,,
2026-09-13,70,Forever (Charli xcx),,Charli xcx,Forever,,,Charli xcx,Forever,,
2026-09-13,60,Unlock It (Charli xcx),,Charli xcx,Unlock It,,,Charli xcx,Unlock It,,
2026-09-13,60,"The Girl, So Confusing Version With Lorde (Charli xcx & Lorde)",,Charli xcx & Lorde,"The Girl, So Confusing Version With Lorde",,,Charli xcx & Lorde,"The Girl, So Confusing Version With Lorde",,
2026-09-13,20,grimace_smoking_weed.jpeg (Demo) (Chat Pile),,Chat Pile,grimace_smoking_weed.jpeg (Demo),,,Chat Pile,grimace_smoking_weed.jpeg (Demo),,
2026-09-13,70,Surrender / Auf Wiedersehen (Cheap Trick),,Cheap Trick,Surrender / Auf Wiedersehen,,,Cheap Trick,Surrender / Auf Wiedersehen,,
2026-09-13,70,Star Guitar (The Chemical Brothers),,The Chemical Brothers,Star Guitar,,,The Chemical Brothers,Star Guitar,,
2026-09-13,100,Genshin Impact: City of Winds and Idylls (Yu-peng Chen),,Yu-peng Chen,Genshin Impact: City of Winds and Idylls,,,Yu-peng Chen,Genshin Impact: City of Winds and Idylls,,
2026-09-13,100,Genshin Impact: Jade Moon Upon a Sea of Clouds (Yu-peng Chen),,Yu-peng Chen,Genshin Impact: Jade Moon Upon a Sea of Clouds,,,Yu-peng Chen,Genshin Impact: Jade Moon Upon a Sea of Clouds,,
2026-09-13,100,Genshin Impact: Realm of Tranquil Eternity (Yu-Peng Chen),,Yu-Peng Chen,Genshin Impact: Realm of Tranquil Eternity,,,Yu-Peng Chen,Genshin Impact: Realm of Tranquil Eternity,,
2026-09-13,100,Genshin Impact: The Wind and the Star Traveler - Le vent et les enfants des étoiles (Yu-Peng Chen),,Yu-Peng Chen,Genshin Impact: The Wind and the Star Traveler - Le vent et les enfants des étoiles,,,Yu-Peng Chen,Genshin Impact: The Wind and the Star Traveler - Le vent et les enfants des étoiles,,
2026-09-13,100,Genshin Impact: Vortex of Legends (Yu-Peng Chen),,Yu-Peng Chen,Genshin Impact: Vortex of Legends,,,Yu-Peng Chen,Genshin Impact: Vortex of Legends,,
2026-09-13,70,Always Together (A Chinese Love Song) / Soon You'll Be Gone (Stephen Cheng / The Blues Busters),,Stephen Cheng / The Blues Busters,Always Together (A Chinese Love Song) / Soon You'll Be Gone,,,Stephen Cheng / The Blues Busters,Always Together (A Chinese Love Song) / Soon You'll Be Gone,,
2026-09-13,60,Angel (Chiara),,Chiara,Angel,,,Chiara,Angel,,
2026-09-13,60,What If We (Chiara),,Chiara,What If We,,,Chiara,What If We,,
2026-09-13,70,Good Times / A Warm Summer Night (Chic),,Chic,Good Times / A Warm Summer Night,,,Chic,Good Times / A Warm Summer Night,,
2026-09-13,80,Le Freak / Savoir Faire (Chic),,Chic,Le Freak / Savoir Faire,,,Chic,Le Freak / Savoir Faire,,
2026-09-13,60,Concerto for Orchestra (Chicago Symphony Orchestra / Fritz Reiner),,Chicago Symphony Orchestra / Fritz Reiner,Concerto for Orchestra,,,Chicago Symphony Orchestra / Fritz Reiner,Concerto for Orchestra,,
2026-09-13,80,Saltwater (Chicane),,Chicane,Saltwater,,,Chicane,Saltwater,,
2026-09-13,70,Me and Your Mama (Childish Gambino),,Childish Gambino,Me and Your Mama,,,Childish Gambino,Me and Your Mama,,
2026-09-13,70,Pink Frost / Purple Girl (The Chills),,The Chills,Pink Frost / Purple Girl,,,The Chills,Pink Frost / Purple Girl,,
2026-09-13,70,What a Devastating Turn of Events (Rachel Chinouriri),,Rachel Chinouriri,What a Devastating Turn of Events,,,Rachel Chinouriri,What a Devastating Turn of Events,,
2026-09-13,80,Ungodly Hour (Chloe x Halle),,Chloe x Halle,Ungodly Hour,,,Chloe x Halle,Ungodly Hour,,
2026-09-13,70,"People, I've Been Sad (Christine and the Queens)",,Christine and the Queens,"People, I've Been Sad",,,Christine and the Queens,"People, I've Been Sad",,
2026-09-13,70,Shadow (Chromatics),,Chromatics,Shadow,,,Chromatics,Shadow,,
2026-09-13,30,Let the Bass Kick (Chuckie),,Chuckie,Let the Bass Kick,,,Chuckie,Let the Bass Kick,,
2026-09-13,80,Je me casse (Destiny Chukunyere),,Destiny Chukunyere,Je me casse,,,Destiny Chukunyere,Je me casse,,
2026-09-13,70,Stay Tonight (CHUNG HA),,CHUNG HA,Stay Tonight,,,CHUNG HA,Stay Tonight,,
2026-09-13,60,Reptile / Texas Moon (The Church),,The Church,Reptile / Texas Moon,,,The Church,Reptile / Texas Moon,,
2026-09-13,70,Under the Milky Way / Warm Spell / Musk (The Church),,The Church,Under the Milky Way / Warm Spell / Musk,,,The Church,Under the Milky Way / Warm Spell / Musk,,
2026-09-13,70,Chuu (LOONA / Chuu),,LOONA / Chuu,Chuu,,,LOONA / Chuu,Chuu,,
2026-09-13,70,Clearest Blue (CHVRCHES),,CHVRCHES,Clearest Blue,,,CHVRCHES,Clearest Blue,,
2026-09-13,70,The Mother We Share (CHVRCHES),,CHVRCHES,The Mother We Share,,,CHVRCHES,The Mother We Share,,
2026-09-13,70,Love Sex Magic (Ciara),,Ciara,Love Sex Magic,,,Ciara,Love Sex Magic,,
2026-09-13,60,Sugar Water (Cibo Matto),,Cibo Matto,Sugar Water,,,Cibo Matto,Sugar Water,,
2026-09-13,70,Bustin (Neil Cicierega),,Neil Cicierega,Bustin,,,Neil Cicierega,Bustin,,
2026-09-13,80,Angel Touch (Cindy),,Cindy,Angel Touch,,,Cindy,Angel Touch,,
2026-09-13,60,The Sun the Moon the Spa (Cities Aviv),,Cities Aviv,The Sun the Moon the Spa,,,Cities Aviv,The Sun the Moon the Spa,,
2026-09-13,80,Fly Me to the Moon (Claire),,Claire,Fly Me to the Moon,,,Claire,Fly Me to the Moon,,
2026-09-13,70,Bags (Clairo),,Clairo,Bags,,,Clairo,Bags,,
2026-09-13,70,I Been Young (George Clanton),,George Clanton,I Been Young,,,George Clanton,I Been Young,,
2026-09-13,70,It Makes the Babies Want to Cry (George Clanton),,George Clanton,It Makes the Babies Want to Cry,,,George Clanton,It Makes the Babies Want to Cry,,
2026-09-13,60,Make It Forever (George Clanton),,George Clanton,Make It Forever,,,George Clanton,Make It Forever,,
2026-09-13,20,This Has Gotta Stop (Eric Clapton),,Eric Clapton,This Has Gotta Stop,,,Eric Clapton,This Has Gotta Stop,,
2026-09-13,90,"Those Who Can't, Cheat (Clarence Clarity)",,Clarence Clarity,"Those Who Can't, Cheat",,,Clarence Clarity,"Those Who Can't, Cheat",,
2026-09-13,70,Piece by Piece (Kelly Clarkson),,Kelly Clarkson,Piece by Piece,,,Kelly Clarkson,Piece by Piece,,
2026-09-13,70,Since U Been Gone / Breakaway (Kelly Clarkson),,Kelly Clarkson,Since U Been Gone / Breakaway,,,Kelly Clarkson,Since U Been Gone / Breakaway,,
2026-09-13,90,Theme From Mission: Impossible (Adam Clayton & Larry Mullen),,Adam Clayton & Larry Mullen,Theme From Mission: Impossible,,,Adam Clayton & Larry Mullen,Theme From Mission: Impossible,,
2026-09-13,70,Devil (CLC),,CLC,Devil,,,CLC,Devil,,
2026-09-13,60,Rockabye (Clean Bandit),,Clean Bandit,Rockabye,,,Clean Bandit,Rockabye,,
2026-09-13,80,傷物語 劇伴音楽集 (Kizumonogatari gekihanongakushu) (Clémentine),,Clémentine,傷物語 劇伴音楽集 (Kizumonogatari gekihanongakushu),,,Clémentine,傷物語 劇伴音楽集 (Kizumonogatari gekihanongakushu),,
2026-09-13,70,Suburban Light (The Clientele),,The Clientele,Suburban Light,,,The Clientele,Suburban Light,,
2026-09-13,70,The Harder They Come / Many Rivers to Cross (Jimmy Cliff),,Jimmy Cliff,The Harder They Come / Many Rivers to Cross,,,Jimmy Cliff,The Harder They Come / Many Rivers to Cross,,
2026-09-13,70,Splendor & Misery (clipping.),,clipping.,Splendor & Misery,,,clipping.,Splendor & Misery,,
2026-09-13,60,Aion (CMX),,CMX,Aion,,,CMX,Aion,,
2026-09-13,60,Aura (CMX),,CMX,Aura,,,CMX,Aura,,
2026-09-13,70,Margherita / Primavera (Riccardo Cocciante),,Riccardo Cocciante,Margherita / Primavera,,,Riccardo Cocciante,Margherita / Primavera,,
2026-09-13,70,With a Little Help From My Friends (Joe Cocker),,Joe Cocker,With a Little Help From My Friends,,,Joe Cocker,With a Little Help From My Friends,,
2026-09-13,70,Heaven or Las Vegas (Cocteau Twins),,Cocteau Twins,Heaven or Las Vegas,,,Cocteau Twins,Heaven or Las Vegas,,
2026-09-13,70,"Love's Easy Tears / Those Eyes, That Mouth (Cocteau Twins)",,Cocteau Twins,"Love's Easy Tears / Those Eyes, That Mouth",,,Cocteau Twins,"Love's Easy Tears / Those Eyes, That Mouth",,
2026-09-13,20,Dress Rehearsal Rag / Avalanche (Leonard Cohen),,Leonard Cohen,Dress Rehearsal Rag / Avalanche,,,Leonard Cohen,Dress Rehearsal Rag / Avalanche,,
2026-09-13,70,"Suzanne / Hey, That's No Way to Say Goodbye (Leonard Cohen)",,Leonard Cohen,"Suzanne / Hey, That's No Way to Say Goodbye",,,Leonard Cohen,"Suzanne / Hey, That's No Way to Say Goodbye",,
2026-09-13,60,You Want It Darker (Leonard Cohen),,Leonard Cohen,You Want It Darker,,,Leonard Cohen,You Want It Darker,,
2026-09-13,80,Hallelujah (Leonard Cohen / Jeff Buckley),,Leonard Cohen / Jeff Buckley,Hallelujah,,,Leonard Cohen / Jeff Buckley,Hallelujah,,
2026-09-13,70,Adventure of a Lifetime (Coldplay),,Coldplay,Adventure of a Lifetime,,,Coldplay,Adventure of a Lifetime,,
2026-09-13,70,A Rush of Blood to the Head (Coldplay),,Coldplay,A Rush of Blood to the Head,,,Coldplay,A Rush of Blood to the Head,,
2026-09-13,80,A Sky Full of Stars (Coldplay),,Coldplay,A Sky Full of Stars,,,Coldplay,A Sky Full of Stars,,
2026-09-13,70,Clocks (Coldplay),,Coldplay,Clocks,,,Coldplay,Clocks,,
2026-09-13,70,Don't Panic (Coldplay),,Coldplay,Don't Panic,,,Coldplay,Don't Panic,,
2026-09-13,70,Every Teardrop Is a Waterfall (Coldplay),,Coldplay,Every Teardrop Is a Waterfall,,,Coldplay,Every Teardrop Is a Waterfall,,
2026-09-13,60,Music of the Spheres (Coldplay),,Coldplay,Music of the Spheres,,,Coldplay,Music of the Spheres,,
2026-09-13,70,Parachutes (Coldplay),,Coldplay,Parachutes,,,Coldplay,Parachutes,,
2026-09-13,70,Trouble (Coldplay),,Coldplay,Trouble,,,Coldplay,Trouble,,
2026-09-13,70,Yellow (Coldplay),,Coldplay,Yellow,,,Coldplay,Yellow,,
2026-09-13,60,Morning Is Broken CD2 (Lloyd Cole),,Lloyd Cole,Morning Is Broken CD2,,,Lloyd Cole,Morning Is Broken CD2,,
2026-09-13,50,Easy Pieces (Lloyd Cole and The Commotions),,Lloyd Cole and The Commotions,Easy Pieces,,,Lloyd Cole and The Commotions,Easy Pieces,,
2026-09-13,70,Nature Boy / Lost April (King Cole / The King Cole Trio),,King Cole / The King Cole Trio,Nature Boy / Lost April,,,King Cole / The King Cole Trio,Nature Boy / Lost April,,
2026-09-13,70,A Real Hero (College),,College,A Real Hero,,,College,A Real Hero,,
2026-09-13,80,In the Bleak Midwinter (Jacob Collier),,Jacob Collier,In the Bleak Midwinter,,,Jacob Collier,In the Bleak Midwinter,,
2026-09-13,80,A Girl Like You (Edwyn Collins),,Edwyn Collins,A Girl Like You,,,Edwyn Collins,A Girl Like You,,
2026-09-13,60,A Love Supreme (John Coltrane),,John Coltrane,A Love Supreme,,,John Coltrane,A Love Supreme,,
2026-09-13,70,"Blue Train, Parts 1 & 2 (John Coltrane)",,John Coltrane,"Blue Train, Parts 1 & 2",,,John Coltrane,"Blue Train, Parts 1 & 2",,
2026-09-13,70,Sunny Came Home (Shawn Colvin),,Shawn Colvin,Sunny Came Home,,,Shawn Colvin,Sunny Came Home,,
2026-09-13,70,Telemóveis (Conan Osíris),,Conan Osíris,Telemóveis,,,Conan Osíris,Telemóveis,,
2026-09-13,30,Jane Doe (Converge),,Converge,Jane Doe,,,Converge,Jane Doe,,
2026-09-13,60,"How Sad, How Lovely (Connie Converse)",,Connie Converse,"How Sad, How Lovely",,,Connie Converse,"How Sad, How Lovely",,
2026-09-13,70,Wonderful World / Chain Gang (Sam Cooke),,Sam Cooke,Wonderful World / Chain Gang,,,Sam Cooke,Wonderful World / Chain Gang,,
2026-09-13,70,Star Fruits Surf Rider (Cornelius),,Cornelius,Star Fruits Surf Rider,,,Cornelius,Star Fruits Surf Rider,,
2026-09-13,70,The Rhythm of the Night (Corona),,Corona,The Rhythm of the Night,,,Corona,The Rhythm of the Night,,
2026-09-13,70,Alison / Welcome to the Working Week (Elvis Costello),,Elvis Costello,Alison / Welcome to the Working Week,,,Elvis Costello,Alison / Welcome to the Working Week,,
2026-09-13,70,Excerpts From The Imperial Bedroom (Elvis Costello & The Attractions),,Elvis Costello & The Attractions,Excerpts From The Imperial Bedroom,,,Elvis Costello & The Attractions,Excerpts From The Imperial Bedroom,,
2026-09-13,70,Oliver's Army / My Funny Valentine (Elvis Costello & The Attractions),,Elvis Costello & The Attractions,Oliver's Army / My Funny Valentine,,,Elvis Costello & The Attractions,Oliver's Army / My Funny Valentine,,
2026-09-13,70,Running in the 90's / Golden Age (Max Coveri),,Max Coveri,Running in the 90's / Golden Age,,,Max Coveri,Running in the 90's / Golden Age,,
2026-09-13,30,Return of the Gods (Crackdust),,Crackdust,Return of the Gods,,,Crackdust,Return of the Gods,,
2026-09-13,70,Human Fly / Domino (The Cramps),,The Cramps,Human Fly / Domino,,,The Cramps,Human Fly / Domino,,
2026-09-13,70,Dreams (The Cranberries),,The Cranberries,Dreams,,,The Cranberries,Dreams,,
2026-09-13,70,Linger (The Cranberries),,The Cranberries,Linger,,,The Cranberries,Linger,,
2026-09-13,50,Holding On / Look No Further (Beverley Craven),,Beverley Craven,Holding On / Look No Further,,,Beverley Craven,Holding On / Look No Further,,
2026-09-13,70,Promise Me / I Listen to the Rain (Beverley Craven),,Beverley Craven,Promise Me / I Listen to the Rain,,,Beverley Craven,Promise Me / I Listen to the Rain,,
2026-09-13,30,Axel F (Crazy Frog),,Crazy Frog,Axel F,,,Crazy Frog,Axel F,,
2026-09-13,10,More Crazy Hits (Crazy Frog),,Crazy Frog,More Crazy Hits,,,Crazy Frog,More Crazy Hits,,
2026-09-13,20,We Are the Champions (Ding a Dang Dong) (Crazy Frog),,Crazy Frog,We Are the Champions (Ding a Dang Dong),,,Crazy Frog,We Are the Champions (Ding a Dang Dong),,
2026-09-13,70,Have You Ever Seen the Rain / Hey Tonight (Creedence Clearwater Revival),,Creedence Clearwater Revival,Have You Ever Seen the Rain / Hey Tonight,,,Creedence Clearwater Revival,Have You Ever Seen the Rain / Hey Tonight,,
2026-09-13,70,Run Through the Jungle / Up Around the Bend (Creedence Clearwater Revival),,Creedence Clearwater Revival,Run Through the Jungle / Up Around the Bend,,,Creedence Clearwater Revival,Run Through the Jungle / Up Around the Bend,,
2026-09-13,80,Time in a Bottle / Hard Time Losin' Man (Jim Croce),,Jim Croce,Time in a Bottle / Hard Time Losin' Man,,,Jim Croce,Time in a Bottle / Hard Time Losin' Man,,
2026-09-13,70,Time in a Bottle / Workin' at the Car Wash Blues (Jim Croce),,Jim Croce,Time in a Bottle / Workin' at the Car Wash Blues,,,Jim Croce,Time in a Bottle / Workin' at the Car Wash Blues,,
2026-09-13,70,You Don't Mess Around With Jim (Jim Croce),,Jim Croce,You Don't Mess Around With Jim,,,Jim Croce,You Don't Mess Around With Jim,,
2026-09-13,70,You Don't Mess Around With Jim / Photographs and Memories (Jim Croce),,Jim Croce,You Don't Mess Around With Jim / Photographs and Memories,,,Jim Croce,You Don't Mess Around With Jim / Photographs and Memories,,
2026-09-13,60,From Nowhere (Dan Croll),,Dan Croll,From Nowhere,,,Dan Croll,From Nowhere,,
2026-09-13,70,Al fin una victoria (Cronos),,Cronos,Al fin una victoria,,,Cronos,Al fin una victoria,,
2026-09-13,60,White Christmas / Let's Start the New Year Right (Bing Crosby),,Bing Crosby,White Christmas / Let's Start the New Year Right,,,Bing Crosby,White Christmas / Let's Start the New Year Right,,
2026-09-13,70,"Ohio / Find the Cost of Freedom (Crosby, Stills, Nash & Young)",,"Crosby, Stills, Nash & Young",Ohio / Find the Cost of Freedom,,,"Crosby, Stills, Nash & Young",Ohio / Find the Cost of Freedom,,
2026-09-13,70,Don't Dream It's Over / That's What I Call Love (Crowded House),,Crowded House,Don't Dream It's Over / That's What I Call Love,,,Crowded House,Don't Dream It's Over / That's What I Call Love,,
2026-09-13,70,Street Life / The Hustler (The Crusaders),,The Crusaders,Street Life / The Hustler,,,The Crusaders,Street Life / The Hustler,,
2026-09-13,60,Not in Love (Crystal Castles),,Crystal Castles,Not in Love,,,Crystal Castles,Not in Love,,
2026-09-13,60,love. (Cudderland),,Cudderland,love.,,,Cudderland,love.,,
2026-09-13,70,She Sells Sanctuary / No 13 (The Cult),,The Cult,She Sells Sanctuary / No 13,,,The Cult,She Sells Sanctuary / No 13,,
2026-09-13,70,Abducted / Go Outside (Cults),,Cults,Abducted / Go Outside,,,Cults,Abducted / Go Outside,,
2026-09-13,40,Cartoons (CupcakKe),,CupcakKe,Cartoons,,,CupcakKe,Cartoons,,
2026-09-13,20,CupcakKe Deepthroat,,CupcakKe,CupcakKe Deepthroat,,,CupcakKe,CupcakKe Deepthroat,,
2026-09-13,70,Discounts (CupcakKe),,CupcakKe,Discounts,,,CupcakKe,Discounts,,
2026-09-13,70,A Forest / Another Journey by Train (The Cure),,The Cure,A Forest / Another Journey by Train,,,The Cure,A Forest / Another Journey by Train,,
2026-09-13,70,Disintegration / Plainsong (The Cure),,The Cure,Disintegration / Plainsong,,,The Cure,Disintegration / Plainsong,,
2026-09-13,70,In Between Days / The Exploding Boy (The Cure),,The Cure,In Between Days / The Exploding Boy,,,The Cure,In Between Days / The Exploding Boy,,
2026-09-13,60,Japanese Whispers: The Cure Singles Nov 82 : Nov 83,,The Cure,Japanese Whispers: The Cure Singles Nov 82 : Nov 83,,,The Cure,Japanese Whispers: The Cure Singles Nov 82 : Nov 83,,
2026-09-13,70,Just Like Heaven / Snow in Summer (The Cure),,The Cure,Just Like Heaven / Snow in Summer,,,The Cure,Just Like Heaven / Snow in Summer,,
2026-09-13,70,Lovesong / 2 Late (The Cure),,The Cure,Lovesong / 2 Late,,,The Cure,Lovesong / 2 Late,,
2026-09-13,70,Love Song / Fascination Street (The Cure),,The Cure,Love Song / Fascination Street,,,The Cure,Love Song / Fascination Street,,
2026-09-13,70,One Hundred Years / The Hanging Garden (The Cure),,The Cure,One Hundred Years / The Hanging Garden,,,The Cure,One Hundred Years / The Hanging Garden,,
2026-09-13,70,Pictures of You (The Cure),,The Cure,Pictures of You,,,The Cure,Pictures of You,,
2026-09-13,80,Pictures of You / From Out of Nowhere (The Cure / Faith No More),,The Cure / Faith No More,Pictures of You / From Out of Nowhere,,,The Cure / Faith No More,Pictures of You / From Out of Nowhere,,
2026-09-13,10,Bad Luck (Denzel Curry),,Denzel Curry,Bad Luck,,,Denzel Curry,Bad Luck,,
2026-09-13,20,TA13OO (Denzel Curry),,Denzel Curry,TA13OO,,,Denzel Curry,TA13OO,,
2026-09-13,80,The Recluse (Cursive),,Cursive,The Recluse,,,Cursive,The Recluse,,
2026-09-13,80,Midnight Sky (Miley Cyrus),,Miley Cyrus,Midnight Sky,,,Miley Cyrus,Midnight Sky,,
2026-09-13,70,Something Beautiful (Miley Cyrus),,Miley Cyrus,Something Beautiful,,,Miley Cyrus,Something Beautiful,,
2026-09-13,100,Walk of Fame (Miley Cyrus),,Miley Cyrus,Walk of Fame,,,Miley Cyrus,Walk of Fame,,
2026-09-13,60,Czarface Meets Ghostface (Czarface & Ghostface Killah),,Czarface & Ghostface Killah,Czarface Meets Ghostface,,,Czarface & Ghostface Killah,Czarface Meets Ghostface,,
2026-09-13,70,L'amour toujours (Gigi D'Agostino),,Gigi D'Agostino,L'amour toujours,,,Gigi D'Agostino,L'amour toujours,,
2026-09-13,70,Untitled (How Does It Feel?) (D'Angelo),,D'Angelo,Untitled (How Does It Feel?),,,D'Angelo,Untitled (How Does It Feel?),,
2026-09-13,60,Night Shift (Lucy Dacus),,Lucy Dacus,Night Shift,,,Lucy Dacus,Night Shift,,
2026-09-13,50,Gasolina (Daddy Yankee),,Daddy Yankee,Gasolina,,,Daddy Yankee,Gasolina,,
2026-09-13,90,Aerodynamic (Daft Punk),,Daft Punk,Aerodynamic,,,Daft Punk,Aerodynamic,,
2026-09-13,60,Around the World (Daft Punk),,Daft Punk,Around the World,,,Daft Punk,Around the World,,
2026-09-13,70,Da Funk / Rollin' & Scratchin' (Daft Punk),,Daft Punk,Da Funk / Rollin' & Scratchin',,,Daft Punk,Da Funk / Rollin' & Scratchin',,
2026-09-13,80,Face to Face (Daft Punk),,Daft Punk,Face to Face,,,Daft Punk,Face to Face,,
2026-09-13,80,"Harder, Better, Faster, Stronger (Daft Punk)",,Daft Punk,"Harder, Better, Faster, Stronger",,,Daft Punk,"Harder, Better, Faster, Stronger",,
2026-09-13,80,Harder Better Faster Stronger (Alive 2007) (Daft Punk),,Daft Punk,Harder Better Faster Stronger (Alive 2007),,,Daft Punk,Harder Better Faster Stronger (Alive 2007),,
2026-09-13,70,Instant Crush (Daft Punk),,Daft Punk,Instant Crush,,,Daft Punk,Instant Crush,,
2026-09-13,70,One More Time (Daft Punk),,Daft Punk,One More Time,,,Daft Punk,One More Time,,
2026-09-13,70,Something About Us (Love Theme From Interstella 5555) (Daft Punk),,Daft Punk,Something About Us (Love Theme From Interstella 5555),,,Daft Punk,Something About Us (Love Theme From Interstella 5555),,
2026-09-13,80,Miserlou / Eight Till Midnight (Dick Dale and The Del-Tones),,Dick Dale and The Del-Tones,Miserlou / Eight Till Midnight,,,Dick Dale and The Del-Tones,Miserlou / Eight Till Midnight,,
2026-09-13,70,New Rose / Help (The Damned),,The Damned,New Rose / Help,,,The Damned,New Rose / Help,,
2026-09-13,70,The Wild Youth EP (Daughter),,Daughter,The Wild Youth EP,,,Daughter,The Wild Youth EP,,
2026-09-13,70,The Reason They Hate Me (Daughters),,Daughters,The Reason They Hate Me,,,Daughters,The Reason They Hate Me,,
2026-09-13,40,You Won't Get What You Want (Daughters),,Daughters,You Won't Get What You Want,,,Daughters,You Won't Get What You Want,,
2026-09-13,70,Betty Davis,,Betty Davis,Betty Davis,,,Betty Davis,Betty Davis,,
2026-09-13,60,Kind of Blue (Miles Davis),,Miles Davis,Kind of Blue,,,Miles Davis,Kind of Blue,,
2026-09-13,70,Sunday in Heaven (Zella Day),,Zella Day,Sunday in Heaven,,,Zella Day,Sunday in Heaven,,
2026-09-13,70,Duality (Yussef Dayes),,Yussef Dayes,Duality,,,Yussef Dayes,Duality,,
2026-09-13,60,Fuzzybrain (Dayglow),,Dayglow,Fuzzybrain,,,Dayglow,Fuzzybrain,,
2026-09-13,40,When I Was Done Dying (Dan Deacon),,Dan Deacon,When I Was Done Dying,,,Dan Deacon,When I Was Done Dying,,
2026-09-13,60,When Will You (Make My Telephone Ring) / Church (Deacon Blue),,Deacon Blue,When Will You (Make My Telephone Ring) / Church,,,Deacon Blue,When Will You (Make My Telephone Ring) / Church,,
2026-09-13,70,Holiday in Cambodia / Police Truck (Dead Kennedys),,Dead Kennedys,Holiday in Cambodia / Police Truck,,,Dead Kennedys,Holiday in Cambodia / Police Truck,,
2026-09-13,90,Highmare (Dead Pirates),,Dead Pirates,Highmare,,,Dead Pirates,Highmare,,
2026-09-13,40,Dream House (Deafheaven),,Deafheaven,Dream House,,,Deafheaven,Dream House,,
2026-09-13,70,Instagram (DEAN),,DEAN,Instagram,,,DEAN,Instagram,,
2026-09-13,70,Politicians in My Eyes / Keep On Knockin' (Death),,Death,Politicians in My Eyes / Keep On Knockin',,,Death,Politicians in My Eyes / Keep On Knockin',,
2026-09-13,70,Messe de E-102 (death's dynamic shroud),,death's dynamic shroud,Messe de E-102,,,death's dynamic shroud,Messe de E-102,,
2026-09-13,50,Black Paint (Death Grips),,Death Grips,Black Paint,,,Death Grips,Black Paint,,
2026-09-13,70,Busy (Erika de Casier),,Erika de Casier,Busy,,,Erika de Casier,Busy,,
2026-09-13,70,Groove Is in the Heart / What Is Love? (Deee-Lite),,Deee-Lite,Groove Is in the Heart / What Is Love?,,,Deee-Lite,Groove Is in the Heart / What Is Love?,,
2026-09-13,80,Messy Room (The Deep),,The Deep,Messy Room,,,The Deep,Messy Room,,
2026-09-13,70,Child in Time (Parts 1 & 2) (Deep Purple),,Deep Purple,Child in Time (Parts 1 & 2),,,Deep Purple,Child in Time (Parts 1 & 2),,
2026-09-13,70,Helicopter (Deerhunter),,Deerhunter,Helicopter,,,Deerhunter,Helicopter,,
2026-09-13,60,Be Quiet and Drive (Far Away) (Deftones),,Deftones,Be Quiet and Drive (Far Away),,,Deftones,Be Quiet and Drive (Far Away),,
2026-09-13,80,Digital Bath (Deftones),,Deftones,Digital Bath,,,Deftones,Digital Bath,,
2026-09-13,70,Leathers (Deftones),,Deftones,Leathers,,,Deftones,Leathers,,
2026-09-13,70,My Own Summer (Shove It) (Deftones),,Deftones,My Own Summer (Shove It),,,Deftones,My Own Summer (Shove It),,
2026-09-13,70,Sextape (Deftones),,Deftones,Sextape,,,Deftones,Sextape,,
2026-09-13,70,Oh Honey / Let Me Take You to the Sun (Delegation),,Delegation,Oh Honey / Let Me Take You to the Sun,,,Delegation,Oh Honey / Let Me Take You to the Sun,,
2026-09-13,60,Happy (Robert DeLong),,Robert DeLong,Happy,,,Robert DeLong,Happy,,
2026-09-13,70,Revolutionary (Robert DeLong),,Robert DeLong,Revolutionary,,,Robert DeLong,Revolutionary,,
2026-09-13,80,A&W (Lana Del Rey),,Lana Del Rey,A&W,,,Lana Del Rey,A&W,,
2026-09-13,70,Candy Necklace / Jon Batiste Interlude (Lana Del Rey),,Lana Del Rey,Candy Necklace / Jon Batiste Interlude,,,Lana Del Rey,Candy Necklace / Jon Batiste Interlude,,
2026-09-13,80,Norman Fucking Rockwell! (Lana Del Rey),,Lana Del Rey,Norman Fucking Rockwell!,,,Lana Del Rey,Norman Fucking Rockwell!,,
2026-09-13,70,Ride (Lana Del Rey),,Lana Del Rey,Ride,,,Lana Del Rey,Ride,,
2026-09-13,50,Summertime the Gershwin Version (Lana Del Rey),,Lana Del Rey,Summertime the Gershwin Version,,,Lana Del Rey,Summertime the Gershwin Version,,
2026-09-13,70,The Greatest (Lana Del Rey),,Lana Del Rey,The Greatest,,,Lana Del Rey,The Greatest,,
2026-09-13,60,Venice Bitch (Lana Del Rey),,Lana Del Rey,Venice Bitch,,,Lana Del Rey,Venice Bitch,,
2026-09-13,60,Video Games (Lana Del Rey),,Lana Del Rey,Video Games,,,Lana Del Rey,Video Games,,
2026-09-13,70,West Coast (Lana Del Rey),,Lana Del Rey,West Coast,,,Lana Del Rey,West Coast,,
2026-09-13,70,Young and Beautiful (Lana Del Rey),,Lana Del Rey,Young and Beautiful,,,Lana Del Rey,Young and Beautiful,,
2026-09-13,60,Llorando (Rebekah Del Rio),,Rebekah Del Rio,Llorando,,,Rebekah Del Rio,Llorando,,
2026-09-13,60,Maple Leaves (Rocky Dennis),,Rocky Dennis,Maple Leaves,,,Rocky Dennis,Maple Leaves,,
2026-09-13,50,Quiet Village / Llama Serenade (Martin Denny),,Martin Denny,Quiet Village / Llama Serenade,,,Martin Denny,Quiet Village / Llama Serenade,,
2026-09-13,60,"Take Me Home, Country Roads / Poems, Prayers and Promises (John Denver)",,John Denver,"Take Me Home, Country Roads / Poems, Prayers and Promises",,,John Denver,"Take Me Home, Country Roads / Poems, Prayers and Promises",,
2026-09-13,80,Enjoy the Silence / Memphisto (Depeche Mode),,Depeche Mode,Enjoy the Silence / Memphisto,,,Depeche Mode,Enjoy the Silence / Memphisto,,
2026-09-13,70,Ghosts Again (Depeche Mode),,Depeche Mode,Ghosts Again,,,Depeche Mode,Ghosts Again,,
2026-09-13,70,"Never Let Me Down Again / Pleasure, Little Treasure. (Depeche Mode)",,Depeche Mode,"Never Let Me Down Again / Pleasure, Little Treasure.",,,Depeche Mode,"Never Let Me Down Again / Pleasure, Little Treasure.",,
2026-09-13,60,A Question of Lust / Addicted to Love (Depeche Mode / Robert Palmer),,Depeche Mode / Robert Palmer,A Question of Lust / Addicted to Love,,,Depeche Mode / Robert Palmer,A Question of Lust / Addicted to Love,,
2026-09-13,80,Layla and Other Assorted Love Songs (Derek and The Dominos),,Derek and The Dominos,Layla and Other Assorted Love Songs,,,Derek and The Dominos,Layla and Other Assorted Love Songs,,
2026-09-13,100,Layla / Bell Bottom Blues (Derek and The Dominos),,Derek and The Dominos,Layla / Bell Bottom Blues,,,Derek and The Dominos,Layla / Bell Bottom Blues,,
2026-09-13,40,Trumpets (Jason Derulo),,Jason Derulo,Trumpets,,,Jason Derulo,Trumpets,,
2026-09-13,10,Wiggle (Jason Derulo),,Jason Derulo,Wiggle,,,Jason Derulo,Wiggle,,
2026-09-13,60,Under Your Spell (Desire),,Desire,Under Your Spell,,,Desire,Under Your Spell,,
2026-09-13,70,Chinatown (Destroyer),,Destroyer,Chinatown,,,Destroyer,Chinatown,,
2026-09-13,60,The Ideal Crash (dEUS),,dEUS,The Ideal Crash,,,dEUS,The Ideal Crash,,
2026-09-13,70,"Be Thankful for What You Got / Be Thankful for What You Got, Part 2 (William DeVaughn)",,William DeVaughn,"Be Thankful for What You Got / Be Thankful for What You Got, Part 2",,,William DeVaughn,"Be Thankful for What You Got / Be Thankful for What You Got, Part 2",,
2026-09-13,20,San Ou (La Rivière) (Dezil'),,Dezil',San Ou (La Rivière),,,Dezil',San Ou (La Rivière),,
2026-09-13,70,Fade Away (Hannah Diamond),,Hannah Diamond,Fade Away,,,Hannah Diamond,Fade Away,,
2026-09-13,70,Poster Girl (Hannah Diamond),,Hannah Diamond,Poster Girl,,,Hannah Diamond,Poster Girl,,
2026-09-13,80,Soul Makossa / Lily (Manu Dibango),,Manu Dibango,Soul Makossa / Lily,,,Manu Dibango,Soul Makossa / Lily,,
2026-09-13,70,Here With Me (Dido),,Dido,Here With Me,,,Dido,Here With Me,,
2026-09-13,30,Haunted / Anti War Dub (Digital Mystikz),,Digital Mystikz,Haunted / Anti War Dub,,,Digital Mystikz,Haunted / Anti War Dub,,
2026-09-13,70,Niemand in de stad (De Dijk),,De Dijk,Niemand in de stad,,,De Dijk,Niemand in de stad,,
2026-09-13,70,Kiss Me Again (Dinosaur),,Dinosaur,Kiss Me Again,,,Dinosaur,Kiss Me Again,,
2026-09-13,70,Freak Scene (Dinosaur Jr),,Dinosaur Jr,Freak Scene,,,Dinosaur Jr,Freak Scene,,
2026-09-13,40,All by Myself (Céline Dion),,Céline Dion,All by Myself,,,Céline Dion,All by Myself,,
2026-09-13,70,Ashes (Céline Dion),,Céline Dion,Ashes,,,Céline Dion,Ashes,,
2026-09-13,70,It's All Coming Back to Me Now (Céline Dion),,Céline Dion,It's All Coming Back to Me Now,,,Céline Dion,It's All Coming Back to Me Now,,
2026-09-13,70,That's What Friends Are For / Two Ships Passing in the Night (Dionne & Friends),,Dionne & Friends,That's What Friends Are For / Two Ships Passing in the Night,,,Dionne & Friends,That's What Friends Are For / Two Ships Passing in the Night,,
2026-09-13,70,Sultans of Swing / Eastbound Train [Live] (Dire Straits),,Dire Straits,Sultans of Swing / Eastbound Train [Live],,,Dire Straits,Sultans of Swing / Eastbound Train [Live],,
2026-09-13,70,Alea (Disillusion),,Disillusion,Alea,,,Disillusion,Alea,,
2026-09-13,70,What Do You Want Me to Say? / Since You Died (The Dismemberment Plan),,The Dismemberment Plan,What Do You Want Me to Say? / Since You Died,,,The Dismemberment Plan,What Do You Want Me to Say? / Since You Died,,
2026-09-13,60,64 (District Unknown),,District Unknown,64,,,District Unknown,64,,
2026-09-13,70,Down With the Sickness (Disturbed),,Disturbed,Down With the Sickness,,,Disturbed,Down With the Sickness,,
2026-09-13,70,The Sickness (Disturbed),,Disturbed,The Sickness,,,Disturbed,The Sickness,,
2026-09-13,70,I Touch Myself / Follow Through (Divinyls),,Divinyls,I Touch Myself / Follow Through,,,Divinyls,I Touch Myself / Follow Through,,
2026-09-13,60,I Luv U (Dizzee Rascal),,Dizzee Rascal,I Luv U,,,Dizzee Rascal,I Luv U,,
2026-09-13,20,Som jag (DJ Billybool),,DJ Billybool,Som jag,,,DJ Billybool,Som jag,,
2026-09-13,50,Zetrakore Xaos Da Jumping Gargoylz (DJ GYROTTA ZAO),,DJ GYROTTA ZAO,Zetrakore Xaos Da Jumping Gargoylz,,,DJ GYROTTA ZAO,Zetrakore Xaos Da Jumping Gargoylz,,
2026-09-13,50,Meeting With the King (DJ Lag),,DJ Lag,Meeting With the King,,,DJ Lag,Meeting With the King,,
2026-09-13,60,Birthday Mix (DJ Prianik),,DJ Prianik,Birthday Mix,,,DJ Prianik,Birthday Mix,,
2026-09-13,70,Destiny (DJ Sabrina the Teenage DJ),,DJ Sabrina the Teenage DJ,Destiny,,,DJ Sabrina the Teenage DJ,Destiny,,
2026-09-13,70,Next to Me (DJ Sabrina the Teenage DJ),,DJ Sabrina the Teenage DJ,Next to Me,,,DJ Sabrina the Teenage DJ,Next to Me,,
2026-09-13,70,Late Night Fuckin Yo Bitch (DJ Screw),,DJ Screw,Late Night Fuckin Yo Bitch,,,DJ Screw,Late Night Fuckin Yo Bitch,,
2026-09-13,70,Midnight in a Perfect World (DJ Shadow),,DJ Shadow,Midnight in a Perfect World,,,DJ Shadow,Midnight in a Perfect World,,
2026-09-13,80,Tom's Diner (DNA),,DNA,Tom's Diner,,,DNA,Tom's Diner,,
2026-09-13,60,The Greatest Album of All Time (Dodge & Fuski),,Dodge & Fuski,The Greatest Album of All Time,,,Dodge & Fuski,The Greatest Album of All Time,,
2026-09-13,70,Human (dodie),,dodie,Human,,,dodie,Human,,
2026-09-13,70,Sick of Losing Soulmates (dodie),,dodie,Sick of Losing Soulmates,,,dodie,Sick of Losing Soulmates,,
2026-09-13,70,You (dodie),,dodie,You,,,dodie,You,,
2026-09-13,80,Boss Bitch (Doja Cat),,Doja Cat,Boss Bitch,,,Doja Cat,Boss Bitch,,
2026-09-13,60,You Got My Soul (Domina),,Domina,You Got My Soul,,,Domina,You Got My Soul,,
2026-09-13,70,What a Fool Believes / Don't Stop to Watch the Wheels (The Doobie Brothers),,The Doobie Brothers,What a Fool Believes / Don't Stop to Watch the Wheels,,,The Doobie Brothers,What a Fool Believes / Don't Stop to Watch the Wheels,,
2026-09-13,60,ドゥーピータイム (Doopees),,Doopees,ドゥーピータイム,,,Doopees,ドゥーピータイム,,
2026-09-13,70,Get Closer (Valerie Dore),,Valerie Dore,Get Closer,,,Valerie Dore,Get Closer,,
2026-09-13,70,Clubbed to Death (Rob Dougan),,Rob Dougan,Clubbed to Death,,,Rob Dougan,Clubbed to Death,,
2026-09-13,60,Malinkonija (Oliver Dragojević),,Oliver Dragojević,Malinkonija,,,Oliver Dragojević,Malinkonija,,
2026-09-13,70,"Hold On, We're Going Home (Drake)",,Drake,"Hold On, We're Going Home",,,Drake,"Hold On, We're Going Home",,
2026-09-13,60,Pink Moon (Nick Drake),,Nick Drake,Pink Moon,,,Nick Drake,Pink Moon,,
2026-09-13,60,River Man (Nick Drake),,Nick Drake,River Man,,,Nick Drake,River Man,,
2026-09-13,70,Dr. Buzzard's Original Savannah Band,,Dr. Buzzard's Original Savannah Band,Dr. Buzzard's Original Savannah Band,,,Dr. Buzzard's Original Savannah Band,Dr. Buzzard's Original Savannah Band,,
2026-09-13,40,Mask (Dream),,Dream,Mask,,,Dream,Mask,,
2026-09-13,70,Apocalypse : From Us (Dreamcatcher),,Dreamcatcher,Apocalypse : From Us,,,Dreamcatcher,Apocalypse : From Us,,
2026-09-13,70,Tara e tal (Duda Beat),,Duda Beat,Tara e tal,,,Duda Beat,Tara e tal,,
2026-09-13,70,"The Sound of Bassline 2 (Jamie Duggan / H ""Two"" O)",,"Jamie Duggan / H ""Two"" O",The Sound of Bassline 2,,,"Jamie Duggan / H ""Two"" O",The Sound of Bassline 2,,
2026-09-13,70,"The Sound of Bassline (Jamie Duggan / Shaun ""Banger"" Scott / Nev Wright)",,"Jamie Duggan / Shaun ""Banger"" Scott / Nev Wright",The Sound of Bassline,,,"Jamie Duggan / Shaun ""Banger"" Scott / Nev Wright",The Sound of Bassline,,
2026-09-13,70,Ocean Drive (Duke Dumont),,Duke Dumont,Ocean Drive,,,Duke Dumont,Ocean Drive,,
2026-09-13,80,Volume 5 (Dur-Dur Band),,Dur-Dur Band,Volume 5,,,Dur-Dur Band,Volume 5,,
2026-09-13,70,Sketch for Summer / Sketch for Winter (The Durutti Column),,The Durutti Column,Sketch for Summer / Sketch for Winter,,,The Durutti Column,Sketch for Summer / Sketch for Winter,,
2026-09-13,60,Bringing It All Back Home (Bob Dylan),,Bob Dylan,Bringing It All Back Home,,,Bob Dylan,Bringing It All Back Home,,
2026-09-13,70,Hurricane (Parts I & II) (Bob Dylan),,Bob Dylan,Hurricane (Parts I & II),,,Bob Dylan,Hurricane (Parts I & II),,
2026-09-13,70,Like a Rolling Stone / Gates of Eden (Bob Dylan),,Bob Dylan,Like a Rolling Stone / Gates of Eden,,,Bob Dylan,Like a Rolling Stone / Gates of Eden,,
2026-09-13,70,"Tangled Up in Blue / If You See Her, Say Hello (Bob Dylan)",,Bob Dylan,"Tangled Up in Blue / If You See Her, Say Hello",,,Bob Dylan,"Tangled Up in Blue / If You See Her, Say Hello",,
2026-09-13,70,Be Your USA (EASYFUN),,EASYFUN,Be Your USA,,,EASYFUN,Be Your USA,,
2026-09-13,70,The Killing Moon / Do It Clean (Echo & The Bunnymen),,Echo & The Bunnymen,The Killing Moon / Do It Clean,,,Echo & The Bunnymen,The Killing Moon / Do It Clean,,
2026-09-13,70,Bury the Light (Casey Edwards / Victor Borba),,Casey Edwards / Victor Borba,Bury the Light,,,Casey Edwards / Victor Borba,Bury the Light,,
2026-09-13,70,Last Stop: This Town (Eels),,Eels,Last Stop: This Town,,,Eels,Last Stop: This Town,,
2026-09-13,100,Birds of a Feather (Billie Eilish),,Billie Eilish,Birds of a Feather,,,Billie Eilish,Birds of a Feather,,
2026-09-13,60,Everything I Wanted (Billie Eilish),,Billie Eilish,Everything I Wanted,,,Billie Eilish,Everything I Wanted,,
2026-09-13,70,Happier Than Ever (Billie Eilish),,Billie Eilish,Happier Than Ever,,,Billie Eilish,Happier Than Ever,,
2026-09-13,90,Hit Me Hard and Soft (Billie Eilish),,Billie Eilish,Hit Me Hard and Soft,,,Billie Eilish,Hit Me Hard and Soft,,
2026-09-13,70,Night (Ludovico Einaudi),,Ludovico Einaudi,Night,,,Ludovico Einaudi,Night,,
2026-09-13,40,Time Out (Ludovico Einaudi),,Ludovico Einaudi,Time Out,,,Ludovico Einaudi,Time Out,,
2026-09-13,50,The Take Off and Landing of Everything (Elbow),,Elbow,The Take Off and Landing of Everything,,,Elbow,The Take Off and Landing of Everything,,
2026-09-13,70,Man to Man (Dorian Electra),,Dorian Electra,Man to Man,,,Dorian Electra,Man to Man,,
2026-09-13,50,Can't Get It Out of My Head / Strange Magic (Electric Light Orchestra),,Electric Light Orchestra,Can't Get It Out of My Head / Strange Magic,,,Electric Light Orchestra,Can't Get It Out of My Head / Strange Magic,,
2026-09-13,70,Mr. Blue Sky / One Summer Dream (Electric Light Orchestra),,Electric Light Orchestra,Mr. Blue Sky / One Summer Dream,,,Electric Light Orchestra,Mr. Blue Sky / One Summer Dream,,
2026-09-13,60,Still in Love With You (Electro Velvet),,Electro Velvet,Still in Love With You,,,Electro Velvet,Still in Love With You,,
2026-09-13,80,Make Me a Bird (Elektrik People),,Elektrik People,Make Me a Bird,,,Elektrik People,Make Me a Bird,,
2026-09-13,70,Weißes Papier (Element of Crime),,Element of Crime,Weißes Papier,,,Element of Crime,Weißes Papier,,
2026-09-13,80,Watching Trees (Eleven Pond),,Eleven Pond,Watching Trees,,,Eleven Pond,Watching Trees,,
2026-09-13,60,God Sent Me Here to Rock You (Naomi Elizabeth),,Naomi Elizabeth,God Sent Me Here to Rock You,,,Naomi Elizabeth,God Sent Me Here to Rock You,,
2026-09-13,70,Caravan / Azure (Duke Ellington and His Famous Orchestra),,Duke Ellington and His Famous Orchestra,Caravan / Azure,,,Duke Ellington and His Famous Orchestra,Caravan / Azure,,
2026-09-13,80,"Take the ""A"" Train / The Sidewalks of New York (Duke Ellington and His Famous Orchestra)",,Duke Ellington and His Famous Orchestra,"Take the ""A"" Train / The Sidewalks of New York",,,Duke Ellington and His Famous Orchestra,"Take the ""A"" Train / The Sidewalks of New York",,
2026-09-13,70,Murder on the Dancefloor (Sophie Ellis-Bextor),,Sophie Ellis-Bextor,Murder on the Dancefloor,,,Sophie Ellis-Bextor,Murder on the Dancefloor,,
2026-09-13,70,Él Mató a Un Policía Motorizado,,Él Mató a un Policía Motorizado,Él Mató a Un Policía Motorizado,,,Él Mató a un Policía Motorizado,Él Mató a Un Policía Motorizado,,
2026-09-13,70,El tesoro (Él Mató a un Policía Motorizado),,Él Mató a un Policía Motorizado,El tesoro,,,Él Mató a un Policía Motorizado,El tesoro,,
2026-09-13,90,"Nero Bali (Elodie, Michele Bravi & Guè)",,"Elodie, Michele Bravi & Guè",Nero Bali,,,"Elodie, Michele Bravi & Guè",Nero Bali,,
2026-09-13,80,That Man (Caro Emerald),,Caro Emerald,That Man,,,Caro Emerald,That Man,,
2026-09-13,30,.mp3 (Emilia),,Emilia,.mp3,,,Emilia,.mp3,,
2026-09-13,40,Rap God (Eminem),,Eminem,Rap God,,,Eminem,Rap God,,
2026-09-13,70,The Real Slim Shady (Eminem),,Eminem,The Real Slim Shady,,,Eminem,The Real Slim Shady,,
2026-09-13,70,Third Uncle / The Fat Lady of Limbourg (Eno),,Eno,Third Uncle / The Fat Lady of Limbourg,,,Eno,Third Uncle / The Fat Lady of Limbourg,,
2026-09-13,70,King's Lead Hat / R.A.F. (Brian Eno & Snatch),,Brian Eno & Snatch,King's Lead Hat / R.A.F.,,,Brian Eno & Snatch,King's Lead Hat / R.A.F.,,
2026-09-13,70,Am I Wrong (Envy),,Envy,Am I Wrong,,,Envy,Am I Wrong,,
2026-09-13,70,Caribbean Blue (Enya),,Enya,Caribbean Blue,,,Enya,Caribbean Blue,,
2026-09-13,40,Cutterpillow (Eraserheads),,Eraserheads,Cutterpillow,,,Eraserheads,Cutterpillow,,
2026-09-13,70,Am I Right? (Erasure),,Erasure,Am I Right?,,,Erasure,Am I Right?,,
2026-09-13,60,I Ain't No Joke / Extended Beat / Eric B Is on the Cut (Eric B. & Rakim),,Eric B. & Rakim,I Ain't No Joke / Extended Beat / Eric B Is on the Cut,,,Eric B. & Rakim,I Ain't No Joke / Extended Beat / Eric B Is on the Cut,,
2026-09-13,70,Raindancer (Erutan),,Erutan,Raindancer,,,Erutan,Raindancer,,
2026-09-13,70,Rock On / On and On (David Essex),,David Essex,Rock On / On and On,,,David Essex,Rock On / On and On,,
2026-09-13,70,Breath From Another (Esthero),,Esthero,Breath From Another,,,Esthero,Breath From Another,,
2026-09-13,70,Khishigten (Ethnic Zorigoo),,Ethnic Zorigoo,Khishigten,,,Ethnic Zorigoo,Khishigten,,
2026-09-13,80,Here Comes the Rain Again / Paint a Rumour (Eurythmics),,Eurythmics,Here Comes the Rain Again / Paint a Rumour,,,Eurythmics,Here Comes the Rain Again / Paint a Rumour,,
2026-09-13,90,Bring Me to Life (Evanescence),,Evanescence,Bring Me to Life,,,Evanescence,Bring Me to Life,,
2026-09-13,80,-77.82X-78.29 (EVERGLOW),,EVERGLOW,-77.82X-78.29,,,EVERGLOW,-77.82X-78.29,,
2026-09-13,80,Daughters (Evergreen),,Evergreen,Daughters,,,Evergreen,Daughters,,
2026-09-13,70,Everyone Asked About You,,Everyone Asked About You,Everyone Asked About You,,,Everyone Asked About You,Everyone Asked About You,,
2026-09-13,60,Single (Everything but the Girl),,Everything but the Girl,Single,,,Everything but the Girl,Single,,
2026-09-13,70,Cold Reactor (Everything Everything),,Everything Everything,Cold Reactor,,,Everything Everything,Cold Reactor,,
2026-09-13,70,No Reptiles (Everything Everything),,Everything Everything,No Reptiles,,,Everything Everything,No Reptiles,,
2026-09-13,70,Eclipse (EXID),,EXID,Eclipse,,,EXID,Eclipse,,
2026-09-13,80,EX'ACT (EXO),,EXO,EX'ACT,,,EXO,EX'ACT,,
2026-09-13,80,Blooming Days (EXO-CBX),,EXO-CBX,Blooming Days,,,EXO-CBX,Blooming Days,,
2026-09-13,60,We Are All From Somewhere Else (Exploding Star Orchestra),,Exploding Star Orchestra,We Are All From Somewhere Else,,,Exploding Star Orchestra,We Are All From Somewhere Else,,
2026-09-13,70,Beat the Bastards (The Exploited),,The Exploited,Beat the Bastards,,,The Exploited,Beat the Bastards,,
2026-09-13,50,La ley innata (Extremoduro),,Extremoduro,La ley innata,,,Extremoduro,La ley innata,,
2026-09-13,60,Manila Ice (Eyedress),,Eyedress,Manila Ice,,,Eyedress,Manila Ice,,
2026-09-13,70,LSD lindo sonho delirante / O reloginho (Fábio),,Fábio,LSD lindo sonho delirante / O reloginho,,,Fábio,LSD lindo sonho delirante / O reloginho,,
2026-09-13,60,Your Past Comes Back to Haunt You: The Fonotone Years [1958-1965] (John Fahey),,John Fahey,Your Past Comes Back to Haunt You: The Fonotone Years [1958-1965],,,John Fahey,Your Past Comes Back to Haunt You: The Fonotone Years [1958-1965],,
2026-09-13,60,Fantastic Planet (Failure),,Failure,Fantastic Planet,,,Failure,Fantastic Planet,,
2026-09-13,70,Midlife Crisis (Faith No More),,Faith No More,Midlife Crisis,,,Faith No More,Midlife Crisis,,
2026-09-13,30,Falco 3,,Falco,Falco 3,,,Falco,Falco 3,,
2026-09-13,80,Heartbreak Feels So Good (Fall Out Boy),,Fall Out Boy,Heartbreak Feels So Good,,,Fall Out Boy,Heartbreak Feels So Good,,
2026-09-13,80,So Much (For) Stardust (Fall Out Boy),,Fall Out Boy,So Much (For) Stardust,,,Fall Out Boy,So Much (For) Stardust,,
2026-09-13,80,"This Ain't a Scene, It's an Arms Race (Fall Out Boy)",,Fall Out Boy,"This Ain't a Scene, It's an Arms Race",,,Fall Out Boy,"This Ain't a Scene, It's an Arms Race",,
2026-09-13,90,Thnks fr th Mmrs (Fall Out Boy),,Fall Out Boy,Thnks fr th Mmrs,,,Fall Out Boy,Thnks fr th Mmrs,,
2026-09-13,60,We Didn't Start the Fire (Fall Out Boy),,Fall Out Boy,We Didn't Start the Fire,,,Fall Out Boy,We Didn't Start the Fire,,
2026-09-13,90,"What a Catch, Donnie (Fall Out Boy)",,Fall Out Boy,"What a Catch, Donnie",,,Fall Out Boy,"What a Catch, Donnie",,
2026-09-13,70,Young and Menace (Fall Out Boy),,Fall Out Boy,Young and Menace,,,Fall Out Boy,Young and Menace,,
2026-09-13,70,Young Volcanoes (Fall Out Boy),,Fall Out Boy,Young Volcanoes,,,Fall Out Boy,Young Volcanoes,,
2026-09-13,20,Gucci Gang (Fame on Fire),,Fame on Fire,Gucci Gang,,,Fame on Fire,Gucci Gang,,
2026-09-13,70,Hazel (Far Apart),,Far Apart,Hazel,,,Far Apart,Hazel,,
2026-09-13,80,Pure Comedy (Father John Misty),,Father John Misty,Pure Comedy,,,Father John Misty,Pure Comedy,,
2026-09-13,10,Angelic 2 the Core (Corey Feldman),,Corey Feldman,Angelic 2 the Core,,,Corey Feldman,Angelic 2 the Core,,
2026-09-13,70,Ballad of the Band (Felt),,Felt,Ballad of the Band,,,Felt,Ballad of the Band,,
2026-09-13,70,Everything Is Embarrassing (Sky Ferreira),,Sky Ferreira,Everything Is Embarrassing,,,Sky Ferreira,Everything Is Embarrassing,,
2026-09-13,70,Frantic (Bryan Ferry),,Bryan Ferry,Frantic,,,Bryan Ferry,Frantic,,
2026-09-13,70,Carbon Dioxide (Fever Ray),,Fever Ray,Carbon Dioxide,,,Fever Ray,Carbon Dioxide,,
2026-09-13,70,If I Had a Heart (Fever Ray),,Fever Ray,If I Had a Heart,,,Fever Ray,If I Had a Heart,,
2026-09-13,80,Brooklyn (Fickle Friends),,Fickle Friends,Brooklyn,,,Fickle Friends,Brooklyn,,
2026-09-13,70,Careful (Fiction),,Fiction,Careful,,,Fiction,Careful,,
2026-09-13,70,My World (Lee Fields & The Expressions),,Lee Fields & The Expressions,My World,,,Lee Fields & The Expressions,My World,,
2026-09-13,70,The Fifty (FIFTY FIFTY),,FIFTY FIFTY,The Fifty,,,FIFTY FIFTY,The Fifty,,
2026-09-13,50,Exit! (Fire! Orchestra),,Fire! Orchestra,Exit!,,,Fire! Orchestra,Exit!,,
2026-09-13,70,98.12.28 男達の別れ (Fishmans),,Fishmans,98.12.28 男達の別れ,,,Fishmans,98.12.28 男達の別れ,,
2026-09-13,30,いかれたBaby / 感謝(驚) / Weather Report (Fishmans),,Fishmans,いかれたBaby / 感謝(驚) / Weather Report,,,Fishmans,いかれたBaby / 感謝(驚) / Weather Report,,
2026-09-13,60,Once Too Often / Time Alone Will Tell (Ella Fitzgerald),,Ella Fitzgerald,Once Too Often / Time Alone Will Tell,,,Ella Fitzgerald,Once Too Often / Time Alone Will Tell,,
2026-09-13,60,Eusexua (FKA twigs),,FKA twigs,Eusexua,,,FKA twigs,Eusexua,,
2026-09-13,60,In Time (FKA twigs),,FKA twigs,In Time,,,FKA twigs,In Time,,
2026-09-13,70,Sad Day (FKA twigs),,FKA twigs,Sad Day,,,FKA twigs,Sad Day,,
2026-09-13,90,Killing Me Softly With His Song / Just Like a Woman (Roberta Flack),,Roberta Flack,Killing Me Softly With His Song / Just Like a Woman,,,Roberta Flack,Killing Me Softly With His Song / Just Like a Woman,,
2026-09-13,70,Shake Some Action / Teenage Confidential (Flamin' Groovies),,Flamin' Groovies,Shake Some Action / Teenage Confidential,,,Flamin' Groovies,Shake Some Action / Teenage Confidential,,
2026-09-13,70,Do You Realize?? (The Flaming Lips),,The Flaming Lips,Do You Realize??,,,The Flaming Lips,Do You Realize??,,
2026-09-13,70,Race for the Prize (The Flaming Lips),,The Flaming Lips,Race for the Prize,,,The Flaming Lips,Race for the Prize,,
2026-09-13,60,I Only Have Eyes for You / Goodnight Sweetheart (The Flamingos),,The Flamingos,I Only Have Eyes for You / Goodnight Sweetheart,,,The Flamingos,I Only Have Eyes for You / Goodnight Sweetheart,,
2026-09-13,50,"Foggy Mountain Breakdown / No Mother or Dad (Lester Flatt, Earl Scruggs and the Foggy Mountain Boys)",,"Lester Flatt, Earl Scruggs and the Foggy Mountain Boys",Foggy Mountain Breakdown / No Mother or Dad,,,"Lester Flatt, Earl Scruggs and the Foggy Mountain Boys",Foggy Mountain Breakdown / No Mother or Dad,,
2026-09-13,70,Dreams / Songbird (Fleetwood Mac),,Fleetwood Mac,Dreams / Songbird,,,Fleetwood Mac,Dreams / Songbird,,
2026-09-13,70,Gold Dust Woman / Gypsy (Fleetwood Mac),,Fleetwood Mac,Gold Dust Woman / Gypsy,,,Fleetwood Mac,Gold Dust Woman / Gypsy,,
2026-09-13,70,Rumours (Fleetwood Mac),,Fleetwood Mac,Rumours,,,Fleetwood Mac,Rumours,,
2026-09-13,70,Sara / That's Enough for Me (Fleetwood Mac),,Fleetwood Mac,Sara / That's Enough for Me,,,Fleetwood Mac,Sara / That's Enough for Me,,
2026-09-13,60,The Chain / Go Your Own Way (Fleetwood Mac),,Fleetwood Mac,The Chain / Go Your Own Way,,,Fleetwood Mac,The Chain / Go Your Own Way,,
2026-09-13,70,Space Age Love Song / Windows (A Flock of Seagulls),,A Flock of Seagulls,Space Age Love Song / Windows,,,A Flock of Seagulls,Space Age Love Song / Windows,,
2026-09-13,70,Cosmic Love (Florence + The Machine),,Florence + The Machine,Cosmic Love,,,Florence + The Machine,Cosmic Love,,
2026-09-13,70,What Kind of Man (Florence + The Machine),,Florence + The Machine,What Kind of Man,,,Florence + The Machine,What Kind of Man,,
2026-09-13,70,What the Water Gave Me (Florence + The Machine),,Florence + The Machine,What the Water Gave Me,,,Florence + The Machine,What the Water Gave Me,,
2026-09-13,50,Whistle (Flo Rida),,Flo Rida,Whistle,,,Flo Rida,Whistle,,
2026-09-13,70,Experiments (Florrie),,Florrie,Experiments,,,Florrie,Experiments,,
2026-09-13,70,Knock on Wood / Got to Make a Comeback (Eddie Floyd),,Eddie Floyd,Knock on Wood / Got to Make a Comeback,,,Eddie Floyd,Knock on Wood / Got to Make a Comeback,,
2026-09-13,70,Spanish Sahara (Foals),,Foals,Spanish Sahara,,,Foals,Spanish Sahara,,
2026-09-13,70,Despacito (Luis Fonsi),,Luis Fonsi,Despacito,,,Luis Fonsi,Despacito,,
2026-09-13,70,Starburster (Fontaines D.C.),,Fontaines D.C.,Starburster,,,Fontaines D.C.,Starburster,,
2026-09-13,70,Everlong (Foo Fighters),,Foo Fighters,Everlong,,,Foo Fighters,Everlong,,
2026-09-13,40,On a Slow Boat to China / That Lucky Old Sun (Emile Ford and The Checkmates),,Emile Ford and The Checkmates,On a Slow Boat to China / That Lucky Old Sun,,,Emile Ford and The Checkmates,On a Slow Boat to China / That Lucky Old Sun,,
2026-09-13,10,Boycott Target (Forgiato Blow & Jimmy Levy),,Forgiato Blow & Jimmy Levy,Boycott Target,,,Forgiato Blow & Jimmy Levy,Boycott Target,,
2026-09-13,20,H82cme (Fortunado),,Fortunado,H82cme,,,Fortunado,H82cme,,
2026-09-13,70,Helena Beat (Foster the People),,Foster the People,Helena Beat,,,Foster the People,Helena Beat,,
2026-09-13,80,Houdini (Foster the People),,Foster the People,Houdini,,,Foster the People,Houdini,,
2026-09-13,100,"Undertale (Toby ""Radiation"" Fox)",,"Toby ""Radiation"" Fox",Undertale,,,"Toby ""Radiation"" Fox",Undertale,,
2026-09-13,70,Youth / Home (Foxes),,Foxes,Youth / Home,,,Foxes,Youth / Home,,
2026-09-13,70,Insista em mim (Ana Frango Elétrico),,Ana Frango Elétrico,Insista em mim,,,Ana Frango Elétrico,Insista em mim,,
2026-09-13,70,Mulher homem bicho (Ana Frango Elétrico),,Ana Frango Elétrico,Mulher homem bicho,,,Ana Frango Elétrico,Mulher homem bicho,,
2026-09-13,20,Jackson C. Frank,,Jackson C. Frank,Jackson C. Frank,,,Jackson C. Frank,Jackson C. Frank,,
2026-09-13,70,Rock Steady / Oh Me Oh My (I'm a Fool for You) (Aretha Franklin),,Aretha Franklin,Rock Steady / Oh Me Oh My (I'm a Fool for You),,,Aretha Franklin,Rock Steady / Oh Me Oh My (I'm a Fool for You),,
2026-09-13,60,Werewolf / No Werewolf (The Frantics),,The Frantics,Werewolf / No Werewolf,,,The Frantics,Werewolf / No Werewolf,,
2026-09-13,80,Take Me Out (Franz Ferdinand),,Franz Ferdinand,Take Me Out,,,Franz Ferdinand,Take Me Out,,
2026-09-13,70,State of Art / Because the Nigth / The Pan Within (Friends Again / The Waterboys),,Friends Again / The Waterboys,State of Art / Because the Nigth / The Pan Within,,,Friends Again / The Waterboys,State of Art / Because the Nigth / The Pan Within,,
2026-09-13,50,All My Fellas (Frizk),,Frizk,All My Fellas,,,Frizk,All My Fellas,,
2026-09-13,70,Unlock My World (fromis_9),,fromis_9,Unlock My World,,,fromis_9,Unlock My World,,
2026-09-13,70,Let Go (Frou Frou),,Frou Frou,Let Go,,,Frou Frou,Let Go,,
2026-09-13,70,Can You Get to That / Back in Our Minds (Funkadelic),,Funkadelic,Can You Get to That / Back in Our Minds,,,Funkadelic,Can You Get to That / Back in Our Minds,,
2026-09-13,80,One Nation Under a Groove (Parts 1 & 2) (Funkadelic),,Funkadelic,One Nation Under a Groove (Parts 1 & 2),,,Funkadelic,One Nation Under a Groove (Parts 1 & 2),,
2026-09-13,70,Promiscuous (Nelly Furtado),,Nelly Furtado,Promiscuous,,,Nelly Furtado,Promiscuous,,
2026-09-13,90,Say It Right (Nelly Furtado),,Nelly Furtado,Say It Right,,,Nelly Furtado,Say It Right,,
2026-09-13,40,Bad Bitch! (Future Girlfriend),,Future Girlfriend,Bad Bitch!,,,Future Girlfriend,Bad Bitch!,,
2026-09-13,70,Future Cuts (Future Girlfriend),,Future Girlfriend,Future Cuts,,,Future Girlfriend,Future Cuts,,
2026-09-13,60,I LOVE YOU 愛してる. (Future Girlfriend),,Future Girlfriend,I LOVE YOU 愛してる.,,,Future Girlfriend,I LOVE YOU 愛してる.,,
2026-09-13,60,Seasons (Waiting on You) / One Day (Future Islands),,Future Islands,Seasons (Waiting on You) / One Day,,,Future Islands,Seasons (Waiting on You) / One Day,,
2026-09-13,70,4 Walls / Cowboy (f(x)),,f(x),4 Walls / Cowboy,,,f(x),4 Walls / Cowboy,,
2026-09-13,60,Runner (Alex G),,Alex G,Runner,,,Alex G,Runner,,
2026-09-13,70,Sarah (Alex G),,Alex G,Sarah,,,Alex G,Sarah,,
2026-09-13,20,What a Wonderful World (Kenny G),,Kenny G,What a Wonderful World,,,Kenny G,What a Wonderful World,,
2026-09-13,10,Bohemian Rhapsody (G4),,G4,Bohemian Rhapsody,,,G4,Bohemian Rhapsody,,
2026-09-13,60,Solsbury Hill / Games Without Frontiers (Peter Gabriel),,Peter Gabriel,Solsbury Hill / Games Without Frontiers,,,Peter Gabriel,Solsbury Hill / Games Without Frontiers,,
2026-09-13,70,Solsbury Hill / Moribund the Burgermeister (Peter Gabriel),,Peter Gabriel,Solsbury Hill / Moribund the Burgermeister,,,Peter Gabriel,Solsbury Hill / Moribund the Burgermeister,,
2026-09-13,60,Solsbury Hill / Shaking the Tree (Peter Gabriel),,Peter Gabriel,Solsbury Hill / Shaking the Tree,,,Peter Gabriel,Solsbury Hill / Shaking the Tree,,
2026-09-13,70,Transient (Gaelle),,Gaelle,Transient,,,Gaelle,Transient,,
2026-09-13,70,Deadly Valentine (Charlotte Gainsbourg),,Charlotte Gainsbourg,Deadly Valentine,,,Charlotte Gainsbourg,Deadly Valentine,,
2026-09-13,70,Histoire de Melody Nelson (Serge Gainsbourg),,Serge Gainsbourg,Histoire de Melody Nelson,,,Serge Gainsbourg,Histoire de Melody Nelson,,
2026-09-13,80,Deuce (Rory Gallagher),,Rory Gallagher,Deuce,,,Rory Gallagher,Deuce,,
2026-09-13,70,The Death of You and Me (Noel Gallagher's High Flying Birds),,Noel Gallagher's High Flying Birds,The Death of You and Me,,,Noel Gallagher's High Flying Birds,The Death of You and Me,,
2026-09-13,70,Damaged Goods / Love Like Anthrax / Armalite Rifle (Gang of Four),,Gang of Four,Damaged Goods / Love Like Anthrax / Armalite Rifle,,,Gang of Four,Damaged Goods / Love Like Anthrax / Armalite Rifle,,
2026-09-13,10,Dumb Bitch Juice (Alice Longyu Gao),,Alice Longyu Gao,Dumb Bitch Juice,,,Alice Longyu Gao,Dumb Bitch Juice,,
2026-09-13,70,You Dropped a Bomb on Me / Lonely Like Me (The Gap Band),,The Gap Band,You Dropped a Bomb on Me / Lonely Like Me,,,The Gap Band,You Dropped a Bomb on Me / Lonely Like Me,,
2026-09-13,80,Stupid Girl (Garbage),,Garbage,Stupid Girl,,,Garbage,Stupid Girl,,
2026-09-13,100,Supervixen (Garbage),,Garbage,Supervixen,,,Garbage,Supervixen,,
2026-09-13,70,Taken from the Debut Album + Foil Bag (Garbage),,Garbage,Taken from the Debut Album + Foil Bag,,,Garbage,Taken from the Debut Album + Foil Bag,,
2026-09-13,80,Clics modernos (Charly García),,Charly García,Clics modernos,,,Charly García,Clics modernos,,
2026-09-13,60,Por una cabeza / Los ojos de mi moza (Carlos Gardel),,Carlos Gardel,Por una cabeza / Los ojos de mi moza,,,Carlos Gardel,Por una cabeza / Los ojos de mi moza,,
2026-09-13,70,Thy Mission (The Garden),,The Garden,Thy Mission,,,The Garden,Thy Mission,,
2026-09-13,70,Heartbeat (Taana Gardner),,Taana Gardner,Heartbeat,,,Taana Gardner,Heartbeat,,
2026-09-13,50,In the Name of Love (Martin Garrix & Bebe Rexha),,Martin Garrix & Bebe Rexha,In the Name of Love,,,Martin Garrix & Bebe Rexha,In the Name of Love,,
2026-09-13,70,I Heard It Through the Grapevine / You're What's Happening (In the World Today) (Marvin Gaye),,Marvin Gaye,I Heard It Through the Grapevine / You're What's Happening (In the World Today),,,Marvin Gaye,I Heard It Through the Grapevine / You're What's Happening (In the World Today),,
2026-09-13,70,Let's Get It On / I Wish It Would Rain (Marvin Gaye),,Marvin Gaye,Let's Get It On / I Wish It Would Rain,,,Marvin Gaye,Let's Get It On / I Wish It Would Rain,,
2026-09-13,80,What's Going On / God Is Love (Marvin Gaye),,Marvin Gaye,What's Going On / God Is Love,,,Marvin Gaye,What's Going On / God Is Love,,
2026-09-13,50,Abcdefu (GAYLE),,GAYLE,Abcdefu,,,GAYLE,Abcdefu,,
2026-09-13,80,I Will Survive / Substitute (Gloria Gaynor),,Gloria Gaynor,I Will Survive / Substitute,,,Gloria Gaynor,I Will Survive / Substitute,,
2026-09-13,70,The Carpet Crawlers / The Waiting Room (Evil Jam) (Genesis),,Genesis,The Carpet Crawlers / The Waiting Room (Evil Jam),,,Genesis,The Carpet Crawlers / The Waiting Room (Evil Jam),,
2026-09-13,60,In a Glass House (Gentle Giant),,Gentle Giant,In a Glass House,,,Gentle Giant,In a Glass House,,
2026-09-13,70,About Work the Dancefloor (Georgia),,Georgia,About Work the Dancefloor,,,Georgia,About Work the Dancefloor,,
2026-09-13,40,Friday Night (@GFOTY),,@GFOTY,Friday Night,,,@GFOTY,Friday Night,,
2026-09-13,70,Square Hammer / He Is (Ghost),,Ghost,Square Hammer / He Is,,,Ghost,Square Hammer / He Is,,
2026-09-13,90,The Incredibles (Michael Giacchino),,Michael Giacchino,The Incredibles,,,Michael Giacchino,The Incredibles,,
2026-09-13,80,Moonlight Sonata (Emil Gilels),,Emil Gilels,Moonlight Sonata,,,Emil Gilels,Moonlight Sonata,,
2026-09-13,70,David Gilmour,,David Gilmour,David Gilmour,,,David Gilmour,David Gilmour,,
2026-09-13,50,Caméléon (GIMS),,GIMS,Caméléon,,,GIMS,Caméléon,,
2026-09-13,70,Est-ce que tu m'aimes? (GIMS),,GIMS,Est-ce que tu m'aimes?,,,GIMS,Est-ce que tu m'aimes?,,
2026-09-13,40,Laissez passer (GIMS),,GIMS,Laissez passer,,,GIMS,Laissez passer,,
2026-09-13,80,Loretta (Ginger Root),,Ginger Root,Loretta,,,Ginger Root,Loretta,,
2026-09-13,70,Differences (Ginuwine),,Ginuwine,Differences,,,Ginuwine,Differences,,
2026-09-13,80,Pony (Ginuwine),,Ginuwine,Pony,,,Ginuwine,Pony,,
2026-09-13,10,Mai piu la guerra (Giovanni Paolo II),,Giovanni Paolo II,Mai piu la guerra,,,Giovanni Paolo II,Mai piu la guerra,,
2026-09-13,70,Lust for Life / Morning Light (Girls),,Girls,Lust for Life / Morning Light,,,Girls,Lust for Life / Morning Light,,
2026-09-13,70,Biology (Girls Aloud),,Girls Aloud,Biology,,,Girls Aloud,Biology,,
2026-09-13,70,Keep the Beats! (Girls Dead Monster),,Girls Dead Monster,Keep the Beats!,,,Girls Dead Monster,Keep the Beats!,,
2026-09-13,60,Last Song (Girls Dead Monster Starring marina),,Girls Dead Monster Starring marina,Last Song,,,Girls Dead Monster Starring marina,Last Song,,
2026-09-13,60,Sjofn (Gjallarhorn),,Gjallarhorn,Sjofn,,,Gjallarhorn,Sjofn,,
2026-09-13,50,NIGHTMARES (Alice Glass),,Alice Glass,NIGHTMARES,,,Alice Glass,NIGHTMARES,,
2026-09-13,70,Gooey (Glass Animals),,Glass Animals,Gooey,,,Glass Animals,Gooey,,
2026-09-13,50,Reilly's Daughter / The Muskerry Sportsman (The Glenfolk 4),,The Glenfolk 4,Reilly's Daughter / The Muskerry Sportsman,,,The Glenfolk 4,Reilly's Daughter / The Muskerry Sportsman,,
2026-09-13,60,Carry Me Back to Old Virginny (Alma Gluck),,Alma Gluck,Carry Me Back to Old Virginny,,,Alma Gluck,Carry Me Back to Old Virginny,,
2026-09-13,40,"I Hate U, I Love U (gnash)",,gnash,"I Hate U, I Love U",,,gnash,"I Hate U, I Love U",,
2026-09-13,60,My Pal / A Man Without a Woman Is Like a Nun Without a Jackhammer (God),,God,My Pal / A Man Without a Woman Is Like a Nun Without a Jackhammer,,,God,My Pal / A Man Without a Woman Is Like a Nun Without a Jackhammer,,
2026-09-13,70,Slow Riot for New Zerø Kanada E.P. (Godspeed You Black Emperor!),,Godspeed You Black Emperor!,Slow Riot for New Zerø Kanada E.P.,,,Godspeed You Black Emperor!,Slow Riot for New Zerø Kanada E.P.,,
2026-09-13,80,Beauty and the Beat (Go-Go's),,Go-Go's,Beauty and the Beat,,,Go-Go's,Beauty and the Beat,,
2026-09-13,70,Moontan (Golden Earring),,Golden Earring,Moontan,,,Golden Earring,Moontan,,
2026-09-13,70,Lovely Head (Goldfrapp),,Goldfrapp,Lovely Head,,,Goldfrapp,Lovely Head,,
2026-09-13,70,Bad Liar (Selena Gomez),,Selena Gomez,Bad Liar,,,Selena Gomez,Bad Liar,,
2026-09-13,60,"Sing, Sing, Sing (Parts 1 & 2) (Benny Goodman and His Orchestra)",,Benny Goodman and His Orchestra,"Sing, Sing, Sing (Parts 1 & 2)",,,Benny Goodman and His Orchestra,"Sing, Sing, Sing (Parts 1 & 2)",,
2026-09-13,70,Dizzy Up the Girl (The Goo Goo Dolls),,The Goo Goo Dolls,Dizzy Up the Girl,,,The Goo Goo Dolls,Dizzy Up the Girl,,
2026-09-13,20,Cutie Cutie (Gorezunyan),,Gorezunyan,Cutie Cutie,,,Gorezunyan,Cutie Cutie,,
2026-09-13,70,DoYaThing (Gorillaz),,Gorillaz,DoYaThing,,,Gorillaz,DoYaThing,,
2026-09-13,60,On Melancholy Hill (Gorillaz),,Gorillaz,On Melancholy Hill,,,Gorillaz,On Melancholy Hill,,
2026-09-13,70,Rhinestone Eyes (Gorillaz),,Gorillaz,Rhinestone Eyes,,,Gorillaz,Rhinestone Eyes,,
2026-09-13,50,Gorky,,Gorky,Gorky,,,Gorky,Gorky,,
2026-09-13,70,I Go (Peggy Gou),,Peggy Gou,I Go,,,Peggy Gou,I Go,,
2026-09-13,70,Anything Could Happen (Ellie Goulding),,Ellie Goulding,Anything Could Happen,,,Ellie Goulding,Anything Could Happen,,
2026-09-13,70,Figure 8 (Ellie Goulding),,Ellie Goulding,Figure 8,,,Ellie Goulding,Figure 8,,
2026-09-13,80,Lights (Ellie Goulding),,Ellie Goulding,Lights,,,Ellie Goulding,Lights,,
2026-09-13,70,On My Mind (Ellie Goulding),,Ellie Goulding,On My Mind,,,Ellie Goulding,On My Mind,,
2026-09-13,70,Starry Eyed (Ellie Goulding),,Ellie Goulding,Starry Eyed,,,Ellie Goulding,Starry Eyed,,
2026-09-13,20,"Honey, I'm Good (Andy Grammer)",,Andy Grammer,"Honey, I'm Good",,,Andy Grammer,"Honey, I'm Good",,
2026-09-13,70,"He's Simple, He's Dumb, He's the Pilot. (Grandaddy)",,Grandaddy,"He's Simple, He's Dumb, He's the Pilot.",,,Grandaddy,"He's Simple, He's Dumb, He's the Pilot.",,
2026-09-13,70,7 Rings (Ariana Grande),,Ariana Grande,7 Rings,,,Ariana Grande,7 Rings,,
2026-09-13,70,Bad Idea (Ariana Grande),,Ariana Grande,Bad Idea,,,Ariana Grande,Bad Idea,,
2026-09-13,70,Breathin (Ariana Grande),,Ariana Grande,Breathin,,,Ariana Grande,Breathin,,
2026-09-13,70,God Is a Woman (Ariana Grande),,Ariana Grande,God Is a Woman,,,Ariana Grande,God Is a Woman,,
2026-09-13,70,"Thank U, Next (Ariana Grande)",,Ariana Grande,"Thank U, Next",,,Ariana Grande,"Thank U, Next",,
2026-09-13,70,Love Me Harder (Ariana Grande & The Weeknd),,Ariana Grande & The Weeknd,Love Me Harder,,,Ariana Grande & The Weeknd,Love Me Harder,,
2026-09-13,10,It Was A... (Masked Christmas) (Ariana Grande + Jimmy Fallon + Megan thee Stallion),,Ariana Grande + Jimmy Fallon + Megan thee Stallion,It Was A... (Masked Christmas),,,Ariana Grande + Jimmy Fallon + Megan thee Stallion,It Was A... (Masked Christmas),,
2026-09-13,60,apologize (grandson),,grandson,apologize,,,grandson,apologize,,
2026-09-13,70,Touch of Grey / My Brother Esau (Grateful Dead),,Grateful Dead,Touch of Grey / My Brother Esau,,,Grateful Dead,Touch of Grey / My Brother Esau,,
2026-09-13,80,The Weekend (Michael Gray),,Michael Gray,The Weekend,,,Michael Gray,The Weekend,,
2026-09-13,70,Let's Stay Together / Tomorrow's Dream (Al Green),,Al Green,Let's Stay Together / Tomorrow's Dream,,,Al Green,Let's Stay Together / Tomorrow's Dream,,
2026-09-13,60,Father of All... (Green Day),,Green Day,Father of All...,,,Green Day,Father of All...,,
2026-09-13,70,Holiday (Green Day),,Green Day,Holiday,,,Green Day,Holiday,,
2026-09-13,70,When I Come Around (Green Day),,Green Day,When I Come Around,,,Green Day,When I Come Around,,
2026-09-13,20,God Bless the USA / This Old Bed (Lee Greenwood),,Lee Greenwood,God Bless the USA / This Old Bed,,,Lee Greenwood,God Bless the USA / This Old Bed,,
2026-09-13,70,Genesis (Grimes),,Grimes,Genesis,,,Grimes,Genesis,,
2026-09-13,70,Oblivion (Grimes),,Grimes,Oblivion,,,Grimes,Oblivion,,
2026-09-13,70,Two Weeks (Grizzly Bear),,Grizzly Bear,Two Weeks,,,Grizzly Bear,Two Weeks,,
2026-09-13,80,You Raise Me Up (Josh Groban),,Josh Groban,You Raise Me Up,,,Josh Groban,You Raise Me Up,,
2026-09-13,70,Jimmy / Onderweg (Boudewijn de Groot),,Boudewijn de Groot,Jimmy / Onderweg,,,Boudewijn de Groot,Jimmy / Onderweg,,
2026-09-13,70,Verdronken vlinder / Beneden alle peil (Boudewijn de Groot),,Boudewijn de Groot,Verdronken vlinder / Beneden alle peil,,,Boudewijn de Groot,Verdronken vlinder / Beneden alle peil,,
2026-09-13,60,God Is a Girl (Groove Coverage),,Groove Coverage,God Is a Girl,,,Groove Coverage,God Is a Girl,,
2026-09-13,70,Groove Theory,,Groove Theory,Groove Theory,,,Groove Theory,Groove Theory,,
2026-09-13,70,Paradise Valley (Grouper),,Grouper,Paradise Valley,,,Grouper,Paradise Valley,,
2026-09-13,70,The Heart Is a Lonely Hunter (Dave Grusin),,Dave Grusin,The Heart Is a Lonely Hunter,,,Dave Grusin,The Heart Is a Lonely Hunter,,
2026-09-13,70,"Oh, Good Grief / Linus and Lucy (Vince Guaraldi Trio)",,Vince Guaraldi Trio,"Oh, Good Grief / Linus and Lucy",,,Vince Guaraldi Trio,"Oh, Good Grief / Linus and Lucy",,
2026-09-13,80,Lovers on the Sun (David Guetta),,David Guetta,Lovers on the Sun,,,David Guetta,Lovers on the Sun,,
2026-09-13,10,"Baby Don’t Hurt Me (David Guetta, Anne-Marie & Coi Leray)",,"David Guetta, Anne-Marie & Coi Leray",Baby Don’t Hurt Me,,,"David Guetta, Anne-Marie & Coi Leray",Baby Don’t Hurt Me,,
2026-09-13,30,I'm a Gummy Bear (The Gummy Bear Song) (Gummibär),,Gummibär,I'm a Gummy Bear (The Gummy Bear Song),,,Gummibär,I'm a Gummy Bear (The Gummy Bear Song),,
2026-09-13,50,Absurd (Guns n' Roses),,Guns n' Roses,Absurd,,,Guns n' Roses,Absurd,,
2026-09-13,90,Estranged (Guns n' Roses),,Guns n' Roses,Estranged,,,Guns n' Roses,Estranged,,
2026-09-13,90,Sweet Child o' Mine / It's So Easy (Guns n' Roses),,Guns n' Roses,Sweet Child o' Mine / It's So Easy,,,Guns n' Roses,Sweet Child o' Mine / It's So Easy,,
2026-09-13,50,Polydistortion (GusGus),,GusGus,Polydistortion,,,GusGus,Polydistortion,,
2026-09-13,60,Mysterious Skin (Robin Guthrie & Harold Budd),,Robin Guthrie & Harold Budd,Mysterious Skin,,,Robin Guthrie & Harold Budd,Mysterious Skin,,
2026-09-13,80,The Keys (GWSN),,GWSN,The Keys,,,GWSN,The Keys,,
2026-09-13,70,The Park in the Night: Part Three (GWSN),,GWSN,The Park in the Night: Part Three,,,GWSN,The Park in the Night: Part Three,,
2026-09-13,70,Forgotten Notes (Hackman),,Hackman,Forgotten Notes,,,Hackman,Forgotten Notes,,
2026-09-13,80,Rock My Heart (Haddaway),,Haddaway,Rock My Heart,,,Haddaway,Rock My Heart,,
2026-09-13,90,What Is Love (Haddaway),,Haddaway,What Is Love,,,Haddaway,What Is Love,,
2026-09-13,50,Summer Girl (HAIM),,HAIM,Summer Girl,,,HAIM,Summer Girl,,
2026-09-13,80,Fatal Gift (Emily Haines & The Soft Skeleton),,Emily Haines & The Soft Skeleton,Fatal Gift,,,Emily Haines & The Soft Skeleton,Fatal Gift,,
2026-09-13,70,Still Feel (half•alive),,half•alive,Still Feel,,,half•alive,Still Feel,,
2026-09-13,60,Scream If You Wanna Go Faster (Geri Halliwell),,Geri Halliwell,Scream If You Wanna Go Faster,,,Geri Halliwell,Scream If You Wanna Go Faster,,
2026-09-13,40,New Americana (Halsey),,Halsey,New Americana,,,Halsey,New Americana,,
2026-09-13,40,"Mainzer Gold / Junge Mädchen, schöne Rosen (Toni Hämmerle)",,Toni Hämmerle,"Mainzer Gold / Junge Mädchen, schöne Rosen",,,Toni Hämmerle,"Mainzer Gold / Junge Mädchen, schöne Rosen",,
2026-09-13,60,MMMBop (Hanson),,Hanson,MMMBop,,,Hanson,MMMBop,,
2026-09-13,60,Frag' den Abendwind (Françoise Hardy),,Françoise Hardy,Frag' den Abendwind,,,Françoise Hardy,Frag' den Abendwind,,
2026-09-13,80,Super Natural (Danny L Harle),,Danny L Harle,Super Natural,,,Danny L Harle,Super Natural,,
2026-09-13,60,Toodle Oo Blues / You Got to Be Satisfied (Harlem Hamfats),,Harlem Hamfats,Toodle Oo Blues / You Got to Be Satisfied,,,Harlem Hamfats,Toodle Oo Blues / You Got to Be Satisfied,,
2026-09-13,70,Ev'ry Little Teardrop / I Never Knew What Love Was Like (Al Hartley),,Al Hartley,Ev'ry Little Teardrop / I Never Knew What Love Was Like,,,Al Hartley,Ev'ry Little Teardrop / I Never Knew What Love Was Like,,
2026-09-13,70,Down by the Water (P J Harvey),,P J Harvey,Down by the Water,,,P J Harvey,Down by the Water,,
2026-09-13,70,"Stories From the City, Stories From the Sea (PJ Harvey)",,PJ Harvey,"Stories From the City, Stories From the Sea",,,PJ Harvey,"Stories From the City, Stories From the Sea",,
2026-09-13,70,HaSeul (LOONA / HaSeul),,LOONA / HaSeul,HaSeul,,,LOONA / HaSeul,HaSeul,,
2026-09-13,80,Plastic Candy (HaSeul),,HaSeul,Plastic Candy,,,HaSeul,Plastic Candy,,
2026-09-13,70,Nosedive (Hatchie),,Hatchie,Nosedive,,,Hatchie,Nosedive,,
2026-09-13,30,Extension of a Man (Donny Hathaway),,Donny Hathaway,Extension of a Man,,,Donny Hathaway,Extension of a Man,,
2026-09-13,70,The Mysterious Vanishing of Electra (Anna von Hausswolff),,Anna von Hausswolff,The Mysterious Vanishing of Electra,,,Anna von Hausswolff,The Mysterious Vanishing of Electra,,
2026-09-13,40,"The Truth, the Glow, the Fall (Anna von Hausswolff)",,Anna von Hausswolff,"The Truth, the Glow, the Fall",,,Anna von Hausswolff,"The Truth, the Glow, the Fall",,
2026-09-13,80,I Put a Spell on You / Little Demon (Screamin' Jay Hawkins),,Screamin' Jay Hawkins,I Put a Spell on You / Little Demon,,,Screamin' Jay Hawkins,I Put a Spell on You / Little Demon,,
2026-09-13,80,Damn I Wish I Was Your Lover (Sophie B. Hawkins),,Sophie B. Hawkins,Damn I Wish I Was Your Lover,,,Sophie B. Hawkins,Damn I Wish I Was Your Lover,,
2026-09-13,70,Hot Buttered Soul (Isaac Hayes),,Isaac Hayes,Hot Buttered Soul,,,Isaac Hayes,Hot Buttered Soul,,
2026-09-13,70,Hide and Seek / Cumulus (Imogen Heap),,Imogen Heap,Hide and Seek / Cumulus,,,Imogen Heap,Hide and Seek / Cumulus,,
2026-09-13,70,Dreamboat Annie (Heart),,Heart,Dreamboat Annie,,,Heart,Dreamboat Annie,,
2026-09-13,70,Konoyo (Tim Hecker),,Tim Hecker,Konoyo,,,Tim Hecker,Konoyo,,
2026-09-13,70,K (HeeJin),,HeeJin,K,,,HeeJin,K,,
2026-09-13,80,/// (너 먹구름 비) (Heize),,Heize,/// (너 먹구름 비),,,Heize,/// (너 먹구름 비),,
2026-09-13,60,Blank Generation / Love Comes in Spurts (Richard Hell & The Voidoids),,Richard Hell & The Voidoids,Blank Generation / Love Comes in Spurts,,,Richard Hell & The Voidoids,Blank Generation / Love Comes in Spurts,,
2026-09-13,70,Blind (Hercules & Love Affair),,Hercules & Love Affair,Blind,,,Hercules & Love Affair,Blind,,
2026-09-13,70,Ventura (Los Hermanos),,Los Hermanos,Ventura,,,Los Hermanos,Ventura,,
2026-09-13,70,Sane Man (Bill Hicks),,Bill Hicks,Sane Man,,,Bill Hicks,Sane Man,,
2026-09-13,70,Ex-Factor (Lauryn Hill),,Lauryn Hill,Ex-Factor,,,Lauryn Hill,Ex-Factor,,
2026-09-13,10,The Clap (Perez Hilton),,Perez Hilton,The Clap,,,Perez Hilton,The Clap,,
2026-09-13,40,Lips of an Angel (Hinder),,Hinder,Lips of an Angel,,,Hinder,Lips of an Angel,,
2026-09-13,70,Balance 005 (James Holden),,James Holden,Balance 005,,,James Holden,Balance 005,,
2026-09-13,70,Violet (Hole),,Hole,Violet,,,Hole,Violet,,
2026-09-13,60,Gloomy Sunday (The Famous Hungarian Suicide Song) / I'm in a Low Down Groove (Billie Holiday),,Billie Holiday,Gloomy Sunday (The Famous Hungarian Suicide Song) / I'm in a Low Down Groove,,,Billie Holiday,Gloomy Sunday (The Famous Hungarian Suicide Song) / I'm in a Low Down Groove,,
2026-09-13,60,Good Morning Heartache / No Good Man (Billie Holiday),,Billie Holiday,Good Morning Heartache / No Good Man,,,Billie Holiday,Good Morning Heartache / No Good Man,,
2026-09-13,60,Long Cool Woman / The Air That I Breathe (The Hollies),,The Hollies,Long Cool Woman / The Air That I Breathe,,,The Hollies,Long Cool Woman / The Air That I Breathe,,
2026-09-13,70,Peggy Sue / Everyday (Buddy Holly),,Buddy Holly,Peggy Sue / Everyday,,,Buddy Holly,Peggy Sue / Everyday,,
2026-09-13,70,Betsy on the Roof (Julia Holter),,Julia Holter,Betsy on the Roof,,,Julia Holter,Betsy on the Roof,,
2026-09-13,70,Feel You (Julia Holter),,Julia Holter,Feel You,,,Julia Holter,Feel You,,
2026-09-13,60,I Shall Love 2 (Julia Holter),,Julia Holter,I Shall Love 2,,,Julia Holter,I Shall Love 2,,
2026-09-13,60,Spinning (Julia Holter),,Julia Holter,Spinning,,,Julia Holter,Spinning,,
2026-09-13,70,Resonance (HOME),,HOME,Resonance,,,HOME,Resonance,,
2026-09-13,70,Boogie Chillen' / Sally May (John Lee Hooker),,John Lee Hooker,Boogie Chillen' / Sally May,,,John Lee Hooker,Boogie Chillen' / Sally May,,
2026-09-13,70,Eden (Hooverphonic),,Hooverphonic,Eden,,,Hooverphonic,Eden,,
2026-09-13,90,Mad About You (Hooverphonic),,Hooverphonic,Mad About You,,,Hooverphonic,Mad About You,,
2026-09-13,70,Open Eye Signal (Jon Hopkins),,Jon Hopkins,Open Eye Signal,,,Jon Hopkins,Open Eye Signal,,
2026-09-13,50,Your Deep Rest (The Hotelier),,The Hotelier,Your Deep Rest,,,The Hotelier,Your Deep Rest,,
2026-09-13,50,Endless Art / More Endless Art (A House),,A House,Endless Art / More Endless Art,,,A House,Endless Art / More Endless Art,,
2026-09-13,70,Don't Leave Me This Way / Today Will Soon Be Yesterday (Thelma Houston),,Thelma Houston,Don't Leave Me This Way / Today Will Soon Be Yesterday,,,Thelma Houston,Don't Leave Me This Way / Today Will Soon Be Yesterday,,
2026-09-13,70,Smoke Stack Lightning / You Can't Be Beat (Howlin' Wolf),,Howlin' Wolf,Smoke Stack Lightning / You Can't Be Beat,,,Howlin' Wolf,Smoke Stack Lightning / You Can't Be Beat,,
2026-09-13,100,Genshin Impact: Forest of Jnana and Vidya (HOYO-MiX),,HOYO-MiX,Genshin Impact: Forest of Jnana and Vidya,,,HOYO-MiX,Genshin Impact: Forest of Jnana and Vidya,,
2026-09-13,100,Genshin Impact: Fountain of Belleau (HOYO-MiX),,HOYO-MiX,Genshin Impact: Fountain of Belleau,,,HOYO-MiX,Genshin Impact: Fountain of Belleau,,
2026-09-13,70,Movement (Hozier),,Hozier,Movement,,,Hozier,Movement,,
2026-09-13,60,Take Me to Church (Hozier),,Hozier,Take Me to Church,,,Hozier,Take Me to Church,,
2026-09-13,50,Downward Is Heavenward (Hum),,Hum,Downward Is Heavenward,,,Hum,Downward Is Heavenward,,
2026-09-13,70,Frankie / Nobody's Dirty Business (Mississippi John Hurt),,Mississippi John Hurt,Frankie / Nobody's Dirty Business,,,Mississippi John Hurt,Frankie / Nobody's Dirty Business,,
2026-09-13,70,Celebrated Summer / New Day Rising (Hüsker Dü),,Hüsker Dü,Celebrated Summer / New Day Rising,,,Hüsker Dü,Celebrated Summer / New Day Rising,,
2026-09-13,70,Warehouse: Songs and Stories (Hüsker Dü),,Hüsker Dü,Warehouse: Songs and Stories,,,Hüsker Dü,Warehouse: Songs and Stories,,
2026-09-13,70,The Mack (Willie Hutch),,Willie Hutch,The Mack,,,Willie Hutch,The Mack,,
2026-09-13,70,Spells (Jenny Hval),,Jenny Hval,Spells,,,Jenny Hval,Spells,,
2026-09-13,70,Goods (iamamiwhoami),,iamamiwhoami,Goods,,,iamamiwhoami,Goods,,
2026-09-13,70,Castles in the Sky (Ian van Dahl),,Ian van Dahl,Castles in the Sky,,,Ian van Dahl,Castles in the Sky,,
2026-09-13,60,The Cadaver Pulse II: Mothelix Liquescent (I.corax),,I.corax,The Cadaver Pulse II: Mothelix Liquescent,,,I.corax,The Cadaver Pulse II: Mothelix Liquescent,,
2026-09-13,60,Mother (IDLES),,IDLES,Mother,,,IDLES,Mother,,
2026-09-13,70,Eyes Without a Face / Blue Highway (Billy Idol),,Billy Idol,Eyes Without a Face / Blue Highway,,,Billy Idol,Eyes Without a Face / Blue Highway,,
2026-09-13,70,Choke (I DONT KNOW HOW BUT THEY FOUND ME),,I DONT KNOW HOW BUT THEY FOUND ME,Choke,,,I DONT KNOW HOW BUT THEY FOUND ME,Choke,,
2026-09-13,70,Do It All the Time (I DONT KNOW HOW BUT THEY FOUND ME),,I DONT KNOW HOW BUT THEY FOUND ME,Do It All the Time,,,I DONT KNOW HOW BUT THEY FOUND ME,Do It All the Time,,
2026-09-13,70,Modern Day Cain (I DONT KNOW HOW BUT THEY FOUND ME),,I DONT KNOW HOW BUT THEY FOUND ME,Modern Day Cain,,,I DONT KNOW HOW BUT THEY FOUND ME,Modern Day Cain,,
2026-09-13,60,Search and Destroy / Penetration (Iggy and The Stooges),,Iggy and The Stooges,Search and Destroy / Penetration,,,Iggy and The Stooges,Search and Destroy / Penetration,,
2026-09-13,50,Bailando (Enrique Iglesias),,Enrique Iglesias,Bailando,,,Enrique Iglesias,Bailando,,
2026-09-13,50,Hero (Enrique Iglesias),,Enrique Iglesias,Hero,,,Enrique Iglesias,Hero,,
2026-09-13,40,Tonight (I'm F**kin' You) (Enrique Iglesias),,Enrique Iglesias,Tonight (I'm F**kin' You),,,Enrique Iglesias,Tonight (I'm F**kin' You),,
2026-09-13,70,Amsterdam (Imagine Dragons),,Imagine Dragons,Amsterdam,,,Imagine Dragons,Amsterdam,,
2026-09-13,50,Natural (Imagine Dragons),,Imagine Dragons,Natural,,,Imagine Dragons,Natural,,
2026-09-13,50,On Top of the World (Imagine Dragons),,Imagine Dragons,On Top of the World,,,Imagine Dragons,On Top of the World,,
2026-09-13,70,Sharks (Imagine Dragons),,Imagine Dragons,Sharks,,,Imagine Dragons,Sharks,,
2026-09-13,60,Take Me to the Beach (Imagine Dragons),,Imagine Dragons,Take Me to the Beach,,,Imagine Dragons,Take Me to the Beach,,
2026-09-13,20,Thunder (Imagine Dragons),,Imagine Dragons,Thunder,,,Imagine Dragons,Thunder,,
2026-09-13,60,iwonder kid (imagineIAM),,imagineIAM,iwonder kid,,,imagineIAM,iwonder kid,,
2026-09-13,70,Torn (Natalie Imbruglia),,Natalie Imbruglia,Torn,,,Natalie Imbruglia,Torn,,
2026-09-13,60,Drive (Incubus),,Incubus,Drive,,,Incubus,Drive,,
2026-09-13,60,Duug min (Inda Divonne),,Inda Divonne,Duug min,,,Inda Divonne,Duug min,,
2026-09-13,70,I Will Rise Again (Inda Divonne),,Inda Divonne,I Will Rise Again,,,Inda Divonne,I Will Rise Again,,
2026-09-13,70,Fields of Grey (Infected Mushroom),,Infected Mushroom,Fields of Grey,,,Infected Mushroom,Fields of Grey,,
2026-09-13,90,Vicious Delicious (Infected Mushroom),,Infected Mushroom,Vicious Delicious,,,Infected Mushroom,Vicious Delicious,,
2026-09-13,80,My Little Pony: Friendship Is Magic - Season 2 UST (Daniel Ingram),,Daniel Ingram,My Little Pony: Friendship Is Magic - Season 2 UST,,,Daniel Ingram,My Little Pony: Friendship Is Magic - Season 2 UST,,
2026-09-13,70,Knees (Injury Reserve),,Injury Reserve,Knees,,,Injury Reserve,Knees,,
2026-09-13,10,More Than Friends (INNA),,INNA,More Than Friends,,,INNA,More Than Friends,,
2026-09-13,70,El jardín de los presentes (Invisible),,Invisible,El jardín de los presentes,,,Invisible,El jardín de los presentes,,
2026-09-13,80,Kick (INXS),,INXS,Kick,,,INXS,Kick,,
2026-09-13,60,The Role of Honour (The Irish Brigade),,The Irish Brigade,The Role of Honour,,,The Irish Brigade,The Role of Honour,,
2026-09-13,70,炉心融解 (iroha(sasaki)),,iroha(sasaki),炉心融解,,,iroha(sasaki),炉心融解,,
2026-09-13,70,Go for Your Guns (The Isley Brothers),,The Isley Brothers,Go for Your Guns,,,The Isley Brothers,Go for Your Guns,,
2026-09-13,60,The Fifth Regiment March (Issler's Orchestra),,Issler's Orchestra,The Fifth Regiment March,,,Issler's Orchestra,The Fifth Regiment March,,
2026-09-13,70,삐삐 (IU),,IU,삐삐,,,IU,삐삐,,
2026-09-13,70,Love Dive,,IVE,Love Dive,,,IVE,Love Dive,,
2026-09-13,70,Fabriclive 57 (Jackmaster),,Jackmaster,Fabriclive 57,,,Jackmaster,Fabriclive 57,,
2026-09-13,70,All for You (Janet Jackson),,Janet Jackson,All for You,,,Janet Jackson,All for You,,
2026-09-13,90,If (Janet Jackson),,Janet Jackson,If,,,Janet Jackson,If,,
2026-09-13,80,Rhythm Nation (Janet Jackson),,Janet Jackson,Rhythm Nation,,,Janet Jackson,Rhythm Nation,,
2026-09-13,70,Rock With U (Janet Jackson),,Janet Jackson,Rock With U,,,Janet Jackson,Rock With U,,
2026-09-13,70,Someone to Call My Lover (Janet Jackson),,Janet Jackson,Someone to Call My Lover,,,Janet Jackson,Someone to Call My Lover,,
2026-09-13,70,Steppin' Out / Another World (Joe Jackson),,Joe Jackson,Steppin' Out / Another World,,,Joe Jackson,Steppin' Out / Another World,,
2026-09-13,80,Bad (Michael Jackson),,Michael Jackson,Bad,,,Michael Jackson,Bad,,
2026-09-13,80,Don't Stop 'Til You Get Enough / I Can't Help It (Michael Jackson),,Michael Jackson,Don't Stop 'Til You Get Enough / I Can't Help It,,,Michael Jackson,Don't Stop 'Til You Get Enough / I Can't Help It,,
2026-09-13,70,Michael Jackson,,Michael Jackson,Michael Jackson,,,Michael Jackson,Michael Jackson,,
2026-09-13,90,Off the Wall / Working Day and Night (Michael Jackson),,Michael Jackson,Off the Wall / Working Day and Night,,,Michael Jackson,Off the Wall / Working Day and Night,,
2026-09-13,80,P.Y.T. (Pretty Young Thing) / Working Day and Night (Michael Jackson),,Michael Jackson,P.Y.T. (Pretty Young Thing) / Working Day and Night,,,Michael Jackson,P.Y.T. (Pretty Young Thing) / Working Day and Night,,
2026-09-13,90,Rock With You / Working Day and Night (Michael Jackson),,Michael Jackson,Rock With You / Working Day and Night,,,Michael Jackson,Rock With You / Working Day and Night,,
2026-09-13,100,Smooth Criminal (Michael Jackson),,Michael Jackson,Smooth Criminal,,,Michael Jackson,Smooth Criminal,,
2026-09-13,100,Wanna Be Startin' Somethin' (Michael Jackson),,Michael Jackson,Wanna Be Startin' Somethin',,,Michael Jackson,Wanna Be Startin' Somethin',,
2026-09-13,70,Caught Up (Millie Jackson),,Millie Jackson,Caught Up,,,Millie Jackson,Caught Up,,
2026-09-13,70,Chiclete Com Banana / Forró de Surubim (Jackson do Pandeiro),,Jackson do Pandeiro,Chiclete Com Banana / Forró de Surubim,,,Jackson do Pandeiro,Chiclete Com Banana / Forró de Surubim,,
2026-09-13,90,Blame It on the Boogie / Do What You Wanna (The Jacksons),,The Jacksons,Blame It on the Boogie / Do What You Wanna,,,The Jacksons,Blame It on the Boogie / Do What You Wanna,,
2026-09-13,70,Vrede / Einstein in Reverse (Ruth Jacott),,Ruth Jacott,Vrede / Einstein in Reverse,,,Ruth Jacott,Vrede / Einstein in Reverse,,
2026-09-13,60,Española (Jali),,Jali,Española,,,Jali,Española,,
2026-09-13,70,Going Underground / The Dreams of Children (The Jam),,The Jam,Going Underground / The Dreams of Children,,,The Jam,Going Underground / The Dreams of Children,,
2026-09-13,70,1944 (Jamala),,Jamala,1944,,,Jamala,1944,,
2026-09-13,70,Laid (James),,James,Laid,,,James,Laid,,
2026-09-13,80,At Last! (Etta James),,Etta James,At Last!,,,Etta James,At Last!,,
2026-09-13,70,Cherry Ball Blues / Hard Time Killin' Floor Blues (Skip James),,Skip James,Cherry Ball Blues / Hard Time Killin' Floor Blues,,,Skip James,Cherry Ball Blues / Hard Time Killin' Floor Blues,,
2026-09-13,60,Devil Got My Woman / Cypress Grove Blues (Skip James),,Skip James,Devil Got My Woman / Cypress Grove Blues,,,Skip James,Devil Got My Woman / Cypress Grove Blues,,
2026-09-13,40,Crimson and Clover / Sweet Cherry Wine (Tommy James and The Shondells),,Tommy James and The Shondells,Crimson and Clover / Sweet Cherry Wine,,,Tommy James and The Shondells,Crimson and Clover / Sweet Cherry Wine,,
2026-09-13,70,Loud Places (Jamie xx),,Jamie xx,Loud Places,,,Jamie xx,Loud Places,,
2026-09-13,70,Blach Blach (Jamila),,Jamila,Blach Blach,,,Jamila,Blach Blach,,
2026-09-13,80,Alright (Jamiroquai),,Jamiroquai,Alright,,,Jamiroquai,Alright,,
2026-09-13,80,Virtual Insanity (Jamiroquai),,Jamiroquai,Virtual Insanity,,,Jamiroquai,Virtual Insanity,,
2026-09-13,70,Dinah Jane 1,,Dinah Jane,Dinah Jane 1,,,Dinah Jane,Dinah Jane 1,,
2026-09-13,70,Go Deep (Janet),,Janet,Go Deep,,,Janet,Go Deep,,
2026-09-13,70,Got 'Til It's Gone (Janet),,Janet,Got 'Til It's Gone,,,Janet,Got 'Til It's Gone,,
2026-09-13,70,Ghosts / The Art of Parties (Version) (Japan),,Japan,Ghosts / The Art of Parties (Version),,,Japan,Ghosts / The Art of Parties (Version),,
2026-09-13,70,Nightporter / Ain't That Peculiar (Japan),,Japan,Nightporter / Ain't That Peculiar,,,Japan,Nightporter / Ain't That Peculiar,,
2026-09-13,70,Oxygene (Part IV) (Jean Michel Jarre),,Jean Michel Jarre,Oxygene (Part IV),,,Jean Michel Jarre,Oxygene (Part IV),,
2026-09-13,70,Depression / I'm So Depressed (Abner Jay),,Abner Jay,Depression / I'm So Depressed,,,Abner Jay,Depression / I'm So Depressed,,
2026-09-13,20,Under Pressure (Ice Ice Baby) (Jedward),,Jedward,Under Pressure (Ice Ice Baby),,,Jedward,Under Pressure (Ice Ice Baby),,
2026-09-13,70,Move Your Body - House Music Anthem (Marshall Jefferson and On the House),,Marshall Jefferson and On the House,Move Your Body - House Music Anthem,,,Marshall Jefferson and On the House,Move Your Body - House Music Anthem,,
2026-09-13,70,96 Tears / Escape Goat Dub (Garland Jeffreys),,Garland Jeffreys,96 Tears / Escape Goat Dub,,,Garland Jeffreys,96 Tears / Escape Goat Dub,,
2026-09-13,50,Hard Drive (Cassandra Jenkins),,Cassandra Jenkins,Hard Drive,,,Cassandra Jenkins,Hard Drive,,
2026-09-13,60,Call Me Maybe (Carly Rae Jepsen),,Carly Rae Jepsen,Call Me Maybe,,,Carly Rae Jepsen,Call Me Maybe,,
2026-09-13,90,Dedicated (Carly Rae Jepsen),,Carly Rae Jepsen,Dedicated,,,Carly Rae Jepsen,Dedicated,,
2026-09-13,90,E·MO·TION (Carly Rae Jepsen),,Carly Rae Jepsen,E·MO·TION,,,Carly Rae Jepsen,E·MO·TION,,
2026-09-13,70,Julien (Carly Rae Jepsen),,Carly Rae Jepsen,Julien,,,Carly Rae Jepsen,Julien,,
2026-09-13,90,Talking to Yourself (Carly Rae Jepsen),,Carly Rae Jepsen,Talking to Yourself,,,Carly Rae Jepsen,Talking to Yourself,,
2026-09-13,70,The Loneliest Time (Carly Rae Jepsen),,Carly Rae Jepsen,The Loneliest Time,,,Carly Rae Jepsen,The Loneliest Time,,
2026-09-13,80,The Loveliest Time (Carly Rae Jepsen),,Carly Rae Jepsen,The Loveliest Time,,,Carly Rae Jepsen,The Loveliest Time,,
2026-09-13,70,Too Much (Carly Rae Jepsen),,Carly Rae Jepsen,Too Much,,,Carly Rae Jepsen,Too Much,,
2026-09-13,80,Warm Blood (Carly Rae Jepsen),,Carly Rae Jepsen,Warm Blood,,,Carly Rae Jepsen,Warm Blood,,
2026-09-13,80,Your Type (Carly Rae Jepsen),,Carly Rae Jepsen,Your Type,,,Carly Rae Jepsen,Your Type,,
2026-09-13,70,"Bang Bang (Jessie J, Ariana Grande & Nicki Minaj)",,"Jessie J, Ariana Grande & Nicki Minaj",Bang Bang,,,"Jessie J, Ariana Grande & Nicki Minaj",Bang Bang,,
2026-09-13,70,Darklands / Rider / On the Wall (The Jesus and Mary Chain),,The Jesus and Mary Chain,Darklands / Rider / On the Wall,,,The Jesus and Mary Chain,Darklands / Rider / On the Wall,,
2026-09-13,70,Aqualung / Hymn 43 (Jethro Tull),,Jethro Tull,Aqualung / Hymn 43,,,Jethro Tull,Aqualung / Hymn 43,,
2026-09-13,70,Lucky Denver Mint (Jimmy Eat World),,Jimmy Eat World,Lucky Denver Mint,,,Jimmy Eat World,Lucky Denver Mint,,
2026-09-13,70,Sweetness (Jimmy Eat World),,Jimmy Eat World,Sweetness,,,Jimmy Eat World,Sweetness,,
2026-09-13,70,Concrete Over Water (Jockstrap),,Jockstrap,Concrete Over Water,,,Jockstrap,Concrete Over Water,,
2026-09-13,60,Greatest Hits (Jockstrap),,Jockstrap,Greatest Hits,,,Jockstrap,Greatest Hits,,
2026-09-13,60,Uptown Girl / Careless Talk (Billy Joel),,Billy Joel,Uptown Girl / Careless Talk,,,Billy Joel,Uptown Girl / Careless Talk,,
2026-09-13,60,Fordlândia (Jóhann Jóhannsson),,Jóhann Jóhannsson,Fordlândia,,,Jóhann Jóhannsson,Fordlândia,,
2026-09-13,60,Jazz på svenska (Jan Johansson),,Jan Johansson,Jazz på svenska,,,Jan Johansson,Jazz på svenska,,
2026-09-13,60,Goodbye Yellow Brick Road / Screw You (Elton John),,Elton John,Goodbye Yellow Brick Road / Screw You,,,Elton John,Goodbye Yellow Brick Road / Screw You,,
2026-09-13,60,Tiny Dancer / Razor Face (Elton John),,Elton John,Tiny Dancer / Razor Face,,,Elton John,Tiny Dancer / Razor Face,,
2026-09-13,70,Don't Go Breaking My Heart / Snow Queen (Elton John & Kiki Dee),,Elton John & Kiki Dee,Don't Go Breaking My Heart / Snow Queen,,,Elton John & Kiki Dee,Don't Go Breaking My Heart / Snow Queen,,
2026-09-13,70,Slow Dancing in the Dark (Joji),,Joji,Slow Dancing in the Dark,,,Joji,Slow Dancing in the Dark,,
2026-09-13,70,Thom (Joji),,Joji,Thom,,,Joji,Thom,,
2026-09-13,70,Too Little Too Late (JoJo),,JoJo,Too Little Too Late,,,JoJo,Too Little Too Late,,
2026-09-13,50,Warm Leatherette (Grace Jones),,Grace Jones,Warm Leatherette,,,Grace Jones,Warm Leatherette,,
2026-09-13,60,Don't Know Why / I'll Be Your Baby Tonight (Norah Jones),,Norah Jones,Don't Know Why / I'll Be Your Baby Tonight,,,Norah Jones,Don't Know Why / I'll Be Your Baby Tonight,,
2026-09-13,80,Naturally (Sharon Jones and The Dap-Kings),,Sharon Jones and The Dap-Kings,Naturally,,,Sharon Jones and The Dap-Kings,Naturally,,
2026-09-13,70,On My Mind (Jorja Smith x Preditah),,Jorja Smith x Preditah,On My Mind,,,Jorja Smith x Preditah,On My Mind,,
2026-09-13,70,Lie to Me (Mikolas Josef),,Mikolas Josef,Lie to Me,,,Mikolas Josef,Lie to Me,,
2026-09-13,60,Atmosphere / She's Lost Control (Joy Division),,Joy Division,Atmosphere / She's Lost Control,,,Joy Division,Atmosphere / She's Lost Control,,
2026-09-13,80,Heart and Soul (Joy Division),,Joy Division,Heart and Soul,,,Joy Division,Heart and Soul,,
2026-09-13,70,Hazard Duty Pay! (JPEGMAFIA),,JPEGMAFIA,Hazard Duty Pay!,,,JPEGMAFIA,Hazard Duty Pay!,,
2026-09-13,60,Burbujas de amor / A pedir su mano (Juan Luis Guerra y 4;40),,Juan Luis Guerra y 4;40,Burbujas de amor / A pedir su mano,,,Juan Luis Guerra y 4;40,Burbujas de amor / A pedir su mano,,
2026-09-13,80,Mad World (Remixes) (Gary Jules),,Gary Jules,Mad World (Remixes),,,Gary Jules,Mad World (Remixes),,
2026-09-13,40,Flutter (julie),,julie,Flutter,,,julie,Flutter,,
2026-09-13,70,Communication (Junko),,Junko,Communication,,,Junko,Communication,,
2026-09-13,70,Focus (JUS2),,JUS2,Focus,,,JUS2,Focus,,
2026-09-13,50,Wavin' Flag Celebration Mix (K'naan),,K'naan,Wavin' Flag Celebration Mix,,,K'naan,Wavin' Flag Celebration Mix,,
2026-09-13,80,KAI,,KAI,KAI,,,KAI,KAI,,
2026-09-13,70,I Predict a Riot (Kaiser Chiefs),,Kaiser Chiefs,I Predict a Riot,,,Kaiser Chiefs,I Predict a Riot,,
2026-09-13,70,Seventh Heaven (Kalafina),,Kalafina,Seventh Heaven,,,Kalafina,Seventh Heaven,,
2026-09-13,70,Over the Rainbow / What a Wonderful World (Israel Kamakawiwoʻole),,Israel Kamakawiwoʻole,Over the Rainbow / What a Wonderful World,,,Israel Kamakawiwoʻole,Over the Rainbow / What a Wonderful World,,
2026-09-13,40,You've Still Got a Place in My Heart / I Still Miss Someone (Karl Denver Trio),,Karl Denver Trio,You've Still Got a Place in My Heart / I Still Miss Someone,,,Karl Denver Trio,You've Still Got a Place in My Heart / I Still Miss Someone,,
2026-09-13,10,Twinkle Twinkle Little Bitch (Leah Kate),,Leah Kate,Twinkle Twinkle Little Bitch,,,Leah Kate,Twinkle Twinkle Little Bitch,,
2026-09-13,60,Songs From Suicide Bridge (David Kauffman and Eric Caboor),,David Kauffman and Eric Caboor,Songs From Suicide Bridge,,,David Kauffman and Eric Caboor,Songs From Suicide Bridge,,
2026-09-13,70,Nightcall (Kavinsky),,Kavinsky,Nightcall,,,Kavinsky,Nightcall,,
2026-09-13,70,Girl's Night (Crystal Kay),,Crystal Kay,Girl's Night,,,Crystal Kay,Girl's Night,,
2026-09-13,70,10% (Kaytranada),,Kaytranada,10%,,,Kaytranada,10%,,
2026-09-13,70,KC and The Sunshine Band,,KC and The Sunshine Band,KC and The Sunshine Band,,,KC and The Sunshine Band,KC and The Sunshine Band,,
2026-09-13,70,Blue Light (Kelela),,Kelela,Blue Light,,,Kelela,Blue Light,,
2026-09-13,70,Contact (Kelela),,Kelela,Contact,,,Kelela,Contact,,
2026-09-13,70,Happy Ending (Kelela),,Kelela,Happy Ending,,,Kelela,Happy Ending,,
2026-09-13,80,Tasty (Kelis),,Kelis,Tasty,,,Kelis,Tasty,,
2026-09-13,10,I Admit (R. Kelly),,R. Kelly,I Admit,,,R. Kelly,I Admit,,
2026-09-13,50,"Cups (Pitch Perfect's ""When I'm Gone"") (Anna Kendrick)",,Anna Kendrick,"Cups (Pitch Perfect's ""When I'm Gone"")",,,Anna Kendrick,"Cups (Pitch Perfect's ""When I'm Gone"")",,
2026-09-13,80,Goin' Up in Smoke / Thanks for the Memories (Eddie Kendricks),,Eddie Kendricks,Goin' Up in Smoke / Thanks for the Memories,,,Eddie Kendricks,Goin' Up in Smoke / Thanks for the Memories,,
2026-09-13,70,Du & jag döden (Kent),,Kent,Du & jag döden,,,Kent,Du & jag döden,,
2026-09-13,30,Caterpillar (Keoki),,Keoki,Caterpillar,,,Keoki,Caterpillar,,
2026-09-13,20,Majick (Keoki),,Keoki,Majick,,,Keoki,Majick,,
2026-09-13,80,Rainbow Connection / I Hope That Somethin' Better Comes Along (Kermit),,Kermit,Rainbow Connection / I Hope That Somethin' Better Comes Along,,,Kermit,Rainbow Connection / I Hope That Somethin' Better Comes Along,,
2026-09-13,70,Only Acting (Kero Kero Bonito),,Kero Kero Bonito,Only Acting,,,Kero Kero Bonito,Only Acting,,
2026-09-13,70,The Princess and the Clock (Kero Kero Bonito),,Kero Kero Bonito,The Princess and the Clock,,,Kero Kero Bonito,The Princess and the Clock,,
2026-09-13,70,Praying (Kesha),,Kesha,Praying,,,Kesha,Praying,,
2026-09-13,60,Bad Love (Key),,Key,Bad Love,,,Key,Bad Love,,
2026-09-13,70,If I Ain't Got You (Alicia Keys),,Alicia Keys,If I Ain't Got You,,,Alicia Keys,If I Ain't Got You,,
2026-09-13,70,Tea / Nem sikerül kikurálni magam (KFT),,KFT,Tea / Nem sikerül kikurálni magam,,,KFT,Tea / Nem sikerül kikurálni magam,,
2026-09-13,60,Didi (Khaled),,Khaled,Didi,,,Khaled,Didi,,
2026-09-13,70,I Feel for You / Chinatown (Chaka Khan),,Chaka Khan,I Feel for You / Chinatown,,,Chaka Khan,I Feel for You / Chinatown,,
2026-09-13,70,With Julia (Kid Francescoli),,Kid Francescoli,With Julia,,,Kid Francescoli,With Julia,,
2026-09-13,50,Stay (The Kid LAROI & Justin Bieber),,The Kid LAROI & Justin Bieber,Stay,,,The Kid LAROI & Justin Bieber,Stay,,
2026-09-13,10,Don't Tell Me How to Live (Kid Rock),,Kid Rock,Don't Tell Me How to Live,,,Kid Rock,Don't Tell Me How to Live,,
2026-09-13,60,Kids See Ghosts,,KIDS SEE GHOSTS,Kids See Ghosts,,,KIDS SEE GHOSTS,Kids See Ghosts,,
2026-09-13,60,Reborn (KIDS SEE GHOSTS),,KIDS SEE GHOSTS,Reborn,,,KIDS SEE GHOSTS,Reborn,,
2026-09-13,90,Hello Shadow (Kiesza & SKYGGE),,Kiesza & SKYGGE,Hello Shadow,,,Kiesza & SKYGGE,Hello Shadow,,
2026-09-13,60,Mr. Brightside / Smile Like You Mean It (The Killers),,The Killers,Mr. Brightside / Smile Like You Mean It,,,The Killers,Mr. Brightside / Smile Like You Mean It,,
2026-09-13,70,Love Like Blood / Blue Feather (Killing Joke),,Killing Joke,Love Like Blood / Blue Feather,,,Killing Joke,Love Like Blood / Blue Feather,,
2026-09-13,70,Nice Out (Kilo Kish),,Kilo Kish,Nice Out,,,Kilo Kish,Nice Out,,
2026-09-13,70,Awoo (Lim Kim),,Lim Kim,Awoo,,,Lim Kim,Awoo,,
2026-09-13,70,Kim Lip (LOONA / Kim Lip),,LOONA / Kim Lip,Kim Lip,,,LOONA / Kim Lip,Kim Lip,,
2026-09-13,70,It's Too Late / I Feel the Earth Move (Carole King),,Carole King,It's Too Late / I Feel the Earth Move,,,Carole King,It's Too Late / I Feel the Earth Move,,
2026-09-13,70,Distance (Emily King),,Emily King,Distance,,,Emily King,Distance,,
2026-09-13,70,Get Loose (Evelyn King),,Evelyn King,Get Loose,,,Evelyn King,Get Loose,,
2026-09-13,70,Epitaph / 21st Century Schizoid Man (King Crimson),,King Crimson,Epitaph / 21st Century Schizoid Man,,,King Crimson,Epitaph / 21st Century Schizoid Man,,
2026-09-13,60,In the Court of the Crimson King (King Crimson),,King Crimson,In the Court of the Crimson King,,,King Crimson,In the Court of the Crimson King,,
2026-09-13,70,The Court of the Crimson King (Parts 1 & 2) (King Crimson),,King Crimson,The Court of the Crimson King (Parts 1 & 2),,,King Crimson,The Court of the Crimson King (Parts 1 & 2),,
2026-09-13,70,Head On / Pill (King Gizzard & The Lizard Wizard),,King Gizzard & The Lizard Wizard,Head On / Pill,,,King Gizzard & The Lizard Wizard,Head On / Pill,,
2026-09-13,60,The Dripping Tap (King Gizzard & The Lizard Wizard),,King Gizzard & The Lizard Wizard,The Dripping Tap,,,King Gizzard & The Lizard Wizard,The Dripping Tap,,
2026-09-13,70,Flying Microtonal Banana (King Gizzard and The Lizard Wizard),,King Gizzard and The Lizard Wizard,Flying Microtonal Banana,,,King Gizzard and The Lizard Wizard,Flying Microtonal Banana,,
2026-09-13,60,Rattlesnake (King Gizzard and The Lizard Wizard),,King Gizzard and The Lizard Wizard,Rattlesnake,,,King Gizzard and The Lizard Wizard,Rattlesnake,,
2026-09-13,90,I Have a Dream / We Shall Overcome (Martin Luther King Jr. / Liz Lands),,Martin Luther King Jr. / Liz Lands,I Have a Dream / We Shall Overcome,,,Martin Luther King Jr. / Liz Lands,I Have a Dream / We Shall Overcome,,
2026-09-13,70,Dum Surfer (King Krule),,King Krule,Dum Surfer,,,King Krule,Dum Surfer,,
2026-09-13,40,Waterloo Sunset (Kinks),,Kinks,Waterloo Sunset,,,Kinks,Waterloo Sunset,,
2026-09-13,40,Hits - Mini De Luxe (The Kinks),,The Kinks,Hits - Mini De Luxe,,,The Kinks,Hits - Mini De Luxe,,
2026-09-13,70,Lola / Berkeley Mews (The Kinks),,The Kinks,Lola / Berkeley Mews,,,The Kinks,Lola / Berkeley Mews,,
2026-09-13,70,Waterloo Sunset / Act Nice and Gentle (The Kinks),,The Kinks,Waterloo Sunset / Act Nice and Gentle,,,The Kinks,Waterloo Sunset / Act Nice and Gentle,,
2026-09-13,70,Ascension (Sarah Kinsley),,Sarah Kinsley,Ascension,,,Sarah Kinsley,Ascension,,
2026-09-13,70,愛をあるだけ、すべて (KIRINJI),,KIRINJI,愛をあるだけ、すべて,,,KIRINJI,愛をあるだけ、すべて,,
2026-09-13,80,☼ Miss U ☼ (Kitty),,Kitty,☼ Miss U ☼,,,Kitty,☼ Miss U ☼,,
2026-09-13,70,Cold Little Heart (Michael Kiwanuka),,Michael Kiwanuka,Cold Little Heart,,,Michael Kiwanuka,Cold Little Heart,,
2026-09-13,70,With Every Heartbeat (Kleerup),,Kleerup,With Every Heartbeat,,,Kleerup,With Every Heartbeat,,
2026-09-13,70,My Sharona / Let Me Out (The Knack),,The Knack,My Sharona / Let Me Out,,,The Knack,My Sharona / Let Me Out,,
2026-09-13,60,Knef Concert (Hildegard Knef),,Hildegard Knef,Knef Concert,,,Hildegard Knef,Knef Concert,,
2026-09-13,60,Full of Fire (The Knife),,The Knife,Full of Fire,,,The Knife,Full of Fire,,
2026-09-13,70,Heartbeats (The Knife),,The Knife,Heartbeats,,,The Knife,Heartbeats,,
2026-09-13,70,Pass This On (The Knife),,The Knife,Pass This On,,,The Knife,Pass This On,,
2026-09-13,70,I'm the President (KNOWER),,KNOWER,I'm the President,,,KNOWER,I'm the President,,
2026-09-13,70,Overtime (Live Band Session) (KNOWER),,KNOWER,Overtime (Live Band Session),,,KNOWER,Overtime (Live Band Session),,
2026-09-13,60,Boiler Room London (Frankie Knuckles),,Frankie Knuckles,Boiler Room London,,,Frankie Knuckles,Boiler Room London,,
2026-09-13,80,Battle of Destiny (Kokia),,Kokia,Battle of Destiny,,,Kokia,Battle of Destiny,,
2026-09-13,80,Karma (Kokia),,Kokia,Karma,,,Kokia,Karma,,
2026-09-13,80,Nostalgia (Kokia),,Kokia,Nostalgia,,,Kokia,Nostalgia,,
2026-09-13,80,The Power of Smile / Remember the Kiss (Kokia),,Kokia,The Power of Smile / Remember the Kiss,,,Kokia,The Power of Smile / Remember the Kiss,,
2026-09-13,80,Transparent (Kokia),,Kokia,Transparent,,,Kokia,Transparent,,
2026-09-13,90,愛のメロディー / 調和 Oto ~With Reflection~ (Kokia),,Kokia,愛のメロディー / 調和 Oto ~With Reflection~,,,Kokia,愛のメロディー / 調和 Oto ~With Reflection~,,
2026-09-13,70,"Jungle Boogie / North, East, South, West (Kool & The Gang)",,Kool & The Gang,"Jungle Boogie / North, East, South, West",,,Kool & The Gang,"Jungle Boogie / North, East, South, West",,
2026-09-13,70,Spirit of the Boogie / Summer Madness (Kool & The Gang),,Kool & The Gang,Spirit of the Boogie / Summer Madness,,,Kool & The Gang,Spirit of the Boogie / Summer Madness,,
2026-09-13,70,Koop Island Blues,,Koop,Koop Island Blues,,,Koop,Koop Island Blues,,
2026-09-13,70,Da Devil's Playground: Underground Solo (Koopsta Knicca),,Koopsta Knicca,Da Devil's Playground: Underground Solo,,,Koopsta Knicca,Da Devil's Playground: Underground Solo,,
2026-09-13,80,Follow the Leader (Korn),,Korn,Follow the Leader,,,Korn,Follow the Leader,,
2026-09-13,50,Bowling Green and Other Folk Songs From the Southern Mountains (The Kossoy Sisters),,The Kossoy Sisters,Bowling Green and Other Folk Songs From the Southern Mountains,,,The Kossoy Sisters,Bowling Green and Other Folk Songs From the Southern Mountains,,
2026-09-13,80,Beautiful Mess (Kristian Kostov),,Kristian Kostov,Beautiful Mess,,,Kristian Kostov,Beautiful Mess,,
2026-09-13,70,プラトニック プラネット (KOTO),,KOTO,プラトニック プラネット,,,KOTO,プラトニック プラネット,,
2026-09-13,50,Duk Koo Kim (Mark Kozelek),,Mark Kozelek,Duk Koo Kim,,,Mark Kozelek,Duk Koo Kim,,
2026-09-13,70,Computer Love / The Model (Kraftwerk),,Kraftwerk,Computer Love / The Model,,,Kraftwerk,Computer Love / The Model,,
2026-09-13,60,Die Mensch-Maschine (Kraftwerk),,Kraftwerk,Die Mensch-Maschine,,,Kraftwerk,Die Mensch-Maschine,,
2026-09-13,60,Radioaktivität / Antenne (Kraftwerk),,Kraftwerk,Radioaktivität / Antenne,,,Kraftwerk,Radioaktivität / Antenne,,
2026-09-13,60,Trans Europa Express (Kraftwerk),,Kraftwerk,Trans Europa Express,,,Kraftwerk,Trans Europa Express,,
2026-09-13,60,Trans Europa Express / Franz Schubert (Kraftwerk),,Kraftwerk,Trans Europa Express / Franz Schubert,,,Kraftwerk,Trans Europa Express / Franz Schubert,,
2026-09-13,70,Fly Away (Lenny Kravitz),,Lenny Kravitz,Fly Away,,,Lenny Kravitz,Fly Away,,
2026-09-13,80,The K&D Sessions™ (Kruder Dorfmeister),,Kruder Dorfmeister,The K&D Sessions™,,,Kruder Dorfmeister,The K&D Sessions™,,
2026-09-13,50,The Eye (K.U.K.L.),,K.U.K.L.,The Eye,,,K.U.K.L.,The Eye,,
2026-09-13,80,This Girl (Kungs vs. Cookin' on 3 Burners),,Kungs vs. Cookin' on 3 Burners,This Girl,,,Kungs vs. Cookin' on 3 Burners,This Girl,,
2026-09-13,60,Fantasize (Kye Kye),,Kye Kye,Fantasize,,,Kye Kye,Fantasize,,
2026-09-13,80,Can't Get You Out of My Head (Kylie),,Kylie,Can't Get You Out of My Head,,,Kylie,Can't Get You Out of My Head,,
2026-09-13,70,Get Outta My Way (Kylie),,Kylie,Get Outta My Way,,,Kylie,Get Outta My Way,,
2026-09-13,70,Love at First Sight (Kylie),,Kylie,Love at First Sight,,,Kylie,Love at First Sight,,
2026-09-13,70,The One (Kylie),,Kylie,The One,,,Kylie,The One,,
2026-09-13,70,Kiss of Life (Kylie and Jessie Ware),,Kylie and Jessie Ware,Kiss of Life,,,Kylie and Jessie Ware,Kiss of Life,,
2026-09-13,70,Dark Red (Steve Lacy),,Steve Lacy,Dark Red,,,Steve Lacy,Dark Red,,
2026-09-13,70,Myst3ry (LADIES' CODE),,LADIES' CODE,Myst3ry,,,LADIES' CODE,Myst3ry,,
2026-09-13,70,Born This Way (Lady Gaga),,Lady Gaga,Born This Way,,,Lady Gaga,Born This Way,,
2026-09-13,50,Dance in the Dark (Lady Gaga),,Lady Gaga,Dance in the Dark,,,Lady Gaga,Dance in the Dark,,
2026-09-13,80,Rain on Me (Lady Gaga & Ariana Grande),,Lady Gaga & Ariana Grande,Rain on Me,,,Lady Gaga & Ariana Grande,Rain on Me,,
2026-09-13,60,Where Are You Now? (Lady Leshurr),,Lady Leshurr,Where Are You Now?,,,Lady Leshurr,Where Are You Now?,,
2026-09-13,70,Lady Pank,,Lady Pank,Lady Pank,,,Lady Pank,Lady Pank,,
2026-09-13,70,Destroy Everything You Touch (Ladytron),,Ladytron,Destroy Everything You Touch,,,Ladytron,Destroy Everything You Touch,,
2026-09-13,70,Alfonsina y el mar (Natalia Lafourcade),,Natalia Lafourcade,Alfonsina y el mar,,,Natalia Lafourcade,Alfonsina y el mar,,
2026-09-13,80,De todas las flores (Natalia Lafourcade),,Natalia Lafourcade,De todas las flores,,,Natalia Lafourcade,De todas las flores,,
2026-09-13,70,Mi manera de querer (Natalia Lafourcade),,Natalia Lafourcade,Mi manera de querer,,,Natalia Lafourcade,Mi manera de querer,,
2026-09-13,70,Weird Fishes (Lianne La Havas),,Lianne La Havas,Weird Fishes,,,Lianne La Havas,Weird Fishes,,
2026-09-13,70,Geburt einer Nation (Laibach),,Laibach,Geburt einer Nation,,,Laibach,Geburt einer Nation,,
2026-09-13,30,Alright (Kendrick Lamar),,Kendrick Lamar,Alright,,,Kendrick Lamar,Alright,,
2026-09-13,60,"Good Kid, M.A.A.D City (Kendrick Lamar)",,Kendrick Lamar,"Good Kid, M.A.A.D City",,,Kendrick Lamar,"Good Kid, M.A.A.D City",,
2026-09-13,50,King Kunta (Kendrick Lamar),,Kendrick Lamar,King Kunta,,,Kendrick Lamar,King Kunta,,
2026-09-13,50,The Blacker the Berry (Kendrick Lamar),,Kendrick Lamar,The Blacker the Berry,,,Kendrick Lamar,The Blacker the Berry,,
2026-09-13,70,The Heart Part 5 (Kendrick Lamar),,Kendrick Lamar,The Heart Part 5,,,Kendrick Lamar,The Heart Part 5,,
2026-09-13,70,ゆめ (Lamp),,Lamp,ゆめ,,,Lamp,ゆめ,,
2026-09-13,60,It Means I Love You (Jessy Lanza),,Jessy Lanza,It Means I Love You,,,Jessy Lanza,It Means I Love You,,
2026-09-13,70,Standing Next to Me (The Last Shadow Puppets),,The Last Shadow Puppets,Standing Next to Me,,,The Last Shadow Puppets,Standing Next to Me,,
2026-09-13,80,Let You Break My Heart Again (Laufey & Philharmonia Orchestra),,Laufey & Philharmonia Orchestra,Let You Break My Heart Again,,,Laufey & Philharmonia Orchestra,Let You Break My Heart Again,,
2026-09-13,70,Vib-Ribbon (Laugh & Peace),,Laugh & Peace,Vib-Ribbon,,,Laugh & Peace,Vib-Ribbon,,
2026-09-13,70,Time After Time / I'll Kiss You (Cyndi Lauper),,Cyndi Lauper,Time After Time / I'll Kiss You,,,Cyndi Lauper,Time After Time / I'll Kiss You,,
2026-09-13,70,Arcade (Duncan Laurence),,Duncan Laurence,Arcade,,,Duncan Laurence,Arcade,,
2026-09-13,70,Head Above Water (Avril Lavigne),,Avril Lavigne,Head Above Water,,,Avril Lavigne,Head Above Water,,
2026-09-13,20,Hello Kitty (ハローキティ) (Avril Lavigne),,Avril Lavigne,Hello Kitty (ハローキティ),,,Avril Lavigne,Hello Kitty (ハローキティ),,
2026-09-13,80,I'm With You (Avril Lavigne),,Avril Lavigne,I'm With You,,,Avril Lavigne,I'm With You,,
2026-09-13,70,Let Go (Avril Lavigne),,Avril Lavigne,Let Go,,,Avril Lavigne,Let Go,,
2026-09-13,70,Mobile (Avril Lavigne),,Avril Lavigne,Mobile,,,Avril Lavigne,Mobile,,
2026-09-13,70,My Happy Ending (Avril Lavigne),,Avril Lavigne,My Happy Ending,,,Avril Lavigne,My Happy Ending,,
2026-09-13,70,Nobody's Home (Avril Lavigne),,Avril Lavigne,Nobody's Home,,,Avril Lavigne,Nobody's Home,,
2026-09-13,70,Sk8er Boi (Avril Lavigne),,Avril Lavigne,Sk8er Boi,,,Avril Lavigne,Sk8er Boi,,
2026-09-13,80,Smile (Avril Lavigne),,Avril Lavigne,Smile,,,Avril Lavigne,Smile,,
2026-09-13,70,Under My Skin (Avril Lavigne),,Avril Lavigne,Under My Skin,,,Avril Lavigne,Under My Skin,,
2026-09-13,70,What the Hell (Avril Lavigne),,Avril Lavigne,What the Hell,,,Avril Lavigne,What the Hell,,
2026-09-13,60,All My Friends (LCD Soundsystem),,LCD Soundsystem,All My Friends,,,LCD Soundsystem,All My Friends,,
2026-09-13,70,I Can Change (LCD Soundsystem),,LCD Soundsystem,I Can Change,,,LCD Soundsystem,I Can Change,,
2026-09-13,50,Someone Great (LCD Soundsystem),,LCD Soundsystem,Someone Great,,,LCD Soundsystem,Someone Great,,
2026-09-13,70,(Black Gal) Where Did You Sleep Last Night? / In New Orleans (Lead Belly),,Lead Belly,(Black Gal) Where Did You Sleep Last Night? / In New Orleans,,,Lead Belly,(Black Gal) Where Did You Sleep Last Night? / In New Orleans,,
2026-09-13,50,Gravitational Pull (Chris LeDoux),,Chris LeDoux,Gravitational Pull,,,Chris LeDoux,Gravitational Pull,,
2026-09-13,70,Black Coffee With Peggy Lee,,Peggy Lee,Black Coffee With Peggy Lee,,,Peggy Lee,Black Coffee With Peggy Lee,,
2026-09-13,70,Rita Lee,,Rita Lee,Rita Lee,,,Rita Lee,Rita Lee,,
2026-09-13,70,Rockstar Games Presents Bully (Shawn Lee),,Shawn Lee,Rockstar Games Presents Bully,,,Shawn Lee,Rockstar Games Presents Bully,,
2026-09-13,70,All of Me (John Legend),,John Legend,All of Me,,,John Legend,All of Me,,
2026-09-13,70,Two Trucks (Lemon Demon),,Lemon Demon,Two Trucks,,,Lemon Demon,Two Trucks,,
2026-09-13,70,A Dream Is All We Know (The Lemon Twigs),,The Lemon Twigs,A Dream Is All We Know,,,The Lemon Twigs,A Dream Is All We Know,,
2026-09-13,70,Sticky (Ravyn Lenae),,Ravyn Lenae,Sticky,,,Ravyn Lenae,Sticky,,
2026-09-13,60,Sadness as a Gift (Adrianne Lenker),,Adrianne Lenker,Sadness as a Gift,,,Adrianne Lenker,Sadness as a Gift,,
2026-09-13,70,Instant Karma! / Who Has Seen the Wind? (Lennon / Ono With The Plastic Ono Band),,Lennon / Ono With The Plastic Ono Band,Instant Karma! / Who Has Seen the Wind?,,,Lennon / Ono With The Plastic Ono Band,Instant Karma! / Who Has Seen the Wind?,,
2026-09-13,70,Falling Into Me (Let's Eat Grandma),,Let's Eat Grandma,Falling Into Me,,,Let's Eat Grandma,Falling Into Me,,
2026-09-13,80,Live at the Paradise Garage (Larry Levan),,Larry Levan,Live at the Paradise Garage,,,Larry Levan,Live at the Paradise Garage,,
2026-09-13,20,Am I the Only One (Aaron Lewis),,Aaron Lewis,Am I the Only One,,,Aaron Lewis,Am I the Only One,,
2026-09-13,60,Johnny Remember Me / There Must Be (John Leyton),,John Leyton,Johnny Remember Me / There Must Be,,,John Leyton,Johnny Remember Me / There Must Be,,
2026-09-13,90,"My Soul, Your Beats! / Brave Song (Lia / Aoi Tada)",,Lia / Aoi Tada,"My Soul, Your Beats! / Brave Song",,,Lia / Aoi Tada,"My Soul, Your Beats! / Brave Song",,
2026-09-13,70,Breathing (Lifehouse),,Lifehouse,Breathing,,,Lifehouse,Breathing,,
2026-09-13,60,From Where You Are (Lifehouse),,Lifehouse,From Where You Are,,,Lifehouse,From Where You Are,,
2026-09-13,70,Hanging by a Moment (Lifehouse),,Lifehouse,Hanging by a Moment,,,Lifehouse,Hanging by a Moment,,
2026-09-13,60,Hanging by a Moment (Acoustic Version) (Lifehouse),,Lifehouse,Hanging by a Moment (Acoustic Version),,,Lifehouse,Hanging by a Moment (Acoustic Version),,
2026-09-13,70,Silent Night (Lifehouse),,Lifehouse,Silent Night,,,Lifehouse,Silent Night,,
2026-09-13,70,Take Me Away (Lifehouse),,Lifehouse,Take Me Away,,,Lifehouse,Take Me Away,,
2026-09-13,70,Today (Lifehouse),,Lifehouse,Today,,,Lifehouse,Today,,
2026-09-13,70,The Leanover / New Town (Life Without Buildings),,Life Without Buildings,The Leanover / New Town,,,Life Without Buildings,The Leanover / New Town,,
2026-09-13,10,Freaky Friday (Lil Dicky),,Lil Dicky,Freaky Friday,,,Lil Dicky,Freaky Friday,,
2026-09-13,60,Old Town Road (Remix) (Lil Nas X),,Lil Nas X,Old Town Road (Remix),,,Lil Nas X,Old Town Road (Remix),,
2026-09-13,10,Gucci Gang (Lil Pump),,Lil Pump,Gucci Gang,,,Lil Pump,Gucci Gang,,
2026-09-13,30,Red Light (Lil Skies),,Lil Skies,Red Light,,,Lil Skies,Red Light,,
2026-09-13,20,"Prelude to Panopticon: ""On Doing an Evil Deed Blues"" (Lil Ugly Mane)",,Lil Ugly Mane,"Prelude to Panopticon: ""On Doing an Evil Deed Blues""",,,Lil Ugly Mane,"Prelude to Panopticon: ""On Doing an Evil Deed Blues""",,
2026-09-13,50,Uneven Compromise (Lil Ugly Mane),,Lil Ugly Mane,Uneven Compromise,,,Lil Ugly Mane,Uneven Compromise,,
2026-09-13,10,Prom Queen (Lil Wayne),,Lil Wayne,Prom Queen,,,Lil Wayne,Prom Queen,,
2026-09-13,30,Lil Boat 3 (Lil Yachty),,Lil Yachty,Lil Boat 3,,,Lil Yachty,Lil Boat 3,,
2026-09-13,40,呼吸 (Lily Chou-Chou),,Lily Chou-Chou,呼吸,,,Lily Chou-Chou,呼吸,,
2026-09-13,80,La mélancolie / Votre côté yéyé m'emmerde (The Limiñanas),,The Limiñanas,La mélancolie / Votre côté yéyé m'emmerde,,,The Limiñanas,La mélancolie / Votre côté yéyé m'emmerde,,
2026-09-13,70,Pennsylvania Furnace (Lingua Ignota),,Lingua Ignota,Pennsylvania Furnace,,,Lingua Ignota,Pennsylvania Furnace,,
2026-09-13,70,Waiting for the End (Linkin Park),,Linkin Park,Waiting for the End,,,Linkin Park,Waiting for the End,,
2026-09-13,80,Break My Heart (Dua Lipa),,Dua Lipa,Break My Heart,,,Dua Lipa,Break My Heart,,
2026-09-13,80,Don't Start Now (Dua Lipa),,Dua Lipa,Don't Start Now,,,Dua Lipa,Don't Start Now,,
2026-09-13,70,Future Nostalgia (Dua Lipa),,Dua Lipa,Future Nostalgia,,,Dua Lipa,Future Nostalgia,,
2026-09-13,80,Levitating (Dua Lipa),,Dua Lipa,Levitating,,,Dua Lipa,Levitating,,
2026-09-13,90,Love Again (Dua Lipa),,Dua Lipa,Love Again,,,Dua Lipa,Love Again,,
2026-09-13,70,"Funkytown / All Night Dancing (Lipps, Inc.)",,"Lipps, Inc.",Funkytown / All Night Dancing,,,"Lipps, Inc.",Funkytown / All Night Dancing,,
2026-09-13,80,Party Down (Little Beaver),,Little Beaver,Party Down,,,Little Beaver,Party Down,,
2026-09-13,70,West End Riot (The Living End),,The Living End,West End Riot,,,The Living End,West End Riot,,
2026-09-13,70,Just Like You (Liz),,Liz,Just Like You,,,Liz,Just Like You,,
2026-09-13,70,2 Die 4 (Tove Lo),,Tove Lo,2 Die 4,,,Tove Lo,2 Die 4,,
2026-09-13,70,No One Dies From Love (Tove Lo),,Tove Lo,No One Dies From Love,,,Tove Lo,No One Dies From Love,,
2026-09-13,70,Tajabone (Ismaël Lô),,Ismaël Lô,Tajabone,,,Ismaël Lô,Tajabone,,
2026-09-13,70,LOONATIC (LOONA ODD EYE CIRCLE),,LOONA ODD EYE CIRCLE,LOONATIC,,,LOONA ODD EYE CIRCLE,LOONATIC,,
2026-09-13,80,Olivia Hye (LOONA / Olivia Hye),,LOONA / Olivia Hye,Olivia Hye,,,LOONA / Olivia Hye,Olivia Hye,,
2026-09-13,70,Sonic Mania (Tee Lopes),,Tee Lopes,Sonic Mania,,,Tee Lopes,Sonic Mania,,
2026-09-13,40,Ain't Your Mama (Jennifer Lopez),,Jennifer Lopez,Ain't Your Mama,,,Jennifer Lopez,Ain't Your Mama,,
2026-09-13,70,Buzzcut Season (Lorde),,Lorde,Buzzcut Season,,,Lorde,Buzzcut Season,,
2026-09-13,70,Perfect Places (Lorde),,Lorde,Perfect Places,,,Lorde,Perfect Places,,
2026-09-13,80,Ribs (Lorde),,Lorde,Ribs,,,Lorde,Ribs,,
2026-09-13,70,Solar Power (Lorde),,Lorde,Solar Power,,,Lorde,Solar Power,,
2026-09-13,80,Hate the Way I Love You (Loreen),,Loreen,Hate the Way I Love You,,,Loreen,Hate the Way I Love You,,
2026-09-13,70,Dilemme (Lous and the Yakuza),,Lous and the Yakuza,Dilemme,,,Lous and the Yakuza,Dilemme,,
2026-09-13,50,Tout est gore (Lous and the Yakuza),,Lous and the Yakuza,Tout est gore,,,Lous and the Yakuza,Tout est gore,,
2026-09-13,70,Cool for the Summer (Demi Lovato),,Demi Lovato,Cool for the Summer,,,Demi Lovato,Cool for the Summer,,
2026-09-13,60,Alone Again Or / A House Is Not a Motel (Love),,Love,Alone Again Or / A House Is Not a Motel,,,Love,Alone Again Or / A House Is Not a Motel,,
2026-09-13,70,Forever Changes (Love),,Love,Forever Changes,,,Love,Forever Changes,,
2026-09-13,60,Strawberry (Caroline Loveglow),,Caroline Loveglow,Strawberry,,,Caroline Loveglow,Strawberry,,
2026-09-13,70,A New Trilogy (Lovelyz),,Lovelyz,A New Trilogy,,,Lovelyz,A New Trilogy,,
2026-09-13,70,R U Ready? (Lovelyz),,Lovelyz,R U Ready?,,,Lovelyz,R U Ready?,,
2026-09-13,10,Golosa (Isabella Lovestory),,Isabella Lovestory,Golosa,,,Isabella Lovestory,Golosa,,
2026-09-13,20,Humo (Isabella Lovestory),,Isabella Lovestory,Humo,,,Isabella Lovestory,Humo,,
2026-09-13,60,Mariposa (Isabella Lovestory),,Isabella Lovestory,Mariposa,,,Isabella Lovestory,Mariposa,,
2026-09-13,100,Genius (LSD),,LSD,Genius,,,LSD,Genius,,
2026-09-13,90,Dance Tonight (Lucy Pearl),,Lucy Pearl,Dance Tonight,,,Lucy Pearl,Dance Tonight,,
2026-09-13,70,Speak to Me (Lulu Kiss Me Dead),,Lulu Kiss Me Dead,Speak to Me,,,Lulu Kiss Me Dead,Speak to Me,,
2026-09-13,40,Ho Hey (The Lumineers),,The Lumineers,Ho Hey,,,The Lumineers,Ho Hey,,
2026-09-13,70,Pillow Talk (Lustt),,Lustt,Pillow Talk,,,Lustt,Pillow Talk,,
2026-09-13,70,Ghost of Love (David Lynch),,David Lynch,Ghost of Love,,,David Lynch,Ghost of Love,,
2026-09-13,80,The Flame of Love (David Lynch),,David Lynch,The Flame of Love,,,David Lynch,The Flame of Love,,
2026-09-13,70,I'm Waiting Here (David Lynch & Lykke Li),,David Lynch & Lykke Li,I'm Waiting Here,,,David Lynch & Lykke Li,I'm Waiting Here,,
2026-09-13,80,Got to Be Real / Come In From the Rain (Cheryl Lynn),,Cheryl Lynn,Got to Be Real / Come In From the Rain,,,Cheryl Lynn,Got to Be Real / Come In From the Rain,,
2026-09-13,60,We'll Meet Again / Later On (Vera Lynn),,Vera Lynn,We'll Meet Again / Later On,,,Vera Lynn,We'll Meet Again / Later On,,
2026-09-13,60,Smokestack Lightning (Lynyrd Skynyrd),,Lynyrd Skynyrd,Smokestack Lightning,,,Lynyrd Skynyrd,Smokestack Lightning,,
2026-09-13,60,A New England / Patrick (Kirsty MacColl),,Kirsty MacColl,A New England / Patrick,,,Kirsty MacColl,A New England / Patrick,,
2026-09-13,60,They Don't Know / Turn My Motor On (Kirsty MacColl),,Kirsty MacColl,They Don't Know / Turn My Motor On,,,Kirsty MacColl,They Don't Know / Turn My Motor On,,
2026-09-13,10,People So Stupid (Tom MacDonald),,Tom MacDonald,People So Stupid,,,Tom MacDonald,People So Stupid,,
2026-09-13,20,Whiteboy (Tom MacDonald),,Tom MacDonald,Whiteboy,,,Tom MacDonald,Whiteboy,,
2026-09-13,10,Emo Girl (Machine Gun Kelly),,Machine Gun Kelly,Emo Girl,,,Machine Gun Kelly,Emo Girl,,
2026-09-13,70,The Prince (Madeon),,Madeon,The Prince,,,Madeon,The Prince,,
2026-09-13,70,The Humphrey Song / Loving You Ain't Easy (The Mad Hatters),,The Mad Hatters,The Humphrey Song / Loving You Ain't Easy,,,The Mad Hatters,The Humphrey Song / Loving You Ain't Easy,,
2026-09-13,70,Frozen (Madonna),,Madonna,Frozen,,,Madonna,Frozen,,
2026-09-13,80,Into the Groove / Shoo-Bee-Doo (Madonna),,Madonna,Into the Groove / Shoo-Bee-Doo,,,Madonna,Into the Groove / Shoo-Bee-Doo,,
2026-09-13,70,Industrial Silence (Madrugada),,Madrugada,Industrial Silence,,,Madrugada,Industrial Silence,,
2026-09-13,60,Curls & All Caps (Madvillain),,Madvillain,Curls & All Caps,,,Madvillain,Curls & All Caps,,
2026-09-13,70,Shot by Both Sides / My Mind Ain't So Open (Magazine),,Magazine,Shot by Both Sides / My Mind Ain't So Open,,,Magazine,Shot by Both Sides / My Mind Ain't So Open,,
2026-09-13,70,Death & Romance (Magdalena Bay),,Magdalena Bay,Death & Romance,,,Magdalena Bay,Death & Romance,,
2026-09-13,70,Image (Magdalena Bay),,Magdalena Bay,Image,,,Magdalena Bay,Image,,
2026-09-13,80,Secrets (Your Fire) (Magdalena Bay),,Magdalena Bay,Secrets (Your Fire),,,Magdalena Bay,Secrets (Your Fire),,
2026-09-13,70,Sky2Fall (Magdalena Bay),,Magdalena Bay,Sky2Fall,,,Magdalena Bay,Sky2Fall,,
2026-09-13,70,You Lose! (Magdalena Bay),,Magdalena Bay,You Lose!,,,Magdalena Bay,You Lose!,,
2026-09-13,70,"100,000 Fireflies / Old Orchard Beach (The Magnetic Fields)",,The Magnetic Fields,"100,000 Fireflies / Old Orchard Beach",,,The Magnetic Fields,"100,000 Fireflies / Old Orchard Beach",,
2026-09-13,70,Get Free (Major Lazer),,Major Lazer,Get Free,,,Major Lazer,Get Free,,
2026-09-13,70,Makthaverskan II,,Makthaverskan,Makthaverskan II,,,Makthaverskan,Makthaverskan II,,
2026-09-13,70,Alicia (Mala),,Mala,Alicia,,,Mala,Alicia,,
2026-09-13,70,Tape 19.11 / Ayonha (Ahmed Malek / Hamid El Shaeri),,Ahmed Malek / Hamid El Shaeri,Tape 19.11 / Ayonha,,,Ahmed Malek / Hamid El Shaeri,Tape 19.11 / Ayonha,,
2026-09-13,70,Beast of Blood (MALICE MIZER),,MALICE MIZER,Beast of Blood,,,MALICE MIZER,Beast of Blood,,
2026-09-13,30,It's My Life What Ever I Wanna Do (Vennu Mallesh),,Vennu Mallesh,It's My Life What Ever I Wanna Do,,,Vennu Mallesh,It's My Life What Ever I Wanna Do,,
2026-09-13,70,New Joy (Slauson Malone 1),,Slauson Malone 1,New Joy,,,Slauson Malone 1,New Joy,,
2026-09-13,70,Entre toi et moi (Yohann Malory),,Yohann Malory,Entre toi et moi,,,Yohann Malory,Entre toi et moi,,
2026-09-13,70,As the World Caves In (Matt Maltese),,Matt Maltese,As the World Caves In,,,Matt Maltese,As the World Caves In,,
2026-09-13,70,California Dreamin' (The Mamas & The Papas),,The Mamas & The Papas,California Dreamin',,,The Mamas & The Papas,California Dreamin',,
2026-09-13,60,I Wanna Be Your Slave (Måneskin),,Måneskin,I Wanna Be Your Slave,,,Måneskin,I Wanna Be Your Slave,,
2026-09-13,70,Motorcycle Emptiness (Manic Street Preachers),,Manic Street Preachers,Motorcycle Emptiness,,,Manic Street Preachers,Motorcycle Emptiness,,
2026-09-13,60,Изумруд (Manizha),,Manizha,Изумруд,,,Manizha,Изумруд,,
2026-09-13,70,Ever After (Marianas Trench),,Marianas Trench,Ever After,,,Marianas Trench,Ever After,,
2026-09-13,70,Oh No! (Marina & the Diamonds),,Marina & the Diamonds,Oh No!,,,Marina & the Diamonds,Oh No!,,
2026-09-13,70,Blue / Solitaire (Marina and the Diamonds),,Marina and the Diamonds,Blue / Solitaire,,,Marina and the Diamonds,Blue / Solitaire,,
2026-09-13,70,Froot (Marina and the Diamonds),,Marina and the Diamonds,Froot,,,Marina and the Diamonds,Froot,,
2026-09-13,80,スーパーマリオギャラクシー (Mario Galaxy Orchestra),,Mario Galaxy Orchestra,スーパーマリオギャラクシー,,,Mario Galaxy Orchestra,スーパーマリオギャラクシー,,
2026-09-13,80,Mixer (Amber Mark),,Amber Mark,Mixer,,,Amber Mark,Mixer,,
2026-09-13,60,Held Down (Laura Marling),,Laura Marling,Held Down,,,Laura Marling,Held Down,,
2026-09-13,60,Animals (Maroon 5),,Maroon 5,Animals,,,Maroon 5,Animals,,
2026-09-13,40,Don't Wanna Know (Maroon 5),,Maroon 5,Don't Wanna Know,,,Maroon 5,Don't Wanna Know,,
2026-09-13,20,Girls Like You (Maroon 5),,Maroon 5,Girls Like You,,,Maroon 5,Girls Like You,,
2026-09-13,80,Makes Me Wonder (Maroon 5),,Maroon 5,Makes Me Wonder,,,Maroon 5,Makes Me Wonder,,
2026-09-13,10,Memories (Maroon 5),,Maroon 5,Memories,,,Maroon 5,Memories,,
2026-09-13,70,Moves Like Jagger (Maroon 5),,Maroon 5,Moves Like Jagger,,,Maroon 5,Moves Like Jagger,,
2026-09-13,60,Payphone (Maroon 5),,Maroon 5,Payphone,,,Maroon 5,Payphone,,
2026-09-13,80,24K Magic (Bruno Mars),,Bruno Mars,24K Magic,,,Bruno Mars,24K Magic,,
2026-09-13,80,Locked Out of Heaven (Bruno Mars),,Bruno Mars,Locked Out of Heaven,,,Bruno Mars,Locked Out of Heaven,,
2026-09-13,60,Marry You (Bruno Mars),,Bruno Mars,Marry You,,,Bruno Mars,Marry You,,
2026-09-13,60,The Lazy Song (Bruno Mars),,Bruno Mars,The Lazy Song,,,Bruno Mars,The Lazy Song,,
2026-09-13,70,Using You (Mars Argo),,Mars Argo,Using You,,,Mars Argo,Using You,,
2026-09-13,70,Happier (Marshmello & Bastille),,Marshmello & Bastille,Happier,,,Marshmello & Bastille,Happier,,
2026-09-13,70,Echo Beach / Teddy the Dink (Martha and The Muffins),,Martha and The Muffins,Echo Beach / Teddy the Dink,,,Martha and The Muffins,Echo Beach / Teddy the Dink,,
2026-09-13,50,I Never Had a Chance / I Can't Give You Anything but Love (Dean Martin),,Dean Martin,I Never Had a Chance / I Can't Give You Anything but Love,,,Dean Martin,I Never Had a Chance / I Can't Give You Anything but Love,,
2026-09-13,60,"Rio Bravo / My Rifle, My Pony and Me (Dean Martin)",,Dean Martin,"Rio Bravo / My Rifle, My Pony and Me",,,Dean Martin,"Rio Bravo / My Rifle, My Pony and Me",,
2026-09-13,70,Pig Feet (Terrace Martin & Denzel Curry),,Terrace Martin & Denzel Curry,Pig Feet,,,Terrace Martin & Denzel Curry,Pig Feet,,
2026-09-13,70,Cry Baby (Melanie Martinez),,Melanie Martinez,Cry Baby,,,Melanie Martinez,Cry Baby,,
2026-09-13,70,Dollhouse (Melanie Martinez),,Melanie Martinez,Dollhouse,,,Melanie Martinez,Dollhouse,,
2026-09-13,60,Seven Nation Army (Melanie Martinez),,Melanie Martinez,Seven Nation Army,,,Melanie Martinez,Seven Nation Army,,
2026-09-13,70,Soap (Melanie Martinez),,Melanie Martinez,Soap,,,Melanie Martinez,Soap,,
2026-09-13,70,The Invisible Man (Maruja),,Maruja,The Invisible Man,,,Maruja,The Invisible Man,,
2026-09-13,70,All Night Long / Musical Love (Mary Jane Girls),,Mary Jane Girls,All Night Long / Musical Love,,,Mary Jane Girls,All Night Long / Musical Love,,
2026-09-13,70,Angel (Massive Attack),,Massive Attack,Angel,,,Massive Attack,Angel,,
2026-09-13,70,Paradise Circus (Gui Boratto Remix) (Massive Attack),,Massive Attack,Paradise Circus (Gui Boratto Remix),,,Massive Attack,Paradise Circus (Gui Boratto Remix),,
2026-09-13,70,Teardrop (Massive Attack),,Massive Attack,Teardrop,,,Massive Attack,Teardrop,,
2026-09-13,70,Mass of the Fermenting Dregs,,Mass of the Fermenting Dregs,Mass of the Fermenting Dregs,,,Mass of the Fermenting Dregs,Mass of the Fermenting Dregs,,
2026-09-13,70,Blood & Thunder (Mastodon),,Mastodon,Blood & Thunder,,,Mastodon,Blood & Thunder,,
2026-09-13,70,Hey Moon (John Maus),,John Maus,Hey Moon,,,John Maus,Hey Moon,,
2026-09-13,70,blackSUMMERS'night (Maxwell),,Maxwell,blackSUMMERS'night,,,Maxwell,blackSUMMERS'night,,
2026-09-13,70,Stereo Love (Edward Maya & Vika Jigulina),,Edward Maya & Vika Jigulina,Stereo Love,,,Edward Maya & Vika Jigulina,Stereo Love,,
2026-09-13,70,New Light (John Mayer),,John Mayer,New Light,,,John Mayer,New Light,,
2026-09-13,70,Move On Up / Beautiful Brother of Mine / Give It Up (Curtis Mayfield),,Curtis Mayfield,Move On Up / Beautiful Brother of Mine / Give It Up,,,Curtis Mayfield,Move On Up / Beautiful Brother of Mine / Give It Up,,
2026-09-13,70,Pressure Drop / Smoke Screen (Maytals / Beverley All Stars),,Maytals / Beverley All Stars,Pressure Drop / Smoke Screen,,,Maytals / Beverley All Stars,Pressure Drop / Smoke Screen,,
2026-09-13,70,Fade Into You (Mazzy Star),,Mazzy Star,Fade Into You,,,Mazzy Star,Fade Into You,,
2026-09-13,50,Fala mal de mim (MC Beyonce),,MC Beyonce,Fala mal de mim,,,MC Beyonce,Fala mal de mim,,
2026-09-13,60,Uncle Albert / Admiral Halsey / Too Many People (Paul & Linda McCartney),,Paul & Linda McCartney,Uncle Albert / Admiral Halsey / Too Many People,,,Paul & Linda McCartney,Uncle Albert / Admiral Halsey / Too Many People,,
2026-09-13,70,Jet / Let Me Roll It (Paul McCartney & Wings),,Paul McCartney & Wings,Jet / Let Me Roll It,,,Paul McCartney & Wings,Jet / Let Me Roll It,,
2026-09-13,10,Take a Knee... My Ass!! (Neal McCoy),,Neal McCoy,Take a Knee... My Ass!!,,,Neal McCoy,Take a Knee... My Ass!!,,
2026-09-13,80,Fancy / This Picture (Reba McEntire),,Reba McEntire,Fancy / This Picture,,,Reba McEntire,Fancy / This Picture,,
2026-09-13,70,The Key to Life on Earth (Declan McKenna),,Declan McKenna,The Key to Life on Earth,,,Declan McKenna,The Key to Life on Earth,,
2026-09-13,80,Madam Butterfly (Un bel di vedremo) / First Couple Out (Malcolm McLaren),,Malcolm McLaren,Madam Butterfly (Un bel di vedremo) / First Couple Out,,,Malcolm McLaren,Madam Butterfly (Un bel di vedremo) / First Couple Out,,
2026-09-13,20,Anime Thighs (MC Virgins),,MC Virgins,Anime Thighs,,,MC Virgins,Anime Thighs,,
2026-09-13,70,Hijo de la luna (Mecano),,Mecano,Hijo de la luna,,,Mecano,Hijo de la luna,,
2026-09-13,70,A bailar Calypso / Red Roses (Elli Medeiros),,Elli Medeiros,A bailar Calypso / Red Roses,,,Elli Medeiros,A bailar Calypso / Red Roses,,
2026-09-13,70,Holy Wars ... The Punishment Due / Lucretia (Megadeth),,Megadeth,Holy Wars ... The Punishment Due / Lucretia,,,Megadeth,Holy Wars ... The Punishment Due / Lucretia,,
2026-09-13,60,HISS (Megan Thee Stallion),,Megan Thee Stallion,HISS,,,Megan Thee Stallion,HISS,,
2026-09-13,40,Unexpectedly (Megumi Acorda),,Megumi Acorda,Unexpectedly,,,Megumi Acorda,Unexpectedly,,
2026-09-13,70,The Flood (Katie Melua),,Katie Melua,The Flood,,,Katie Melua,The Flood,,
2026-09-13,60,If You Don't Know Me by Now / Let Me Into Your World (Harold Melvin & The Blue Notes),,Harold Melvin & The Blue Notes,If You Don't Know Me by Now / Let Me Into Your World,,,Harold Melvin & The Blue Notes,If You Don't Know Me by Now / Let Me Into Your World,,
2026-09-13,70,Luz de piedra de luna / No te cuesta nada (Javiera Mena),,Javiera Mena,Luz de piedra de luna / No te cuesta nada,,,Javiera Mena,Luz de piedra de luna / No te cuesta nada,,
2026-09-13,70,Mercy (Shawn Mendes),,Shawn Mendes,Mercy,,,Shawn Mendes,Mercy,,
2026-09-13,100,Stitches (Shawn Mendes),,Shawn Mendes,Stitches,,,Shawn Mendes,Stitches,,
2026-09-13,70,Señorita (Shawn Mendes & Camila Cabello),,Shawn Mendes & Camila Cabello,Señorita,,,Shawn Mendes & Camila Cabello,Señorita,,
2026-09-13,70,Tailwhip (Men I Trust),,Men I Trust,Tailwhip,,,Men I Trust,Tailwhip,,
2026-09-13,70,Down on My Luck (Vic Mensa),,Vic Mensa,Down on My Luck,,,Vic Mensa,Down on My Luck,,
2026-09-13,70,Q (Mental Cube),,Mental Cube,Q,,,Mental Cube,Q,,
2026-09-13,60,The Safety Dance / Living in China (Men Without Hats),,Men Without Hats,The Safety Dance / Living in China,,,Men Without Hats,The Safety Dance / Living in China,,
2026-09-13,70,Fire / Mission Impossible (Lizzy Mercier Descloux),,Lizzy Mercier Descloux,Fire / Mission Impossible,,,Lizzy Mercier Descloux,Fire / Mission Impossible,,
2026-09-13,70,Love Kills / Rotwang's Party (Robot Dance) (Freddie Mercury / Giorgio Moroder),,Freddie Mercury / Giorgio Moroder,Love Kills / Rotwang's Party (Robot Dance),,,Freddie Mercury / Giorgio Moroder,Love Kills / Rotwang's Party (Robot Dance),,
2026-09-13,70,Holes (Mercury Rev),,Mercury Rev,Holes,,,Mercury Rev,Holes,,
2026-09-13,70,Alakorô (Metá² com Tony Allen),,Metá² com Tony Allen,Alakorô,,,Metá² com Tony Allen,Alakorô,,
2026-09-13,70,All Nightmare Long (Metallica),,Metallica,All Nightmare Long,,,Metallica,All Nightmare Long,,
2026-09-13,70,For Whom the Bell Tolls (Metallica),,Metallica,For Whom the Bell Tolls,,,Metallica,For Whom the Bell Tolls,,
2026-09-13,80,Master of Puppets (Metallica),,Metallica,Master of Puppets,,,Metallica,Master of Puppets,,
2026-09-13,70,"Master of Puppets / Welcome Home ""Sanitarium"" (Metallica)",,Metallica,"Master of Puppets / Welcome Home ""Sanitarium""",,,Metallica,"Master of Puppets / Welcome Home ""Sanitarium""",,
2026-09-13,70,One / The Prince (Metallica),,Metallica,One / The Prince,,,Metallica,One / The Prince,,
2026-09-13,70,Ride the Lightning (Metallica),,Metallica,Ride the Lightning,,,Metallica,Ride the Lightning,,
2026-09-13,60,In All We See (Pat Metheny),,Pat Metheny,In All We See,,,Pat Metheny,In All We See,,
2026-09-13,70,Electric Feel (MGMT),,MGMT,Electric Feel,,,MGMT,Electric Feel,,
2026-09-13,70,Kids (MGMT),,MGMT,Kids,,,MGMT,Kids,,
2026-09-13,60,Little Dark Age (MGMT),,MGMT,Little Dark Age,,,MGMT,Little Dark Age,,
2026-09-13,70,Me and Michael (MGMT),,MGMT,Me and Michael,,,MGMT,Me and Michael,,
2026-09-13,60,Siberian Breaks (MGMT),,MGMT,Siberian Breaks,,,MGMT,Siberian Breaks,,
2026-09-13,70,Time to Pretend (MGMT),,MGMT,Time to Pretend,,,MGMT,Time to Pretend,,
2026-09-13,70,When You Die (MGMT),,MGMT,When You Die,,,MGMT,When You Die,,
2026-09-13,70,Jimmy (M.I.A.),,M.I.A.,Jimmy,,,M.I.A.,Jimmy,,
2026-09-13,80,Paper Planes (M.I.A.),,M.I.A.,Paper Planes,,,M.I.A.,Paper Planes,,
2026-09-13,70,The Moon (Microphones),,Microphones,The Moon,,,Microphones,The Moon,,
2026-09-13,90,Lighterless (Microwave),,Microwave,Lighterless,,,Microwave,Lighterless,,
2026-09-13,80,Vampires (The Midnight),,The Midnight,Vampires,,,The Midnight,Vampires,,
2026-09-13,70,Adorn (Miguel),,Miguel,Adorn,,,Miguel,Adorn,,
2026-09-13,70,Grace Kelly (MIKA),,MIKA,Grace Kelly,,,MIKA,Grace Kelly,,
2026-09-13,40,"The Mantra (Mike WiLL Made It, Pharrell Williams & Kendrick Lamar)",,"Mike WiLL Made It, Pharrell Williams & Kendrick Lamar",The Mantra,,,"Mike WiLL Made It, Pharrell Williams & Kendrick Lamar",The Mantra,,
2026-09-13,70,Children (Robert Miles),,Robert Miles,Children,,,Robert Miles,Children,,
2026-09-13,10,Wherever You Are (Military Wives with Gareth Malone),,Military Wives with Gareth Malone,Wherever You Are,,,Military Wives with Gareth Malone,Wherever You Are,,
2026-09-13,60,Good News (Mac Miller),,Mac Miller,Good News,,,Mac Miller,Good News,,
2026-09-13,70,Swimming (Mac Miller),,Mac Miller,Swimming,,,Mac Miller,Swimming,,
2026-09-13,60,In the Mood / I Want to Be Happy (Glenn Miller and His Orchestra),,Glenn Miller and His Orchestra,In the Mood / I Want to Be Happy,,,Glenn Miller and His Orchestra,In the Mood / I Want to Be Happy,,
2026-09-13,80,Fly Like an Eagle (Steve Miller Band),,Steve Miller Band,Fly Like an Eagle,,,Steve Miller Band,Fly Like an Eagle,,
2026-09-13,60,Live at the Liquid Room - Tokyo (Jeff Mills),,Jeff Mills,Live at the Liquid Room - Tokyo,,,Jeff Mills,Live at the Liquid Room - Tokyo,,
2026-09-13,20,Chun-Li (Nicki Minaj),,Nicki Minaj,Chun-Li,,,Nicki Minaj,Chun-Li,,
2026-09-13,70,Super Bass (Nicki Minaj),,Nicki Minaj,Super Bass,,,Nicki Minaj,Super Bass,,
2026-09-13,70,Gloria / Parking Lot (Mineral),,Mineral,Gloria / Parking Lot,,,Mineral,Gloria / Parking Lot,,
2026-09-13,80,Neon Nights (Dannii Minogue),,Dannii Minogue,Neon Nights,,,Dannii Minogue,Neon Nights,,
2026-09-13,90,Impossible Princess (Kylie Minogue),,Kylie Minogue,Impossible Princess,,,Kylie Minogue,Impossible Princess,,
2026-09-13,60,Bring Out De Ham / Auld Lang Soca (Marcia Miranda),,Marcia Miranda,Bring Out De Ham / Auld Lang Soca,,,Marcia Miranda,Bring Out De Ham / Auld Lang Soca,,
2026-09-13,60,Chutney Christmas / Parang Chutney (Marcia Miranda),,Marcia Miranda,Chutney Christmas / Parang Chutney,,,Marcia Miranda,Chutney Christmas / Parang Chutney,,
2026-09-13,60,Gimme Love Fuh Christmas (Marcia Miranda),,Marcia Miranda,Gimme Love Fuh Christmas,,,Marcia Miranda,Gimme Love Fuh Christmas,,
2026-09-13,70,Es mentira (Miranda!),,Miranda!,Es mentira,,,Miranda!,Es mentira,,
2026-09-13,50,Clairvoyant (MISOGI),,MISOGI,Clairvoyant,,,MISOGI,Clairvoyant,,
2026-09-13,10,Falseawakening / RealitY Shift (MISOGI),,MISOGI,Falseawakening / RealitY Shift,,,MISOGI,Falseawakening / RealitY Shift,,
2026-09-13,70,Academy Fight Song / Max Ernst (Mission of Burma),,Mission of Burma,Academy Fight Song / Max Ernst,,,Mission of Burma,Academy Fight Song / Max Ernst,,
2026-09-13,60,Talou lena (Mounira Mitchala),,Mounira Mitchala,Talou lena,,,Mounira Mitchala,Talou lena,,
2026-09-13,70,California / A Case of You (Joni Mitchell),,Joni Mitchell,California / A Case of You,,,Joni Mitchell,California / A Case of You,,
2026-09-13,70,First Love / Late Spring (Mitski),,Mitski,First Love / Late Spring,,,Mitski,First Love / Late Spring,,
2026-09-13,70,Nobody (Mitski),,Mitski,Nobody,,,Mitski,Nobody,,
2026-09-13,60,Your Best American Girl (Mitski),,Mitski,Your Best American Girl,,,Mitski,Your Best American Girl,,
2026-09-13,70,Shook Ones Part II / Shook Ones Part I (Mobb Deep),,Mobb Deep,Shook Ones Part II / Shook Ones Part I,,,Mobb Deep,Shook Ones Part II / Shook Ones Part I,,
2026-09-13,70,Porcelain (Moby),,Moby,Porcelain,,,Moby,Porcelain,,
2026-09-13,60,"Broke / Whenever I Breathe Out You Breathe In ∞ Positive Negative, Positive Negative ∞ (Modest Mouse)",,Modest Mouse,"Broke / Whenever I Breathe Out You Breathe In ∞ Positive Negative, Positive Negative ∞",,,Modest Mouse,"Broke / Whenever I Breathe Out You Breathe In ∞ Positive Negative, Positive Negative ∞",,
2026-09-13,70,Lady (Hear Me Tonight) (Modjo),,Modjo,Lady (Hear Me Tonight),,,Modjo,Lady (Hear Me Tonight),,
2026-09-13,70,The Time Is Now (Moloko),,Moloko,The Time Is Now,,,Moloko,The Time Is Now,,
2026-09-13,50,Khmer (Nils Petter Molvær),,Nils Petter Molvær,Khmer,,,Nils Petter Molvær,Khmer,,
2026-09-13,70,Cold War (Janelle Monáe),,Janelle Monáe,Cold War,,,Janelle Monáe,Cold War,,
2026-09-13,70,ラビリンス (Mondo Grosso),,Mondo Grosso,ラビリンス,,,Mondo Grosso,ラビリンス,,
2026-09-13,50,Crisalide (Valentina Monetta),,Valentina Monetta,Crisalide,,,Valentina Monetta,Crisalide,,
2026-09-13,60,Maybe / Forse (Valentina Monetta),,Valentina Monetta,Maybe / Forse,,,Valentina Monetta,Maybe / Forse,,
2026-09-13,70,Only You / Hafi Deo (Steve Monite / Tabu Ley Rochereau),,Steve Monite / Tabu Ley Rochereau,Only You / Hafi Deo,,,Steve Monite / Tabu Ley Rochereau,Only You / Hafi Deo,,
2026-09-13,60,Monk's Music (Thelonious Monk Septet),,Thelonious Monk Septet,Monk's Music,,,Thelonious Monk Septet,Monk's Music,,
2026-09-13,70,"The Good, the Bad and the Ugly / March With Hope (Hugo Montenegro)",,Hugo Montenegro,"The Good, the Bad and the Ugly / March With Hope",,,Hugo Montenegro,"The Good, the Bad and the Ugly / March With Hope",,
2026-09-13,80,Always Look on the Bright Side of Life / Brian (Monty Python),,Monty Python,Always Look on the Bright Side of Life / Brian,,,Monty Python,Always Look on the Bright Side of Life / Brian,,
2026-09-13,70,Glad Music (R. Stevie Moore),,R. Stevie Moore,Glad Music,,,R. Stevie Moore,Glad Music,,
2026-09-13,100,The Ecstasy of Gold (Ennio Morricone),,Ennio Morricone,The Ecstasy of Gold,,,Ennio Morricone,The Ecstasy of Gold,,
2026-09-13,100,"The Good, the Bad and the Ugly / Mercenario (Ennio Morricone)",,Ennio Morricone,"The Good, the Bad and the Ugly / Mercenario",,,Ennio Morricone,"The Good, the Bad and the Ugly / Mercenario",,
2026-09-13,70,Return of the Mack (Mark Morrison),,Mark Morrison,Return of the Mack,,,Mark Morrison,Return of the Mack,,
2026-09-13,70,Astral Weeks (Van Morrison),,Van Morrison,Astral Weeks,,,Van Morrison,Astral Weeks,,
2026-09-13,60,Everyday Is Like Sunday / Disappointed (Morrissey),,Morrissey,Everyday Is Like Sunday / Disappointed,,,Morrissey,Everyday Is Like Sunday / Disappointed,,
2026-09-13,80,Complex Simplicity (Teedra Moses),,Teedra Moses,Complex Simplicity,,,Teedra Moses,Complex Simplicity,,
2026-09-13,60,"Talk to Me, Tiger! (Rita Moss)",,Rita Moss,"Talk to Me, Tiger!",,,Rita Moss,"Talk to Me, Tiger!",,
2026-09-13,70,DJ-Kicks (Motor City Drum Ensemble),,Motor City Drum Ensemble,DJ-Kicks,,,Motor City Drum Ensemble,DJ-Kicks,,
2026-09-13,60,I'm Yours / The Dynamo of Volition (Jason Mraz),,Jason Mraz,I'm Yours / The Dynamo of Volition,,,Jason Mraz,I'm Yours / The Dynamo of Volition,,
2026-09-13,50,Q (Mr. Children),,Mr. Children,Q,,,Mr. Children,Q,,
2026-09-13,70,I Can't Be Satisfied / Feel Like Going Home (Muddy Waters),,Muddy Waters,I Can't Be Satisfied / Feel Like Going Home,,,Muddy Waters,I Can't Be Satisfied / Feel Like Going Home,,
2026-09-13,80,Mannish Boy / I'm Your Hoochie Coochie Man (Muddy Waters),,Muddy Waters,Mannish Boy / I'm Your Hoochie Coochie Man,,,Muddy Waters,Mannish Boy / I'm Your Hoochie Coochie Man,,
2026-09-13,70,Silk Chiffon (MUNA),,MUNA,Silk Chiffon,,,MUNA,Silk Chiffon,,
2026-09-13,70,In the Summertime (Mungo Jerry),,Mungo Jerry,In the Summertime,,,Mungo Jerry,In the Summertime,,
2026-09-13,80,Party All the Time (Eddie Murphy),,Eddie Murphy,Party All the Time,,,Eddie Murphy,Party All the Time,,
2026-09-13,50,Cuts You Up / A Strange Kind of Love (Peter Murphy),,Peter Murphy,Cuts You Up / A Strange Kind of Love,,,Peter Murphy,Cuts You Up / A Strange Kind of Love,,
2026-09-13,70,Let Me Know (Róisín Murphy),,Róisín Murphy,Let Me Know,,,Róisín Murphy,Let Me Know,,
2026-09-13,70,Follow Your Arrow (Kacey Musgraves),,Kacey Musgraves,Follow Your Arrow,,,Kacey Musgraves,Follow Your Arrow,,
2026-09-13,70,High Horse (Kacey Musgraves),,Kacey Musgraves,High Horse,,,Kacey Musgraves,High Horse,,
2026-09-13,70,Merry Go 'Round (Kacey Musgraves),,Kacey Musgraves,Merry Go 'Round,,,Kacey Musgraves,Merry Go 'Round,,
2026-09-13,80,"Bad Apple!! (Electro Swing) (The Musical Ghost, Adriana Figueroa & OR3O)",,"The Musical Ghost, Adriana Figueroa & OR3O",Bad Apple!! (Electro Swing),,,"The Musical Ghost, Adriana Figueroa & OR3O",Bad Apple!! (Electro Swing),,
2026-09-13,70,A minha menina / Adeus Maria Fulô (Os Mutantes),,Os Mutantes,A minha menina / Adeus Maria Fulô,,,Os Mutantes,A minha menina / Adeus Maria Fulô,,
2026-09-13,70,Pink Noise (Laura Mvula),,Laura Mvula,Pink Noise,,,Laura Mvula,Pink Noise,,
2026-09-13,50,Only Shallow (my bloody valentine),,my bloody valentine,Only Shallow,,,my bloody valentine,Only Shallow,,
2026-09-13,40,To Here Knows When / Swallow (my bloody valentine),,my bloody valentine,To Here Knows When / Swallow,,,my bloody valentine,To Here Knows When / Swallow,,
2026-09-13,60,You Made Me Realise (my bloody valentine),,my bloody valentine,You Made Me Realise,,,my bloody valentine,You Made Me Realise,,
2026-09-13,70,Helena (My Chemical Romance),,My Chemical Romance,Helena,,,My Chemical Romance,Helena,,
2026-09-13,80,The Black Parade (My Chemical Romance),,My Chemical Romance,The Black Parade,,,My Chemical Romance,The Black Parade,,
2026-09-13,90,Children of Light II (Meg Myers),,Meg Myers,Children of Light II,,,Meg Myers,Children of Light II,,
2026-09-13,80,7 Seconds (Youssou N'Dour & Neneh Cherry),,Youssou N'Dour & Neneh Cherry,7 Seconds,,,Youssou N'Dour & Neneh Cherry,7 Seconds,,
2026-09-13,70,Shakin' the Tree / Old Tucson (Youssou N'Dour & Peter Gabriel),,Youssou N'Dour & Peter Gabriel,Shakin' the Tree / Old Tucson,,,Youssou N'Dour & Peter Gabriel,Shakin' the Tree / Old Tucson,,
2026-09-13,80,"ファイナルファンタジーX (Junya Nakano, Masashi Hamauzu and Nobuo Uematsu)",,"Junya Nakano, Masashi Hamauzu and Nobuo Uematsu",ファイナルファンタジーX,,,"Junya Nakano, Masashi Hamauzu and Nobuo Uematsu",ファイナルファンタジーX,,
2026-09-13,70,Always Something There to Remind Me / Pit Stop (Naked Eyes),,Naked Eyes,Always Something There to Remind Me / Pit Stop,,,Naked Eyes,Always Something There to Remind Me / Pit Stop,,
2026-09-13,70,Wewak Hill (Nathan Nakikus),,Nathan Nakikus,Wewak Hill,,,Nathan Nakikus,Wewak Hill,,
2026-09-13,80,R4　Ridge Racer Type 4　ダイレクト・オーディオ (*Namco Consumer Software Sound Team),,*Namco Consumer Software Sound Team,R4　Ridge Racer Type 4　ダイレクト・オーディオ,,,*Namco Consumer Software Sound Team,R4　Ridge Racer Type 4　ダイレクト・オーディオ,,
2026-09-13,60,Beat the Bastards (Al- Namrood),,Al- Namrood,Beat the Bastards,,,Al- Namrood,Beat the Bastards,,
2026-09-13,50,Bleached Bones (Al- Namrood),,Al- Namrood,Bleached Bones,,,Al- Namrood,Bleached Bones,,
2026-09-13,70,Whine of the Mystic (Nap Eyes),,Nap Eyes,Whine of the Mystic,,,Nap Eyes,Whine of the Mystic,,
2026-09-13,60,Tudo que você podia ser / Me deixa em paz (Milton Nascimento),,Milton Nascimento,Tudo que você podia ser / Me deixa em paz,,,Milton Nascimento,Tudo que você podia ser / Me deixa em paz,,
2026-09-13,60,Clube da esquina (Milton Nascimento & Lô Borges),,Milton Nascimento & Lô Borges,Clube da esquina,,,Milton Nascimento & Lô Borges,Clube da esquina,,
2026-09-13,70,Gravity Falls Theme Song (NateWantsToBattle),,NateWantsToBattle,Gravity Falls Theme Song,,,NateWantsToBattle,Gravity Falls Theme Song,,
2026-09-13,70,Sandcastle Kingdoms (NateWantsToBattle),,NateWantsToBattle,Sandcastle Kingdoms,,,NateWantsToBattle,Sandcastle Kingdoms,,
2026-09-13,70,Bloodbuzz Ohio (The National),,The National,Bloodbuzz Ohio,,,The National,Bloodbuzz Ohio,,
2026-09-13,60,Fake Empire (The National),,The National,Fake Empire,,,The National,Fake Empire,,
2026-09-13,50,질주 (NCT 127),,NCT 127,질주,,,NCT 127,질주,,
2026-09-13,30,NCT #127 Cherry Bomb (NCT 127),,NCT 127,NCT #127 Cherry Bomb,,,NCT 127,NCT #127 Cherry Bomb,,
2026-09-13,80,Perfume (NCT DOJAEJUNG),,NCT DOJAEJUNG,Perfume,,,NCT DOJAEJUNG,Perfume,,
2026-09-13,60,일곱 번째 감각 (NCT U),,NCT U,일곱 번째 감각,,,NCT U,일곱 번째 감각,,
2026-09-13,60,The Nocturnal Silence (Necrophobic),,Necrophobic,The Nocturnal Silence,,,Necrophobic,The Nocturnal Silence,,
2026-09-13,60,99 Luftballons / Ich bleib' im Bett (Nena),,Nena,99 Luftballons / Ich bleib' im Bett,,,Nena,99 Luftballons / Ich bleib' im Bett,,
2026-09-13,70,Fallout / Polish Girl (Neon Indian),,Neon Indian,Fallout / Polish Girl,,,Neon Indian,Fallout / Polish Girl,,
2026-09-13,70,Polish Girl (Neon Indian),,Neon Indian,Polish Girl,,,Neon Indian,Polish Girl,,
2026-09-13,70,TOY (Netta),,Netta,TOY,,,Netta,TOY,,
2026-09-13,70,Hallogallo (NEU!),,NEU!,Hallogallo,,,NEU!,Hallogallo,,
2026-09-13,50,"Holland, 1945 / Engine (Neutral Milk Hotel)",,Neutral Milk Hotel,"Holland, 1945 / Engine",,,Neutral Milk Hotel,"Holland, 1945 / Engine",,
2026-09-13,70,Ditto (NewJeans),,NewJeans,Ditto,,,NewJeans,Ditto,,
2026-09-13,70,OMG (NewJeans),,NewJeans,OMG,,,NewJeans,OMG,,
2026-09-13,70,Super Shy (NewJeans),,NewJeans,Super Shy,,,NewJeans,Super Shy,,
2026-09-13,70,Love Me Again (John Newman),,John Newman,Love Me Again,,,John Newman,Love Me Again,,
2026-09-13,70,Bizarre Love Triangle (New Order),,New Order,Bizarre Love Triangle,,,New Order,Bizarre Love Triangle,,
2026-09-13,70,Blue Monday / The Beach (New Order),,New Order,Blue Monday / The Beach,,,New Order,Blue Monday / The Beach,,
2026-09-13,60,Ceremony / In a Lonely Place (New Order),,New Order,Ceremony / In a Lonely Place,,,New Order,Ceremony / In a Lonely Place,,
2026-09-13,70,True Faith / 1963 (New Order),,New Order,True Faith / 1963,,,New Order,True Faith / 1963,,
2026-09-13,70,You Get What You Give (New Radicals),,New Radicals,You Get What You Give,,,New Radicals,You Get What You Give,,
2026-09-13,70,Closer (Ne-Yo),,Ne-Yo,Closer,,,Ne-Yo,Closer,,
2026-09-13,70,Burn It to the Ground (Nickelback),,Nickelback,Burn It to the Ground,,,Nickelback,Burn It to the Ground,,
2026-09-13,70,Dark Horse (Nickelback),,Nickelback,Dark Horse,,,Nickelback,Dark Horse,,
2026-09-13,40,Photograph (Nickelback),,Nickelback,Photograph,,,Nickelback,Photograph,,
2026-09-13,70,Bella donna (Stevie Nicks),,Stevie Nicks,Bella donna,,,Stevie Nicks,Bella donna,,
2026-09-13,50,Frozen Warnings / No One Is There (Nico),,Nico,Frozen Warnings / No One Is There,,,Nico,Frozen Warnings / No One Is There,,
2026-09-13,70,Undo (Sanna Nielsen),,Sanna Nielsen,Undo,,,Sanna Nielsen,Undo,,
2026-09-13,80,Nemo (Nightwish),,Nightwish,Nemo,,,Nightwish,Nemo,,
2026-09-13,80,Over the Hills and Far Away (Nightwish),,Nightwish,Over the Hills and Far Away,,,Nightwish,Over the Hills and Far Away,,
2026-09-13,70,Let the Music (Use You) (The Night Writers),,The Night Writers,Let the Music (Use You),,,The Night Writers,Let the Music (Use You),,
2026-09-13,50,Black Kaveera (Nihiloxica),,Nihiloxica,Black Kaveera,,,Nihiloxica,Black Kaveera,,
2026-09-13,70,I Wonder As I Wander / Carols and Love Songs (John Jacob Niles),,John Jacob Niles,I Wonder As I Wander / Carols and Love Songs,,,John Jacob Niles,I Wonder As I Wander / Carols and Love Songs,,
2026-09-13,60,Sambolera Mayi Son (Khadja Nin),,Khadja Nin,Sambolera Mayi Son,,,Khadja Nin,Sambolera Mayi Son,,
2026-09-13,40,Wale Watu (Khadja Nin),,Khadja Nin,Wale Watu,,,Khadja Nin,Wale Watu,,
2026-09-13,80,Hurt (Nine Inch Nails),,Nine Inch Nails,Hurt,,,Nine Inch Nails,Hurt,,
2026-09-13,80,Sweet Rendezvous (Nine Muses),,Nine Muses,Sweet Rendezvous,,,Nine Muses,Sweet Rendezvous,,
2026-09-13,70,Tentempié (Niños del Cerro),,Niños del Cerro,Tentempié,,,Niños del Cerro,Tentempié,,
2026-09-13,70,Come as You Are (Nirvana),,Nirvana,Come as You Are,,,Nirvana,Come as You Are,,
2026-09-13,70,You Know You're Right (Nirvana),,Nirvana,You Know You're Right,,,Nirvana,You Know You're Right,,
2026-09-13,50,From Tokyo to Naiagara (Tujiko Noriko),,Tujiko Noriko,From Tokyo to Naiagara,,,Tujiko Noriko,From Tokyo to Naiagara,,
2026-09-13,70,Motivation (Normani),,Normani,Motivation,,,Normani,Motivation,,
2026-09-13,70,Nothing but Thieves,,Nothing but Thieves,Nothing but Thieves,,,Nothing but Thieves,Nothing but Thieves,,
2026-09-13,70,Acabou chorare (Novos Baianos),,Novos Baianos,Acabou chorare,,,Novos Baianos,Acabou chorare,,
2026-09-13,70,Luv(sic) Part 3 (Nujabes),,Nujabes,Luv(sic) Part 3,,,Nujabes,Luv(sic) Part 3,,
2026-09-13,70,Cars / Asylum (Gary Numan),,Gary Numan,Cars / Asylum,,,Gary Numan,Cars / Asylum,,
2026-09-13,70,Nothing Compares 2 U / Jump in the River (Sinéad O'Connor),,Sinéad O'Connor,Nothing Compares 2 U / Jump in the River,,,Sinéad O'Connor,Nothing Compares 2 U / Jump in the River,,
2026-09-13,70,Alexander O'Neal,,Alexander O'Neal,Alexander O'Neal,,,Alexander O'Neal,Alexander O'Neal,,
2026-09-13,40,Eureka (Jim O'Rourke),,Jim O'Rourke,Eureka,,,Jim O'Rourke,Eureka,,
2026-09-13,70,Live Forever (Oasis),,Oasis,Live Forever,,,Oasis,Live Forever,,
2026-09-13,50,Chanel (Frank Ocean),,Frank Ocean,Chanel,,,Frank Ocean,Chanel,,
2026-09-13,60,Lost (Frank Ocean),,Frank Ocean,Lost,,,Frank Ocean,Lost,,
2026-09-13,80,Pyramids (Frank Ocean),,Frank Ocean,Pyramids,,,Frank Ocean,Pyramids,,
2026-09-13,60,Thinkin Bout You (Frank Ocean),,Frank Ocean,Thinkin Bout You,,,Frank Ocean,Thinkin Bout You,,
2026-09-13,70,Biomech (Ocean Machine),,Ocean Machine,Biomech,,,Ocean Machine,Biomech,,
2026-09-13,70,Bath (offonoff),,offonoff,Bath,,,offonoff,Bath,,
2026-09-13,80,Gone Away (The Offspring),,The Offspring,Gone Away,,,The Offspring,Gone Away,,
2026-09-13,80,The Kids Aren't Alright (The Offspring),,The Offspring,The Kids Aren't Alright,,,The Offspring,The Kids Aren't Alright,,
2026-09-13,70,The Past Is a Grotesque Animal (of Montreal),,of Montreal,The Past Is a Grotesque Animal,,,of Montreal,The Past Is a Grotesque Animal,,
2026-09-13,60,Allah Wakbarr / Beautiful Daddy (Ofo the Black Company),,Ofo the Black Company,Allah Wakbarr / Beautiful Daddy,,,Ofo the Black Company,Allah Wakbarr / Beautiful Daddy,,
2026-09-13,70,Hot Like Wow (Nadia Oh),,Nadia Oh,Hot Like Wow,,,Nadia Oh,Hot Like Wow,,
2026-09-13,80,Love Rollercoaster / It's All Over (Ohio Players),,Ohio Players,Love Rollercoaster / It's All Over,,,Ohio Players,Love Rollercoaster / It's All Over,,
2026-09-13,60,"One Year - Afternoon & Evening (Itaru Oki, Michel Pilz & Ralf R. Hübner)",,"Itaru Oki, Michel Pilz & Ralf R. Hübner",One Year - Afternoon & Evening,,,"Itaru Oki, Michel Pilz & Ralf R. Hübner",One Year - Afternoon & Evening,,
2026-09-13,70,God's Chariots (Oklou),,Oklou,God's Chariots,,,Oklou,God's Chariots,,
2026-09-13,60,Mike Oldfield's Single (Theme From Tubular Bells) / Froggy Went a-Courting,,Mike Oldfield,Mike Oldfield's Single (Theme From Tubular Bells) / Froggy Went a-Courting,,,Mike Oldfield,Mike Oldfield's Single (Theme From Tubular Bells) / Froggy Went a-Courting,,
2026-09-13,70,To France / In the Pool (Mike Oldfield),,Mike Oldfield,To France / In the Pool,,,Mike Oldfield,To France / In the Pool,,
2026-09-13,70,Sister (Angel Olsen),,Angel Olsen,Sister,,,Angel Olsen,Sister,,
2026-09-13,20,Hello (OMFG),,OMFG,Hello,,,OMFG,Hello,,
2026-09-13,50,Replica (Oneohtrix Point Never),,Oneohtrix Point Never,Replica,,,Oneohtrix Point Never,Replica,,
2026-09-13,60,All the Right Moves (OneRepublic),,OneRepublic,All the Right Moves,,,OneRepublic,All the Right Moves,,
2026-09-13,70,Everybody Loves Me (OneRepublic),,OneRepublic,Everybody Loves Me,,,OneRepublic,Everybody Loves Me,,
2026-09-13,60,Good Life (OneRepublic),,OneRepublic,Good Life,,,OneRepublic,Good Life,,
2026-09-13,70,Let's Hurt Tonight (OneRepublic),,OneRepublic,Let's Hurt Tonight,,,OneRepublic,Let's Hurt Tonight,,
2026-09-13,70,Stop and Stare (OneRepublic),,OneRepublic,Stop and Stare,,,OneRepublic,Stop and Stare,,
2026-09-13,10,Onision,,Onision,Onision,,,Onision,Onision,,
2026-09-13,70,"Another Girl, Another Planet / As My Wife Says (The Only Ones)",,The Only Ones,"Another Girl, Another Planet / As My Wife Says",,,The Only Ones,"Another Girl, Another Planet / As My Wife Says",,
2026-09-13,60,Anything You Sow (William Onyeabor),,William Onyeabor,Anything You Sow,,,William Onyeabor,Anything You Sow,,
2026-09-13,70,Trois francs six sous (Opa Tsupa),,Opa Tsupa,Trois francs six sous,,,Opa Tsupa,Trois francs six sous,,
2026-09-13,60,Anywhere (Rita Ora),,Rita Ora,Anywhere,,,Rita Ora,Anywhere,,
2026-09-13,60,I Will Never Let You Down (Rita Ora),,Rita Ora,I Will Never Let You Down,,,Rita Ora,I Will Never Let You Down,,
2026-09-13,80,까탈레나 (Orange Caramel),,Orange Caramel,까탈레나,,,Orange Caramel,까탈레나,,
2026-09-13,70,You Got It / The Only One (Roy Orbison),,Roy Orbison,You Got It / The Only One,,,Roy Orbison,You Got It / The Only One,,
2026-09-13,60,Halcyon / The Naked and the Dub (Orbital),,Orbital,Halcyon / The Naked and the Dub,,,Orbital,Halcyon / The Naked and the Dub,,
2026-09-13,70,Enola Gay / Annex (Orchestral Manoeuvres in the Dark),,Orchestral Manoeuvres in the Dark,Enola Gay / Annex,,,Orchestral Manoeuvres in the Dark,Enola Gay / Annex,,
2026-09-13,60,Dixieland Jass Band One-Step / Livery Stable Blues (Original Dixieland 'Jass' Band),,Original Dixieland 'Jass' Band,Dixieland Jass Band One-Step / Livery Stable Blues,,,Original Dixieland 'Jass' Band,Dixieland Jass Band One-Step / Livery Stable Blues,,
2026-09-13,70,Skeleton Jangle / Tiger Rag (Original Dixieland Jazz Band),,Original Dixieland Jazz Band,Skeleton Jangle / Tiger Rag,,,Original Dixieland Jazz Band,Skeleton Jangle / Tiger Rag,,
2026-09-13,40,García Lorca (Gabriela Ortega),,Gabriela Ortega,García Lorca,,,Gabriela Ortega,García Lorca,,
2026-09-13,60,Buffalo Rag (Vess L. Ossman),,Vess L. Ossman,Buffalo Rag,,,Vess L. Ossman,Buffalo Rag,,
2026-09-13,60,Maple Leaf Rag (Vess L. Ossman),,Vess L. Ossman,Maple Leaf Rag,,,Vess L. Ossman,Maple Leaf Rag,,
2026-09-13,60,Whistling Rufus (Vess L. Ossman),,Vess L. Ossman,Whistling Rufus,,,Vess L. Ossman,Whistling Rufus,,
2026-09-13,10,Coco (O.T. Genasis),,O.T. Genasis,Coco,,,O.T. Genasis,Coco,,
2026-09-13,80,Strawberry Letter 23 / Ice Cold Daydream (Shuggie Otis),,Shuggie Otis,Strawberry Letter 23 / Ice Cold Daydream,,,Shuggie Otis,Strawberry Letter 23 / Ice Cold Daydream,,
2026-09-13,70,Beautiful Blue Sky (Ought),,Ought,Beautiful Blue Sky,,,Ought,Beautiful Blue Sky,,
2026-09-13,70,Julie / Plastik Child (Outer Limits Recordings),,Outer Limits Recordings,Julie / Plastik Child,,,Outer Limits Recordings,Julie / Plastik Child,,
2026-09-13,60,B.O.B (Outkast),,Outkast,B.O.B,,,Outkast,B.O.B,,
2026-09-13,70,Hey Ya! (Outkast),,Outkast,Hey Ya!,,,Outkast,Hey Ya!,,
2026-09-13,70,Ms. Jackson (Outkast),,Outkast,Ms. Jackson,,,Outkast,Ms. Jackson,,
2026-09-13,60,On (Kelly Lee Owens),,Kelly Lee Owens,On,,,Kelly Lee Owens,On,,
2026-09-13,70,Gold Chains (Genesis Owusu),,Genesis Owusu,Gold Chains,,,Genesis Owusu,Gold Chains,,
2026-09-13,70,King Tubby Meets the Rockers Uptown / Baby I Love You So (Augustus Pablo),,Augustus Pablo,King Tubby Meets the Rockers Uptown / Baby I Love You So,,,Augustus Pablo,King Tubby Meets the Rockers Uptown / Baby I Love You So,,
2026-09-13,50,Sans un remords (Pacifique),,Pacifique,Sans un remords,,,Pacifique,Sans un remords,,
2026-09-13,70,Crush (Jennifer Paige),,Jennifer Paige,Crush,,,Jennifer Paige,Crush,,
2026-09-13,70,Everybody's Gone to War (Nerina Pallot),,Nerina Pallot,Everybody's Gone to War,,,Nerina Pallot,Everybody's Gone to War,,
2026-09-13,70,Real Late Starter (Nerina Pallot),,Nerina Pallot,Real Late Starter,,,Nerina Pallot,Real Late Starter,,
2026-09-13,70,Johnny and Mary / What's It Take (Robert Palmer),,Robert Palmer,Johnny and Mary / What's It Take,,,Robert Palmer,Johnny and Mary / What's It Take,,
2026-09-13,70,Bro's (Panda Bear),,Panda Bear,Bro's,,,Panda Bear,Bro's,,
2026-09-13,70,Nine in the Afternoon (Panic at the Disco),,Panic at the Disco,Nine in the Afternoon,,,Panic at the Disco,Nine in the Afternoon,,
2026-09-13,70,High Hopes (Panic! at the Disco),,Panic! at the Disco,High Hopes,,,Panic! at the Disco,High Hopes,,
2026-09-13,80,This Is Gospel (Panic! at the Disco),,Panic! at the Disco,This Is Gospel,,,Panic! at the Disco,This Is Gospel,,
2026-09-13,50,Կռունկ / Իմ սիրելի զաւակունքս (Zabella Panosian),,Zabella Panosian,Կռունկ / Իմ սիրելի զաւակունքս,,,Zabella Panosian,Կռունկ / Իմ սիրելի զաւակունքս,,
2026-09-13,50,Last Resort (Papa Roach),,Papa Roach,Last Resort,,,Papa Roach,Last Resort,,
2026-09-13,10,Sacrilegio (Parabellum),,Parabellum,Sacrilegio,,,Parabellum,Sacrilegio,,
2026-09-13,60,Recto verso (Paradis),,Paradis,Recto verso,,,Paradis,Recto verso,,
2026-09-13,70,Bailando (Paradisio),,Paradisio,Bailando,,,Paradisio,Bailando,,
2026-09-13,80,After Laughter (Paramore),,Paramore,After Laughter,,,Paramore,After Laughter,,
2026-09-13,80,Brand New Eyes (Paramore),,Paramore,Brand New Eyes,,,Paramore,Brand New Eyes,,
2026-09-13,70,Hard Times (Paramore),,Paramore,Hard Times,,,Paramore,Hard Times,,
2026-09-13,70,Rose-Colored Boy (Mix 2) (Paramore),,Paramore,Rose-Colored Boy (Mix 2),,,Paramore,Rose-Colored Boy (Mix 2),,
2026-09-13,70,The News (Paramore),,Paramore,The News,,,Paramore,The News,,
2026-09-13,70,This Is Why (Paramore),,Paramore,This Is Why,,,Paramore,This Is Why,,
2026-09-13,70,La jeune fille en feu (Para One & Arthur Simonini),,Para One & Arthur Simonini,La jeune fille en feu,,,Para One & Arthur Simonini,La jeune fille en feu,,
2026-09-13,70,Litchies / Explain to Yourself (Le Park),,Le Park,Litchies / Explain to Yourself,,,Le Park,Litchies / Explain to Yourself,,
2026-09-13,70,A Night in Tunisia / Ornithology (Charlie Parker Septet),,Charlie Parker Septet,A Night in Tunisia / Ornithology,,,Charlie Parker Septet,A Night in Tunisia / Ornithology,,
2026-09-13,70,Flash Light / Swing Down Sweet Chariot (Parliament),,Parliament,Flash Light / Swing Down Sweet Chariot,,,Parliament,Flash Light / Swing Down Sweet Chariot,,
2026-09-13,80,Shine (Parov Stelar),,Parov Stelar,Shine,,,Parov Stelar,Shine,,
2026-09-13,60,The Turn of a Friendly Card (The Alan Parsons Project),,The Alan Parsons Project,The Turn of a Friendly Card,,,The Alan Parsons Project,The Turn of a Friendly Card,,
2026-09-13,50,Let Her Go (Passenger),,Passenger,Let Her Go,,,Passenger,Let Her Go,,
2026-09-13,60,Staple Tape Worms on My Penis (Passenger of Shit),,Passenger of Shit,Staple Tape Worms on My Penis,,,Passenger of Shit,Staple Tape Worms on My Penis,,
2026-09-13,60,Chunk of Change (Passion Pit),,Passion Pit,Chunk of Change,,,Passion Pit,Chunk of Change,,
2026-09-13,70,So Far Away / Don't Knock (The Pastels),,The Pastels,So Far Away / Don't Knock,,,The Pastels,So Far Away / Don't Knock,,
2026-09-13,70,BTSTU (Jai Paul),,Jai Paul,BTSTU,,,Jai Paul,BTSTU,,
2026-09-13,70,Do You Love Her Now / He (Jai Paul),,Jai Paul,Do You Love Her Now / He,,,Jai Paul,Do You Love Her Now / He,,
2026-09-13,70,Jasmine (Jai Paul),,Jai Paul,Jasmine,,,Jai Paul,Jasmine,,
2026-09-13,10,Ohio Fried Chicken (Jake Paul),,Jake Paul,Ohio Fried Chicken,,,Jake Paul,Ohio Fried Chicken,,
2026-09-13,70,Gold Soundz (Pavement),,Pavement,Gold Soundz,,,Pavement,Gold Soundz,,
2026-09-13,70,Black (Pearl Jam),,Pearl Jam,Black,,,Pearl Jam,Black,,
2026-09-13,70,Here It Comes (Pegboard Nerds),,Pegboard Nerds,Here It Comes,,,Pegboard Nerds,Here It Comes,,
2026-09-13,90,Hero (Pegboard Nerds),,Pegboard Nerds,Hero,,,Pegboard Nerds,Hero,,
2026-09-13,70,Swamp Thing (Pegboard Nerds),,Pegboard Nerds,Swamp Thing,,,Pegboard Nerds,Swamp Thing,,
2026-09-13,60,Move That Body (Soltan Remix) (Pegboard Nerds & Quiet Disorder),,Pegboard Nerds & Quiet Disorder,Move That Body (Soltan Remix),,,Pegboard Nerds & Quiet Disorder,Move That Body (Soltan Remix),,
2026-09-13,70,Extraordinary (Pegboard Nerds & Spyker),,Pegboard Nerds & Spyker,Extraordinary,,,Pegboard Nerds & Spyker,Extraordinary,,
2026-09-13,70,L'étoile thoracique (Klô Pelgag),,Klô Pelgag,L'étoile thoracique,,,Klô Pelgag,L'étoile thoracique,,
2026-09-13,80,Spider-Man: Across the Spider-Verse (Daniel Pemberton),,Daniel Pemberton,Spider-Man: Across the Spider-Verse,,,Daniel Pemberton,Spider-Man: Across the Spider-Verse,,
2026-09-13,70,Radioactive (Pentatonix & Lindsey Stirling),,Pentatonix & Lindsey Stirling,Radioactive,,,Pentatonix & Lindsey Stirling,Radioactive,,
2026-09-13,70,Final Solution / Cloud 149 (Pere Ubu),,Pere Ubu,Final Solution / Cloud 149,,,Pere Ubu,Final Solution / Cloud 149,,
2026-09-13,70,3 Libras (A Perfect Circle),,A Perfect Circle,3 Libras,,,A Perfect Circle,3 Libras,,
2026-09-13,70,A Perfect Circle,,A Perfect Circle,A Perfect Circle,,,A Perfect Circle,A Perfect Circle,,
2026-09-13,70,Dream Fighter (Perfume),,Perfume,Dream Fighter,,,Perfume,Dream Fighter,,
2026-09-13,50,Perfume 〜Complete Best〜,,Perfume,Perfume 〜Complete Best〜,,,Perfume,Perfume 〜Complete Best〜,,
2026-09-13,50,エレクトロ・ワールド (Perfume),,Perfume,エレクトロ・ワールド,,,Perfume,エレクトロ・ワールド,,
2026-09-13,70,Hood (Perfume Genius),,Perfume Genius,Hood,,,Perfume Genius,Hood,,
2026-09-13,70,On the Floor (Perfume Genius),,Perfume Genius,On the Floor,,,Perfume Genius,On the Floor,,
2026-09-13,70,Slip Away (Perfume Genius),,Perfume Genius,Slip Away,,,Perfume Genius,Slip Away,,
2026-09-13,70,Those Who Throw Objects at the Crocodiles Will Be Asked to Retrieve Them (Bruno Pernadas),,Bruno Pernadas,Those Who Throw Objects at the Crocodiles Will Be Asked to Retrieve Them,,,Bruno Pernadas,Those Who Throw Objects at the Crocodiles Will Be Asked to Retrieve Them,,
2026-09-13,80,Hero (Charlotte Perrelli),,Charlotte Perrelli,Hero,,,Charlotte Perrelli,Hero,,
2026-09-13,60,Jar of Hearts (Christina Perri),,Christina Perri,Jar of Hearts,,,Christina Perri,Jar of Hearts,,
2026-09-13,50,Dark Horse (Katy Perry),,Katy Perry,Dark Horse,,,Katy Perry,Dark Horse,,
2026-09-13,70,Last Friday Night (T.G.I.F.) (Katy Perry),,Katy Perry,Last Friday Night (T.G.I.F.),,,Katy Perry,Last Friday Night (T.G.I.F.),,
2026-09-13,50,Roar (Katy Perry),,Katy Perry,Roar,,,Katy Perry,Roar,,
2026-09-13,50,Unconditionally (Katy Perry),,Katy Perry,Unconditionally,,,Katy Perry,Unconditionally,,
2026-09-13,50,Ur So Gay (Katy Perry),,Katy Perry,Ur So Gay,,,Katy Perry,Ur So Gay,,
2026-09-13,70,Walking on Air (Katy Perry),,Katy Perry,Walking on Air,,,Katy Perry,Walking on Air,,
2026-09-13,60,"I Go to Pieces / Love Me, Baby (Peter and Gordon)",,Peter and Gordon,"I Go to Pieces / Love Me, Baby",,,Peter and Gordon,"I Go to Pieces / Love Me, Baby",,
2026-09-13,70,Hillside Boys (Kim Petras),,Kim Petras,Hillside Boys,,,Kim Petras,Hillside Boys,,
2026-09-13,80,I Don't Want It at All (Kim Petras),,Kim Petras,I Don't Want It at All,,,Kim Petras,I Don't Want It at All,,
2026-09-13,50,Slut Pop (Kim Petras),,Kim Petras,Slut Pop,,,Kim Petras,Slut Pop,,
2026-09-13,70,Being Boring (Pet Shop Boys),,Pet Shop Boys,Being Boring,,,Pet Shop Boys,Being Boring,,
2026-09-13,60,Always on My Mind / Got My Mind Set on You (Pet Shop Boys / George Harrison),,Pet Shop Boys / George Harrison,Always on My Mind / Got My Mind Set on You,,,Pet Shop Boys / George Harrison,Always on My Mind / Got My Mind Set on You,,
2026-09-13,80,Full Moon Fever (Tom Petty),,Tom Petty,Full Moon Fever,,,Tom Petty,Full Moon Fever,,
2026-09-13,80,"Breakdown / The Wild One, Forever (Tom Petty and The Heartbreakers)",,Tom Petty and The Heartbreakers,"Breakdown / The Wild One, Forever",,,Tom Petty and The Heartbreakers,"Breakdown / The Wild One, Forever",,
2026-09-13,20,"Congratulations (PewDiePie, Roomie & Boyinaband)",,"PewDiePie, Roomie & Boyinaband",Congratulations,,,"PewDiePie, Roomie & Boyinaband",Congratulations,,
2026-09-13,70,Fall in Love (Phantogram),,Phantogram,Fall in Love,,,Phantogram,Fall in Love,,
2026-09-13,60,California (Phantom Planet),,Phantom Planet,California,,,Phantom Planet,California,,
2026-09-13,60,Bizarre Ride II the Pharcyde,,The Pharcyde,Bizarre Ride II the Pharcyde,,,The Pharcyde,Bizarre Ride II the Pharcyde,,
2026-09-13,70,I Need Love / Tripping Over Gravity (Sam Phillips),,Sam Phillips,I Need Love / Tripping Over Gravity,,,Sam Phillips,I Need Love / Tripping Over Gravity,,
2026-09-13,70,1901 (Phoenix),,Phoenix,1901,,,Phoenix,1901,,
2026-09-13,70,"Non, je ne regrette rien (Édith Piaf)",,Édith Piaf,"Non, je ne regrette rien",,,Édith Piaf,"Non, je ne regrette rien",,
2026-09-13,70,A Thousand Years (The Piano Guys),,The Piano Guys,A Thousand Years,,,The Piano Guys,A Thousand Years,,
2026-09-13,70,Christmas Together (The Piano Guys),,The Piano Guys,Christmas Together,,,The Piano Guys,Christmas Together,,
2026-09-13,70,Michael Meets Mozart (The Piano Guys),,The Piano Guys,Michael Meets Mozart,,,The Piano Guys,Michael Meets Mozart,,
2026-09-13,80,Mission Impossible (The Piano Guys),,The Piano Guys,Mission Impossible,,,The Piano Guys,Mission Impossible,,
2026-09-13,80,Moonlight (The Piano Guys),,The Piano Guys,Moonlight,,,The Piano Guys,Moonlight,,
2026-09-13,80,The Piano Guys,,The Piano Guys,The Piano Guys,,,The Piano Guys,The Piano Guys,,
2026-09-13,80,The Piano Guys 2,,The Piano Guys,The Piano Guys 2,,,The Piano Guys,The Piano Guys 2,,
2026-09-13,80,The Piano Guys Hits Vol. 1,,The Piano Guys,The Piano Guys Hits Vol. 1,,,The Piano Guys,The Piano Guys Hits Vol. 1,,
2026-09-13,80,Monster Mash / Monsters' Mash Party (Bobby (Boris) Pickett & The Crypt-Kickers),,Bobby (Boris) Pickett & The Crypt-Kickers,Monster Mash / Monsters' Mash Party,,,Bobby (Boris) Pickett & The Crypt-Kickers,Monster Mash / Monsters' Mash Party,,
2026-09-13,70,Round and Round / Mistaken Wedding (Ariel Pink's Haunted Graffiti),,Ariel Pink's Haunted Graffiti,Round and Round / Mistaken Wedding,,,Ariel Pink's Haunted Graffiti,Round and Round / Mistaken Wedding,,
2026-09-13,70,Stay With Me (Pink E Swear),,Pink E Swear,Stay With Me,,,Pink E Swear,Stay With Me,,
2026-09-13,70,기기괴괴 (奇奇怪怪) (Pink Fantasy),,Pink Fantasy,기기괴괴 (奇奇怪怪),,,Pink Fantasy,기기괴괴 (奇奇怪怪),,
2026-09-13,100,Have a Cigar / Shine On You Crazy Diamond (Part 1) (Pink Floyd),,Pink Floyd,Have a Cigar / Shine On You Crazy Diamond (Part 1),,,Pink Floyd,Have a Cigar / Shine On You Crazy Diamond (Part 1),,
2026-09-13,80,High Hopes (Pink Floyd),,Pink Floyd,High Hopes,,,Pink Floyd,High Hopes,,
2026-09-13,90,Money / Any Colour You Like (Pink Floyd),,Pink Floyd,Money / Any Colour You Like,,,Pink Floyd,Money / Any Colour You Like,,
2026-09-13,70,The Dark Side of the Moon (Pink Floyd),,Pink Floyd,The Dark Side of the Moon,,,Pink Floyd,The Dark Side of the Moon,,
2026-09-13,70,The Wall (Pink Floyd),,Pink Floyd,The Wall,,,Pink Floyd,The Wall,,
2026-09-13,80,Time / Us and Them (Pink Floyd),,Pink Floyd,Time / Us and Them,,,Pink Floyd,Time / Us and Them,,
2026-09-13,70,Us and Them (Pink Floyd),,Pink Floyd,Us and Them,,,Pink Floyd,Us and Them,,
2026-09-13,70,See Emily Play / Scarecrow (The Pink Floyd),,The Pink Floyd,See Emily Play / Scarecrow,,,The Pink Floyd,See Emily Play / Scarecrow,,
2026-09-13,60,Capable of Love (PinkPantheress),,PinkPantheress,Capable of Love,,,PinkPantheress,Capable of Love,,
2026-09-13,60,Mosquito (PinkPantheress),,PinkPantheress,Mosquito,,,PinkPantheress,Mosquito,,
2026-09-13,70,"Heavy, Heavy, Heavy / Africans Must Unite (Geraldo Pino)",,Geraldo Pino,"Heavy, Heavy, Heavy / Africans Must Unite",,,Geraldo Pino,"Heavy, Heavy, Heavy / Africans Must Unite",,
2026-09-13,70,Shake Hands / Power to the People (Geraldo Pino),,Geraldo Pino,Shake Hands / Power to the People,,,Geraldo Pino,Shake Hands / Power to the People,,
2026-09-13,70,Pull Shapes (The Pipettes),,The Pipettes,Pull Shapes,,,The Pipettes,Pull Shapes,,
2026-09-13,10,International Love (Pitbull),,Pitbull,International Love,,,Pitbull,International Love,,
2026-09-13,50,Debaser (Pixies),,Pixies,Debaser,,,Pixies,Debaser,,
2026-09-13,70,Without You I'm Nothing (Placebo),,Placebo,Without You I'm Nothing,,,Placebo,Without You I'm Nothing,,
2026-09-13,60,Everything I Am / No Pleasure Without Pain My Love (Plastic Penny),,Plastic Penny,Everything I Am / No Pleasure Without Pain My Love,,,Plastic Penny,Everything I Am / No Pleasure Without Pain My Love,,
2026-09-13,70,Love Shy (Thinking About You) (Platnum),,Platnum,Love Shy (Thinking About You),,,Platnum,Love Shy (Thinking About You),,
2026-09-13,70,Melody / Stop Fantasy (Plustwo),,Plustwo,Melody / Stop Fantasy,,,Plustwo,Melody / Stop Fantasy,,
2026-09-13,80,Go Bang (PNAU),,PNAU,Go Bang,,,PNAU,Go Bang,,
2026-09-13,60,Just Give Me a Reason (P!nk),,P!nk,Just Give Me a Reason,,,P!nk,Just Give Me a Reason,,
2026-09-13,70,So What (P!nk),,P!nk,So What,,,P!nk,So What,,
2026-09-13,50,Fairytale of New York / The Battle March Medley (The Pogues),,The Pogues,Fairytale of New York / The Battle March Medley,,,The Pogues,Fairytale of New York / The Battle March Medley,,
2026-09-13,70,Melting Moment (POiSON GiRL FRiEND),,POiSON GiRL FRiEND,Melting Moment,,,POiSON GiRL FRiEND,Melting Moment,,
2026-09-13,70,Billions (Caroline Polachek),,Caroline Polachek,Billions,,,Caroline Polachek,Billions,,
2026-09-13,70,"Desire, I Want to Turn Into You (Caroline Polachek)",,Caroline Polachek,"Desire, I Want to Turn Into You",,,Caroline Polachek,"Desire, I Want to Turn Into You",,
2026-09-13,70,Welcome to My Island (Caroline Polachek),,Caroline Polachek,Welcome to My Island,,,Caroline Polachek,Welcome to My Island,,
2026-09-13,70,Every Breath You Take / Murder by Numbers (The Police),,The Police,Every Breath You Take / Murder by Numbers,,,The Police,Every Breath You Take / Murder by Numbers,,
2026-09-13,90,Hell's Comin' With Me (Poor Man's Poison),,Poor Man's Poison,Hell's Comin' With Me,,,Poor Man's Poison,Hell's Comin' With Me,,
2026-09-13,80,The Passenger / Nightclubbing (Iggy Pop),,Iggy Pop,The Passenger / Nightclubbing,,,Iggy Pop,The Passenger / Nightclubbing,,
2026-09-13,10,Papieska pastorałka (Pope John Paul II),,Pope John Paul II,Papieska pastorałka,,,Pope John Paul II,Papieska pastorałka,,
2026-09-13,70,She Is Beyond Good and Evil / 3'38 (The Pop Group),,The Pop Group,She Is Beyond Good and Evil / 3'38,,,The Pop Group,She Is Beyond Good and Evil / 3'38,,
2026-09-13,80,Flux (Poppy),,Poppy,Flux,,,Poppy,Flux,,
2026-09-13,50,The Rest Will Flow (Porcupine Tree),,Porcupine Tree,The Rest Will Flow,,,Porcupine Tree,The Rest Will Flow,,
2026-09-13,70,Trains (Porcupine Tree),,Porcupine Tree,Trains,,,Porcupine Tree,Trains,,
2026-09-13,70,All Mine (Portishead),,Portishead,All Mine,,,Portishead,All Mine,,
2026-09-13,70,Cowboys (Portishead),,Portishead,Cowboys,,,Portishead,Cowboys,,
2026-09-13,50,Machine Gun (Portishead),,Portishead,Machine Gun,,,Portishead,Machine Gun,,
2026-09-13,80,Numb (Portishead),,Portishead,Numb,,,Portishead,Numb,,
2026-09-13,70,Sour Times (Portishead),,Portishead,Sour Times,,,Portishead,Sour Times,,
2026-09-13,70,The Rip (Portishead),,Portishead,The Rip,,,Portishead,The Rip,,
2026-09-13,70,Such Great Heights (The Postal Service),,The Postal Service,Such Great Heights,,,The Postal Service,Such Great Heights,,
2026-09-13,50,Circles (Post Malone),,Post Malone,Circles,,,Post Malone,Circles,,
2026-09-13,70,Here in the Pitch (Jessica Pratt),,Jessica Pratt,Here in the Pitch,,,Jessica Pratt,Here in the Pitch,,
2026-09-13,60,I Know a Girl (The Preatures),,The Preatures,I Know a Girl,,,The Preatures,I Know a Girl,,
2026-09-13,70,Steve McQueen (Prefab Sprout),,Prefab Sprout,Steve McQueen,,,Prefab Sprout,Steve McQueen,,
2026-09-13,70,When Love Breaks Down / Diana (Prefab Sprout),,Prefab Sprout,When Love Breaks Down / Diana,,,Prefab Sprout,When Love Breaks Down / Diana,,
2026-09-13,50,Anxiety (Preoccupations),,Preoccupations,Anxiety,,,Preoccupations,Anxiety,,
2026-09-13,60,All Shook Up / Teddy Bear (Elvis Presley),,Elvis Presley,All Shook Up / Teddy Bear,,,Elvis Presley,All Shook Up / Teddy Bear,,
2026-09-13,70,Burning Love / It's a Matter of Time (Elvis Presley),,Elvis Presley,Burning Love / It's a Matter of Time,,,Elvis Presley,Burning Love / It's a Matter of Time,,
2026-09-13,70,Heartbreak Hotel / All Shook Up (Elvis Presley),,Elvis Presley,Heartbreak Hotel / All Shook Up,,,Elvis Presley,Heartbreak Hotel / All Shook Up,,
2026-09-13,70,"When Doves Cry / ""17 Days (The Rain Will Come Down, Then U Will Have 2 Choose. If U Believe, Look 2 the Dawn and U Shall Never Lose.)"" (Prince)",,Prince,"When Doves Cry / ""17 Days (The Rain Will Come Down, Then U Will Have 2 Choose. If U Believe, Look 2 the Dawn and U Shall Never Lose.)""",,,Prince,"When Doves Cry / ""17 Days (The Rain Will Come Down, Then U Will Have 2 Choose. If U Believe, Look 2 the Dawn and U Shall Never Lose.)""",,
2026-09-13,70,Raspberry Beret / She's Always in My Hair (Prince and The Revolution),,Prince and The Revolution,Raspberry Beret / She's Always in My Hair,,,Prince and The Revolution,Raspberry Beret / She's Always in My Hair,,
2026-09-13,50,Dragons (Princess Nokia),,Princess Nokia,Dragons,,,Princess Nokia,Dragons,,
2026-09-13,70,Like a V (Pristin V),,Pristin V,Like a V,,,Pristin V,Like a V,,
2026-09-13,60,Crno bijeli svijet (Prljavo Kazalište),,Prljavo Kazalište,Crno bijeli svijet,,,Prljavo Kazalište,Crno bijeli svijet,,
2026-09-13,70,A Salty Dog / Long Gone Geek (Procol Harum),,Procol Harum,A Salty Dog / Long Gone Geek,,,Procol Harum,A Salty Dog / Long Gone Geek,,
2026-09-13,70,Breathe (Prodigy),,Prodigy,Breathe,,,Prodigy,Breathe,,
2026-09-13,70,Out of Space (The Prodigy),,The Prodigy,Out of Space,,,The Prodigy,Out of Space,,
2026-09-13,60,Duel / Jewel (Propaganda),,Propaganda,Duel / Jewel,,,Propaganda,Duel / Jewel,,
2026-09-13,60,Processed by the Boys (Protomartyr),,Protomartyr,Processed by the Boys,,,Protomartyr,Processed by the Boys,,
2026-09-13,60,강남스타일 (PSY),,PSY,강남스타일,,,PSY,강남스타일,,
2026-09-13,70,Gentleman (PSY),,PSY,Gentleman,,,PSY,Gentleman,,
2026-09-13,70,Love My Way / Aeroplane (The Psychedelic Furs),,The Psychedelic Furs,Love My Way / Aeroplane,,,The Psychedelic Furs,Love My Way / Aeroplane,,
2026-09-13,40,Public Image / The Cowboy Song (Public Image Ltd.),,Public Image Ltd.,Public Image / The Cowboy Song,,,Public Image Ltd.,Public Image / The Cowboy Song,,
2026-09-13,50,She Hates Me (Puddle of Mudd),,Puddle of Mudd,She Hates Me,,,Puddle of Mudd,She Hates Me,,
2026-09-13,60,Common People (Pulp),,Pulp,Common People,,,Pulp,Common People,,
2026-09-13,70,DVP (PUP),,PUP,DVP,,,PUP,DVP,,
2026-09-13,70,All My Happiness Is Gone (Purple Mountains),,Purple Mountains,All My Happiness Is Gone,,,Purple Mountains,All My Happiness Is Gone,,
2026-09-13,70,The Story of Adidon (Pusha T),,Pusha T,The Story of Adidon,,,Pusha T,The Story of Adidon,,
2026-09-13,50,Marvin Gaye (Charlie Puth),,Charlie Puth,Marvin Gaye,,,Charlie Puth,Marvin Gaye,,
2026-09-13,50,One Call Away (Charlie Puth),,Charlie Puth,One Call Away,,,Charlie Puth,One Call Away,,
2026-09-13,70,Goodbye Horses / White Lines (Q Lazzarus),,Q Lazzarus,Goodbye Horses / White Lines,,,Q Lazzarus,Goodbye Horses / White Lines,,
2026-09-13,70,Hey QT,,QT,Hey QT,,,QT,Hey QT,,
2026-09-13,70,Forgone (Quadeca),,Quadeca,Forgone,,,Quadeca,Forgone,,
2026-09-13,70,Tell Me a Joke (Quadeca),,Quadeca,Tell Me a Joke,,,Quadeca,Tell Me a Joke,,
2026-09-13,50,True Harmony (Vanessa Quai),,Vanessa Quai,True Harmony,,,Vanessa Quai,True Harmony,,
2026-09-13,100,A Night at the Opera (Queen),,Queen,A Night at the Opera,,,Queen,A Night at the Opera,,
2026-09-13,90,Innuendo / Bijou (Queen),,Queen,Innuendo / Bijou,,,Queen,Innuendo / Bijou,,
2026-09-13,80,I Want to Break Free / Machines (Or 'Back to Humans') (Queen),,Queen,I Want to Break Free / Machines (Or 'Back to Humans'),,,Queen,I Want to Break Free / Machines (Or 'Back to Humans'),,
2026-09-13,70,Radio Ga Ga / I Go Crazy (Queen),,Queen,Radio Ga Ga / I Go Crazy,,,Queen,Radio Ga Ga / I Go Crazy,,
2026-09-13,70,Somebody to Love / White Man (Queen),,Queen,Somebody to Love / White Man,,,Queen,Somebody to Love / White Man,,
2026-09-13,60,No One Knows (Queens of the Stone Age),,Queens of the Stone Age,No One Knows,,,Queens of the Stone Age,No One Knows,,
2026-09-13,70,Pulling Our Weight (The Radio Dept.),,The Radio Dept.,Pulling Our Weight,,,The Radio Dept.,Pulling Our Weight,,
2026-09-13,70,All I Need (Radiohead),,Radiohead,All I Need,,,Radiohead,All I Need,,
2026-09-13,80,Creep (Radiohead),,Radiohead,Creep,,,Radiohead,Creep,,
2026-09-13,70,Daydreaming (Radiohead),,Radiohead,Daydreaming,,,Radiohead,Daydreaming,,
2026-09-13,80,How to Disappear Completely (Radiohead),,Radiohead,How to Disappear Completely,,,Radiohead,How to Disappear Completely,,
2026-09-13,60,Idioteque (Radiohead),,Radiohead,Idioteque,,,Radiohead,Idioteque,,
2026-09-13,60,Karma Police (Radiohead),,Radiohead,Karma Police,,,Radiohead,Karma Police,,
2026-09-13,80,Kid A (Radiohead),,Radiohead,Kid A,,,Radiohead,Kid A,,
2026-09-13,70,Let Down / Karma Police (Radiohead),,Radiohead,Let Down / Karma Police,,,Radiohead,Let Down / Karma Police,,
2026-09-13,60,No Surprises (Radiohead),,Radiohead,No Surprises,,,Radiohead,No Surprises,,
2026-09-13,60,OK Computer (Radiohead),,Radiohead,OK Computer,,,Radiohead,OK Computer,,
2026-09-13,70,Present Tense (Radiohead),,Radiohead,Present Tense,,,Radiohead,Present Tense,,
2026-09-13,90,Pyramid Song (Radiohead),,Radiohead,Pyramid Song,,,Radiohead,Pyramid Song,,
2026-09-13,70,Reckoner (Radiohead),,Radiohead,Reckoner,,,Radiohead,Reckoner,,
2026-09-13,60,Reckoner (Instrument Stems) (Radiohead),,Radiohead,Reckoner (Instrument Stems),,,Radiohead,Reckoner (Instrument Stems),,
2026-09-13,80,The Bends (Radiohead),,Radiohead,The Bends,,,Radiohead,The Bends,,
2026-09-13,70,前前前世 (RADWIMPS),,RADWIMPS,前前前世,,,RADWIMPS,前前前世,,
2026-09-13,80,君の名は。 (RADWIMPS),,RADWIMPS,君の名は。,,,RADWIMPS,君の名は。,,
2026-09-13,70,Messages From the Stars (RAH Band),,RAH Band,Messages From the Stars,,,RAH Band,Messages From the Stars,,
2026-09-13,60,Jai Ho! (You Are My Destiny) (A.R. Rahman & The Pussycat Dolls),,A.R. Rahman & The Pussycat Dolls,Jai Ho! (You Are My Destiny),,,A.R. Rahman & The Pussycat Dolls,Jai Ho! (You Are My Destiny),,
2026-09-13,60,Luck of the Draw (Bonnie Raitt),,Bonnie Raitt,Luck of the Draw,,,Bonnie Raitt,Luck of the Draw,,
2026-09-13,80,When I B on tha Mic / Flow Forever (Rakim),,Rakim,When I B on tha Mic / Flow Forever,,,Rakim,When I B on tha Mic / Flow Forever,,
2026-09-13,70,Sheena Is a Punk Rocker / I Don't Care (Ramones),,Ramones,Sheena Is a Punk Rocker / I Don't Care,,,Ramones,Sheena Is a Punk Rocker / I Don't Care,,
2026-09-13,50,The Blitzkrieg Bop!! / Havana Affair (Ramones),,Ramones,The Blitzkrieg Bop!! / Havana Affair,,,Ramones,The Blitzkrieg Bop!! / Havana Affair,,
2026-09-13,70,How Deep Is Your Love? (The Rapture),,The Rapture,How Deep Is Your Love?,,,The Rapture,How Deep Is Your Love?,,
2026-09-13,70,Headaches (Raveena),,Raveena,Headaches,,,Raveena,Headaches,,
2026-09-13,60,Concerto No. 1 (RCA Victor Symphony Orchestra / Kirill Kondrashin / Van Cliburn),,RCA Victor Symphony Orchestra / Kirill Kondrashin / Van Cliburn,Concerto No. 1,,,RCA Victor Symphony Orchestra / Kirill Kondrashin / Van Cliburn,Concerto No. 1,,
2026-09-13,70,(Sittin' On) The Dock of the Bay / Sweet Lorene (Otis Redding),,Otis Redding,(Sittin' On) The Dock of the Bay / Sweet Lorene,,,Otis Redding,(Sittin' On) The Dock of the Bay / Sweet Lorene,,
2026-09-13,70,Under the Bridge (Red Hot Chili Peppers),,Red Hot Chili Peppers,Under the Bridge,,,Red Hot Chili Peppers,Under the Bridge,,
2026-09-13,80,All Mixed Up (Red House Painters),,Red House Painters,All Mixed Up,,,Red House Painters,All Mixed Up,,
2026-09-13,70,The Perfect Red Velvet,,Red Velvet,The Perfect Red Velvet,,,Red Velvet,The Perfect Red Velvet,,
2026-09-13,70,Naughty (Red Velvet - Irene & Seulgi),,Red Velvet - Irene & Seulgi,Naughty,,,Red Velvet - Irene & Seulgi,Naughty,,
2026-09-13,60,Walk on the Wild Side / Perfect Day (Lou Reed),,Lou Reed,Walk on the Wild Side / Perfect Day,,,Lou Reed,Walk on the Wild Side / Perfect Day,,
2026-09-13,60,Reflektor (The Reflektors),,The Reflektors,Reflektor,,,The Reflektors,Reflektor,,
2026-09-13,60,New Noise (Refused),,Refused,New Noise,,,Refused,New Noise,,
2026-09-13,80,Document (R.E.M.),,R.E.M.,Document,,,R.E.M.,Document,,
2026-09-13,70,Losing My Religion (R.E.M.),,R.E.M.,Losing My Religion,,,R.E.M.,Losing My Religion,,
2026-09-13,70,Nightswimming (R.E.M.),,R.E.M.,Nightswimming,,,R.E.M.,Nightswimming,,
2026-09-13,60,Cochonnerie (The Rempis Percussion Quartet),,The Rempis Percussion Quartet,Cochonnerie,,,The Rempis Percussion Quartet,Cochonnerie,,
2026-09-13,80,Alex Chilton (The Replacements),,The Replacements,Alex Chilton,,,The Replacements,Alex Chilton,,
2026-09-13,70,Masakra (Republika),,Republika,Masakra,,,Republika,Masakra,,
2026-09-13,70,How I Do (Res),,Res,How I Do,,,Res,How I Do,,
2026-09-13,70,Re:Scene (RESCENE),,RESCENE,Re:Scene,,,RESCENE,Re:Scene,,
2026-09-13,50,Mis disculpas (Residente),,Residente,Mis disculpas,,,Residente,Mis disculpas,,
2026-09-13,60,Residente,,Residente,Residente,,,Residente,Residente,,
2026-09-13,70,Valhalla (Retrograde & Xomu),,Retrograde & Xomu,Valhalla,,,Retrograde & Xomu,Valhalla,,
2026-09-13,20,Meant to Be (Bebe Rexha),,Bebe Rexha,Meant to Be,,,Bebe Rexha,Meant to Be,,
2026-09-13,70,Sunflower (Rex Orange County),,Rex Orange County,Sunflower,,,Rex Orange County,Sunflower,,
2026-09-13,70,Open (Rhye),,Rhye,Open,,,Rhye,Open,,
2026-09-13,60,Yellow (Rich Brian),,Rich Brian,Yellow,,,Rich Brian,Yellow,,
2026-09-13,70,Million Dollar Baby (Tommy Richman),,Tommy Richman,Million Dollar Baby,,,Tommy Richman,Million Dollar Baby,,
2026-09-13,70,Rockin' and Romance (Jonathan Richman & The Modern Lovers),,Jonathan Richman & The Modern Lovers,Rockin' and Romance,,,Jonathan Richman & The Modern Lovers,Rockin' and Romance,,
2026-09-13,60,On the Nature of Daylight (Max Richter),,Max Richter,On the Nature of Daylight,,,Max Richter,On the Nature of Daylight,,
2026-09-13,70,Going Blank Again (Ride),,Ride,Going Blank Again,,,Ride,Going Blank Again,,
2026-09-13,70,Kiss It Better (Rihanna),,Rihanna,Kiss It Better,,,Rihanna,Kiss It Better,,
2026-09-13,70,Portions for Foxes (Rilo Kiley),,Rilo Kiley,Portions for Foxes,,,Rilo Kiley,Portions for Foxes,,
2026-09-13,50,Macarena (Los del Río),,Los del Río,Macarena,,,Los del Río,Macarena,,
2026-09-13,70,Les fleur / Oh! By the Way (Minnie Riperton),,Minnie Riperton,Les fleur / Oh! By the Way,,,Minnie Riperton,Les fleur / Oh! By the Way,,
2026-09-13,50,Slightly Out of Tune / Footsteps of a Fool (Mavis Rivers),,Mavis Rivers,Slightly Out of Tune / Footsteps of a Fool,,,Mavis Rivers,Slightly Out of Tune / Footsteps of a Fool,,
2026-09-13,100,"Good Luck, Babe! (Chappell Roan)",,Chappell Roan,"Good Luck, Babe!",,,Chappell Roan,"Good Luck, Babe!",,
2026-09-13,70,Beat of My Drum (Nicola Roberts),,Nicola Roberts,Beat of My Drum,,,Nicola Roberts,Beat of My Drum,,
2026-09-13,70,We Were Born in a Flame (Sam Roberts),,Sam Roberts,We Were Born in a Flame,,,Sam Roberts,We Were Born in a Flame,,
2026-09-13,70,Cheerleader (Porter Robinson),,Porter Robinson,Cheerleader,,,Porter Robinson,Cheerleader,,
2026-09-13,70,Everything Goes On (Porter Robinson),,Porter Robinson,Everything Goes On,,,Porter Robinson,Everything Goes On,,
2026-09-13,90,Language (Porter Robinson),,Porter Robinson,Language,,,Porter Robinson,Language,,
2026-09-13,90,Nurture (Porter Robinson),,Porter Robinson,Nurture,,,Porter Robinson,Nurture,,
2026-09-13,70,Sea of Voices (Porter Robinson),,Porter Robinson,Sea of Voices,,,Porter Robinson,Sea of Voices,,
2026-09-13,100,Shelter (Porter Robinson & Madeon),,Porter Robinson & Madeon,Shelter,,,Porter Robinson & Madeon,Shelter,,
2026-09-13,70,The Tears of a Clown / Promise Me (Smokey Robinson & The Miracles),,Smokey Robinson & The Miracles,The Tears of a Clown / Promise Me,,,Smokey Robinson & The Miracles,The Tears of a Clown / Promise Me,,
2026-09-13,70,Call Me Maybe (多分) (The Rockwood Escape Plan),,The Rockwood Escape Plan,Call Me Maybe (多分),,,The Rockwood Escape Plan,Call Me Maybe (多分),,
2026-09-13,70,Bad Idea Right? (Olivia Rodrigo),,Olivia Rodrigo,Bad Idea Right?,,,Olivia Rodrigo,Bad Idea Right?,,
2026-09-13,70,Deja Vu (Olivia Rodrigo),,Olivia Rodrigo,Deja Vu,,,Olivia Rodrigo,Deja Vu,,
2026-09-13,70,The Cure (Olivia Rodrigo),,Olivia Rodrigo,The Cure,,,Olivia Rodrigo,The Cure,,
2026-09-13,80,Vampire (Olivia Rodrigo),,Olivia Rodrigo,Vampire,,,Olivia Rodrigo,Vampire,,
2026-09-13,50,I Wonder / Sugar Man (Rodriguez),,Rodriguez,I Wonder / Sugar Man,,,Rodriguez,I Wonder / Sugar Man,,
2026-09-13,50,La puissance (Rohff),,Rohff,La puissance,,,Rohff,La puissance,,
2026-09-13,30,TDSI (Rohff),,Rohff,TDSI,,,Rohff,TDSI,,
2026-09-13,70,Gimmie Shelter / Country Honk (The Rolling Stones),,The Rolling Stones,Gimmie Shelter / Country Honk,,,The Rolling Stones,Gimmie Shelter / Country Honk,,
2026-09-13,70,Moon Glow (Ahmed Romel),,Ahmed Romel,Moon Glow,,,Ahmed Romel,Moon Glow,,
2026-09-13,70,Victory (Ahmed Romel),,Ahmed Romel,Victory,,,Ahmed Romel,Victory,,
2026-09-13,70,Lifetime (Romy),,Romy,Lifetime,,,Romy,Lifetime,,
2026-09-13,70,Be My Baby / Tedesco and Pitman (The Ronettes),,The Ronettes,Be My Baby / Tedesco and Pitman,,,The Ronettes,Be My Baby / Tedesco and Pitman,,
2026-09-13,90,Uptown Funk (Mark Ronson),,Mark Ronson,Uptown Funk,,,Mark Ronson,Uptown Funk,,
2026-09-13,70,Valerie (Mark Ronson),,Mark Ronson,Valerie,,,Mark Ronson,Valerie,,
2026-09-13,70,Bagdad (Cap.7: Liturgia) (Rosalía),,Rosalía,Bagdad (Cap.7: Liturgia),,,Rosalía,Bagdad (Cap.7: Liturgia),,
2026-09-13,60,De aquí no sales (Cap.4: Disputa) (Rosalía),,Rosalía,De aquí no sales (Cap.4: Disputa),,,Rosalía,De aquí no sales (Cap.4: Disputa),,
2026-09-13,80,Hentai (Rosalía),,Rosalía,Hentai,,,Rosalía,Hentai,,
2026-09-13,60,Juro que (Rosalía),,Rosalía,Juro que,,,Rosalía,Juro que,,
2026-09-13,70,Pienso en tu mirá (Cap.3: Celos) (Rosalía),,Rosalía,Pienso en tu mirá (Cap.3: Celos),,,Rosalía,Pienso en tu mirá (Cap.3: Celos),,
2026-09-13,70,Festival Song (Jeff Rosenstock),,Jeff Rosenstock,Festival Song,,,Jeff Rosenstock,Festival Song,,
2026-09-13,70,Ain't No Mountain High Enough / Can't It Wait Until Tomorrow (Diana Ross),,Diana Ross,Ain't No Mountain High Enough / Can't It Wait Until Tomorrow,,,Diana Ross,Ain't No Mountain High Enough / Can't It Wait Until Tomorrow,,
2026-09-13,70,Love Child / Will This Be the Day (Diana Ross and The Supremes),,Diana Ross and The Supremes,Love Child / Will This Be the Day,,,Diana Ross and The Supremes,Love Child / Will This Be the Day,,
2026-09-13,80,The Godfather (Nino Rota),,Nino Rota,The Godfather,,,Nino Rota,The Godfather,,
2026-09-13,50,Happy to Be on an Island in the Sun / Sing an Ode to Love (Demis Roussos),,Demis Roussos,Happy to Be on an Island in the Sun / Sing an Ode to Love,,,Demis Roussos,Happy to Be on an Island in the Sun / Sing an Ode to Love,,
2026-09-13,70,More Than This / India (Roxy Music),,Roxy Music,More Than This / India,,,Roxy Music,More Than This / India,,
2026-09-13,70,Psycho (Royal Scottish National Orchestra / Joel McNeely / Bernard Herrmann),,Royal Scottish National Orchestra / Joel McNeely / Bernard Herrmann,Psycho,,,Royal Scottish National Orchestra / Joel McNeely / Bernard Herrmann,Psycho,,
2026-09-13,70,What Else Is There? (Röyksopp),,Röyksopp,What Else Is There?,,,Röyksopp,What Else Is There?,,
2026-09-13,80,The Nocturnes (Artur Rubinstein),,Artur Rubinstein,The Nocturnes,,,Artur Rubinstein,The Nocturnes,,
2026-09-13,70,Ain't Nobody / Sweet Thing (Rufus and Chaka Khan),,Rufus and Chaka Khan,Ain't Nobody / Sweet Thing,,,Rufus and Chaka Khan,Ain't Nobody / Sweet Thing,,
2026-09-13,60,I Saw the Light / Marlene (Todd Rundgren),,Todd Rundgren,I Saw the Light / Marlene,,,Todd Rundgren,I Saw the Light / Marlene,,
2026-09-13,70,That Girl (Bree Runway),,Bree Runway,That Girl,,,Bree Runway,That Girl,,
2026-09-13,70,Disco Jazz (Rupa),,Rupa,Disco Jazz,,,Rupa,Disco Jazz,,
2026-09-13,70,Subdivisions / Countdown (Rush),,Rush,Subdivisions / Countdown,,,Rush,Subdivisions / Countdown,,
2026-09-13,80,Forget Me Nots / (She Will) Take You Down to Love (Patrice Rushen),,Patrice Rushen,Forget Me Nots / (She Will) Take You Down to Love,,,Patrice Rushen,Forget Me Nots / (She Will) Take You Down to Love,,
2026-09-13,70,Calling Out of Context (Arthur Russell),,Arthur Russell,Calling Out of Context,,,Arthur Russell,Calling Out of Context,,
2026-09-13,20,The Descent of Man (Sabazius),,Sabazius,The Descent of Man,,,Sabazius,The Descent of Man,,
2026-09-13,70,Kiss of Life (Sade),,Sade,Kiss of Life,,,Sade,Kiss of Life,,
2026-09-13,70,No Ordinary Love (Sade),,Sade,No Ordinary Love,,,Sade,No Ordinary Love,,
2026-09-13,70,Clé (Sad Lovers & Giants),,Sad Lovers & Giants,Clé,,,Sad Lovers & Giants,Clé,,
2026-09-13,70,Roses (Imanbek Remix) (SAINt JHN),,SAINt JHN,Roses (Imanbek Remix),,,SAINt JHN,Roses (Imanbek Remix),,
2026-09-13,60,Private Caller (Saint Pepsi),,Saint Pepsi,Private Caller,,,Saint Pepsi,Private Caller,,
2026-09-13,80,(I'm) Stranded / No Time (The Saints),,The Saints,(I'm) Stranded / No Time,,,The Saints,(I'm) Stranded / No Time,,
2026-09-13,60,Sukiyaki / Anoko-no namae-wa nantenkana (Kyu Sakamoto),,Kyu Sakamoto,Sukiyaki / Anoko-no namae-wa nantenkana,,,Kyu Sakamoto,Sukiyaki / Anoko-no namae-wa nantenkana,,
2026-09-13,70,I'll Be by Your Side (Sally Shapiro / Johan Agebjörn),,Sally Shapiro / Johan Agebjörn,I'll Be by Your Side,,,Sally Shapiro / Johan Agebjörn,I'll Be by Your Side,,
2026-09-13,70,Spirit 2.0 (Sampha),,Sampha,Spirit 2.0,,,Sampha,Spirit 2.0,,
2026-09-13,80,Boumpam / Dam Dam (Aris San),,Aris San,Boumpam / Dam Dam,,,Aris San,Boumpam / Dam Dam,,
2026-09-13,70,Disparate Youth (Santigold),,Santigold,Disparate Youth,,,Santigold,Disparate Youth,,
2026-09-13,70,Freaks (Savage & Timmy Trumpet),,Savage & Timmy Trumpet,Freaks,,,Savage & Timmy Trumpet,Freaks,,
2026-09-13,70,To the Moon & Back (Savage Garden),,Savage Garden,To the Moon & Back,,,Savage Garden,To the Moon & Back,,
2026-09-13,70,Alterlife (Rina Sawayama),,Rina Sawayama,Alterlife,,,Rina Sawayama,Alterlife,,
2026-09-13,70,Cyber Stockholm Syndrome (Rina Sawayama),,Rina Sawayama,Cyber Stockholm Syndrome,,,Rina Sawayama,Cyber Stockholm Syndrome,,
2026-09-13,70,Scatman's World (Scatman John),,Scatman John,Scatman's World,,,Scatman John,Scatman's World,,
2026-09-13,70,A Strangely Isolated Place (Ulrich Schnauss),,Ulrich Schnauss,A Strangely Isolated Place,,,Ulrich Schnauss,A Strangely Isolated Place,,
2026-09-13,40,Kuschel Song (Schnuffel),,Schnuffel,Kuschel Song,,,Schnuffel,Kuschel Song,,
2026-09-13,40,Dancing on My Own (Calum Scott),,Calum Scott,Dancing on My Own,,,Calum Scott,Dancing on My Own,,
2026-09-13,70,That's How I'm Living (Toni Scott),,Toni Scott,That's How I'm Living,,,Toni Scott,That's How I'm Living,,
2026-09-13,70,The Revolution Will Not Be Televised / Home Is Where the Hatred Is (Gil Scott-Heron with Pretty Purdie and the Playboys),,Gil Scott-Heron with Pretty Purdie and the Playboys,The Revolution Will Not Be Televised / Home Is Where the Hatred Is,,,Gil Scott-Heron with Pretty Purdie and the Playboys,The Revolution Will Not Be Televised / Home Is Where the Hatred Is,,
2026-09-13,80,Cowboy Bebop (Seatbelts),,Seatbelts,Cowboy Bebop,,,Seatbelts,Cowboy Bebop,,
2026-09-13,50,Loves Light (Mpho Sebina),,Mpho Sebina,Loves Light,,,Mpho Sebina,Loves Light,,
2026-09-13,90,Get Out of Denver / Long Song Comin' (Bob Seger),,Bob Seger,Get Out of Denver / Long Song Comin',,,Bob Seger,Get Out of Denver / Long Song Comin',,
2026-09-13,70,Night Moves / Ship of Fools (Bob Seger),,Bob Seger,Night Moves / Ship of Fools,,,Bob Seger,Night Moves / Ship of Fools,,
2026-09-13,80,De primeira (Marina Sena),,Marina Sena,De primeira,,,Marina Sena,De primeira,,
2026-09-13,70,Cry for You (September),,September,Cry for You,,,September,Cry for You,,
2026-09-13,70,Rhode (Sevdaliza),,Sevdaliza,Rhode,,,Sevdaliza,Rhode,,
2026-09-13,70,Newlove (Sewerslvt),,Sewerslvt,Newlove,,,Sewerslvt,Newlove,,
2026-09-13,50,God Save the Queen / No Feeling (Sex Pistols),,Sex Pistols,God Save the Queen / No Feeling,,,Sex Pistols,God Save the Queen / No Feeling,,
2026-09-13,30,True Love / Come On Little Girl (Shakin' Stevens),,Shakin' Stevens,True Love / Come On Little Girl,,,Shakin' Stevens,True Love / Come On Little Girl,,
2026-09-13,70,Ojos así (Shakira),,Shakira,Ojos así,,,Shakira,Ojos así,,
2026-09-13,70,"Past, Present and Future / Paradise (The Shangri-Las)",,The Shangri-Las,"Past, Present and Future / Paradise",,,The Shangri-Las,"Past, Present and Future / Paradise",,
2026-09-13,70,Cherry (Lisa Shaw),,Lisa Shaw,Cherry,,,Lisa Shaw,Cherry,,
2026-09-13,70,The Spice of Life (Marlena Shaw),,Marlena Shaw,The Spice of Life,,,Marlena Shaw,The Spice of Life,,
2026-09-13,70,Boat (Ed Sheeran),,Ed Sheeran,Boat,,,Ed Sheeran,Boat,,
2026-09-13,70,Don't (Ed Sheeran),,Ed Sheeran,Don't,,,Ed Sheeran,Don't,,
2026-09-13,70,The A Team (Ed Sheeran),,Ed Sheeran,The A Team,,,Ed Sheeran,The A Team,,
2026-09-13,50,Perfect Duet (Ed Sheeran & Beyoncé),,Ed Sheeran & Beyoncé,Perfect Duet,,,Ed Sheeran & Beyoncé,Perfect Duet,,
2026-09-13,50,I Don't Care (Ed Sheeran & Justin Bieber),,Ed Sheeran & Justin Bieber,I Don't Care,,,Ed Sheeran & Justin Bieber,I Don't Care,,
2026-09-13,80,Spacer (Sheila & B. Devotion),,Sheila & B. Devotion,Spacer,,,Sheila & B. Devotion,Spacer,,
2026-09-13,70,Geronimo (Sheppard),,Sheppard,Geronimo,,,Sheppard,Geronimo,,
2026-09-13,70,1 of 1 (SHINee),,SHINee,1 of 1,,,SHINee,1 of 1,,
2026-09-13,60,New Slang / Sphagnum Esplanade (The Shins),,The Shins,New Slang / Sphagnum Esplanade,,,The Shins,New Slang / Sphagnum Esplanade,,
2026-09-13,80,The Lord of the Rings: The Return of the King (Howard Shore),,Howard Shore,The Lord of the Rings: The Return of the King,,,Howard Shore,The Lord of the Rings: The Return of the King,,
2026-09-13,70,The Walking (Jane Siberry),,Jane Siberry,The Walking,,,Jane Siberry,The Walking,,
2026-09-13,70,L'amourha (Sielun Veljet),,Sielun Veljet,L'amourha,,,Sielun Veljet,L'amourha,,
2026-09-13,50,Crying Laughing Loving Lying (Labi Siffre),,Labi Siffre,Crying Laughing Loving Lying,,,Labi Siffre,Crying Laughing Loving Lying,,
2026-09-13,60,Ágætis byrjun (Sigur Rós),,Sigur Rós,Ágætis byrjun,,,Sigur Rós,Ágætis byrjun,,
2026-09-13,50,Hoppípolla (Sigur Rós),,Sigur Rós,Hoppípolla,,,Sigur Rós,Hoppípolla,,
2026-09-13,70,Svefn-g-englar (Sigur Rós),,Sigur Rós,Svefn-g-englar,,,Sigur Rós,Svefn-g-englar,,
2026-09-13,10,Watch Me (Silentó),,Silentó,Watch Me,,,Silentó,Watch Me,,
2026-09-13,80,Leave the Door Open (Silk Sonic),,Silk Sonic,Leave the Door Open,,,Silk Sonic,Leave the Door Open,,
2026-09-13,70,Smokin Out the Window (Silk Sonic),,Silk Sonic,Smokin Out the Window,,,Silk Sonic,Smokin Out the Window,,
2026-09-13,50,Baby Driver / The Boxer (Simon & Garfunkel),,Simon & Garfunkel,Baby Driver / The Boxer,,,Simon & Garfunkel,Baby Driver / The Boxer,,
2026-09-13,70,Bridge Over Troubled Water / Keep the Customer Satisfied (Simon & Garfunkel),,Simon & Garfunkel,Bridge Over Troubled Water / Keep the Customer Satisfied,,,Simon & Garfunkel,Bridge Over Troubled Water / Keep the Customer Satisfied,,
2026-09-13,50,The Boxer / Baby Driver (Simon & Garfunkel),,Simon & Garfunkel,The Boxer / Baby Driver,,,Simon & Garfunkel,The Boxer / Baby Driver,,
2026-09-13,70,The Sounds of Silence / I Am a Rock (Simon & Garfunkel),,Simon & Garfunkel,The Sounds of Silence / I Am a Rock,,,Simon & Garfunkel,The Sounds of Silence / I Am a Rock,,
2026-09-13,70,The Sounds of Silence / We've Got a Groovey Thing Goin' (Simon & Garfunkel),,Simon & Garfunkel,The Sounds of Silence / We've Got a Groovey Thing Goin',,,Simon & Garfunkel,The Sounds of Silence / We've Got a Groovey Thing Goin',,
2026-09-13,90,Feeling Good / My Baby Just Cares for Me (Nina Simone),,Nina Simone,Feeling Good / My Baby Just Cares for Me,,,Nina Simone,Feeling Good / My Baby Just Cares for Me,,
2026-09-13,80,Four Women / What More Can I Say (Nina Simone),,Nina Simone,Four Women / What More Can I Say,,,Nina Simone,Four Women / What More Can I Say,,
2026-09-13,70,Someone Somewhere (In Summertime) / King Is White and in the Crowd (Simple Minds),,Simple Minds,Someone Somewhere (In Summertime) / King Is White and in the Crowd,,,Simple Minds,Someone Somewhere (In Summertime) / King Is White and in the Crowd,,
2026-09-13,20,Untitled (How Could This Happen to Me?) (Simple Plan),,Simple Plan,Untitled (How Could This Happen to Me?),,,Simple Plan,Untitled (How Could This Happen to Me?),,
2026-09-13,80,Fly Me to the Moon (Frank Sinatra),,Frank Sinatra,Fly Me to the Moon,,,Frank Sinatra,Fly Me to the Moon,,
2026-09-13,70,That's Life / September of My Years (Frank Sinatra),,Frank Sinatra,That's Life / September of My Years,,,Frank Sinatra,That's Life / September of My Years,,
2026-09-13,60,Song for the Spirit (Singapore Sling),,Singapore Sling,Song for the Spirit,,,Singapore Sling,Song for the Spirit,,
2026-09-13,70,Spellbound / Follow the Sun (Siouxsie and The Banshees),,Siouxsie and The Banshees,Spellbound / Follow the Sun,,,Siouxsie and The Banshees,Spellbound / Follow the Sun,,
2026-09-13,70,We Are Family (Sister Sledge),,Sister Sledge,We Are Family,,,Sister Sledge,We Are Family,,
2026-09-13,70,My My My! (Troye Sivan),,Troye Sivan,My My My!,,,Troye Sivan,My My My!,,
2026-09-13,70,One of Your Girls (Troye Sivan),,Troye Sivan,One of Your Girls,,,Troye Sivan,One of Your Girls,,
2026-09-13,70,Divine Discontent (Sixpence None the Richer),,Sixpence None the Richer,Divine Discontent,,,Sixpence None the Richer,Divine Discontent,,
2026-09-13,70,Evolution (Skyharbor),,Skyharbor,Evolution,,,Skyharbor,Evolution,,
2026-09-13,70,Slapp Happy,,Slapp Happy,Slapp Happy,,,Slapp Happy,Slapp Happy,,
2026-09-13,60,Alone (Slayyyter),,Slayyyter,Alone,,,Slayyyter,Alone,,
2026-09-13,70,Miss Belladonna (Slayyyter),,Slayyyter,Miss Belladonna,,,Slayyyter,Miss Belladonna,,
2026-09-13,70,Out of Time (Slayyyter),,Slayyyter,Out of Time,,,Slayyyter,Out of Time,,
2026-09-13,70,Jumpers (Sleater-Kinney),,Sleater-Kinney,Jumpers,,,Sleater-Kinney,Jumpers,,
2026-09-13,70,One More Hour (Sleater-Kinney),,Sleater-Kinney,One More Hour,,,Sleater-Kinney,One More Hour,,
2026-09-13,70,Typical Girls / I Heard It Through the Grapevine (The Slits),,The Slits,Typical Girls / I Heard It Through the Grapevine,,,The Slits,Typical Girls / I Heard It Through the Grapevine,,
2026-09-13,70,Alison (Slowdive),,Slowdive,Alison,,,Slowdive,Alison,,
2026-09-13,70,Souvlaki (Slowdive),,Slowdive,Souvlaki,,,Slowdive,Souvlaki,,
2026-09-13,80,Disarm (Smashing Pumpkins),,Smashing Pumpkins,Disarm,,,Smashing Pumpkins,Disarm,,
2026-09-13,70,1979 / Bullet With Butterfly Wings (The Smashing Pumpkins),,The Smashing Pumpkins,1979 / Bullet With Butterfly Wings,,,The Smashing Pumpkins,1979 / Bullet With Butterfly Wings,,
2026-09-13,70,"Tonight, Tonight (The Smashing Pumpkins)",,The Smashing Pumpkins,"Tonight, Tonight",,,The Smashing Pumpkins,"Tonight, Tonight",,
2026-09-13,50,All Star (Smash Mouth),,Smash Mouth,All Star,,,Smash Mouth,All Star,,
2026-09-13,60,Bending Hectic (The Smile),,The Smile,Bending Hectic,,,The Smile,Bending Hectic,,
2026-09-13,70,Free in the Knowledge (The Smile),,The Smile,Free in the Knowledge,,,The Smile,Free in the Knowledge,,
2026-09-13,70,Nobody Knows You When You're Down and Out / Take It Right Back ('Cause I Don't Want It Here) (Bessie Smith),,Bessie Smith,Nobody Knows You When You're Down and Out / Take It Right Back ('Cause I Don't Want It Here),,,Bessie Smith,Nobody Knows You When You're Down and Out / Take It Right Back ('Cause I Don't Want It Here),,
2026-09-13,70,Figure 8 (Elliott Smith),,Elliott Smith,Figure 8,,,Elliott Smith,Figure 8,,
2026-09-13,40,XO (Elliott Smith),,Elliott Smith,XO,,,Elliott Smith,XO,,
2026-09-13,80,Rose Rouge (Jorja Smith),,Jorja Smith,Rose Rouge,,,Jorja Smith,Rose Rouge,,
2026-09-13,70,I'm Not the Only One (Sam Smith),,Sam Smith,I'm Not the Only One,,,Sam Smith,I'm Not the Only One,,
2026-09-13,50,Writing's on the Wall (Sam Smith),,Sam Smith,Writing's on the Wall,,,Sam Smith,Writing's on the Wall,,
2026-09-13,70,Gloria / My Generation (Patti Smith Group),,Patti Smith Group,Gloria / My Generation,,,Patti Smith Group,Gloria / My Generation,,
2026-09-13,80,Because the Night / The Robots (Patti Smith Group / Kraftwerk),,Patti Smith Group / Kraftwerk,Because the Night / The Robots,,,Patti Smith Group / Kraftwerk,Because the Night / The Robots,,
2026-09-13,70,How Soon Is Now? / Well I Wonder (The Smiths),,The Smiths,How Soon Is Now? / Well I Wonder,,,The Smiths,How Soon Is Now? / Well I Wonder,,
2026-09-13,80,The Smiths,,The Smiths,The Smiths,,,The Smiths,The Smiths,,
2026-09-13,70,This Charming Man / Jeane (The Smiths),,The Smiths,This Charming Man / Jeane,,,The Smiths,This Charming Man / Jeane,,
2026-09-13,30,Englands Best Kept Secret (Smokio),,Smokio,Englands Best Kept Secret,,,Smokio,Englands Best Kept Secret,,
2026-09-13,70,Run (Snow Patrol),,Snow Patrol,Run,,,Snow Patrol,Run,,
2026-09-13,70,The Snow Strippers,,Snow Strippers,The Snow Strippers,,,Snow Strippers,The Snow Strippers,,
2026-09-13,90,Libertação (Elza Soares & BaianaSystem),,Elza Soares & BaianaSystem,Libertação,,,Elza Soares & BaianaSystem,Libertação,,
2026-09-13,70,Air Guitar (Sobs),,Sobs,Air Guitar,,,Sobs,Air Guitar,,
2026-09-13,70,Circle the Drain (Soccer Mommy),,Soccer Mommy,Circle the Drain,,,Soccer Mommy,Circle the Drain,,
2026-09-13,90,En la ciudad de la furia (Soda Stereo),,Soda Stereo,En la ciudad de la furia,,,Soda Stereo,En la ciudad de la furia,,
2026-09-13,70,Tainted Love / Where Did Our Love Go (Soft Cell),,Soft Cell,Tainted Love / Where Did Our Love Go,,,Soft Cell,Tainted Love / Where Did Our Love Go,,
2026-09-13,70,Cranes in the Sky (Solange),,Solange,Cranes in the Sky,,,Solange,Cranes in the Sky,,
2026-09-13,50,Something or Other (The Someloves),,The Someloves,Something or Other,,,The Someloves,Something or Other,,
2026-09-13,40,The Magnolia Electric Co (Songs: Ohia),,Songs: Ohia,The Magnolia Electric Co,,,Songs: Ohia,The Magnolia Electric Co,,
2026-09-13,70,City Slang (Sonic's Rendezvous Band),,Sonic's Rendezvous Band,City Slang,,,Sonic's Rendezvous Band,City Slang,,
2026-09-13,70,Incinerate (Sonic Youth),,Sonic Youth,Incinerate,,,Sonic Youth,Incinerate,,
2026-09-13,50,Teenage Riot / Silver Rocket / Kissability (Sonic Youth),,Sonic Youth,Teenage Riot / Silver Rocket / Kissability,,,Sonic Youth,Teenage Riot / Silver Rocket / Kissability,,
2026-09-13,70,Sweat (SOPHIE Remix) (SONIKKU),,SONIKKU,Sweat (SOPHIE Remix),,,SONIKKU,Sweat (SOPHIE Remix),,
2026-09-13,70,It Feels So Good (Sonique),,Sonique,It Feels So Good,,,Sonique,It Feels So Good,,
2026-09-13,50,Bipp (SOPHIE),,SOPHIE,Bipp,,,SOPHIE,Bipp,,
2026-09-13,50,Ponyboy (SOPHIE),,SOPHIE,Ponyboy,,,SOPHIE,Ponyboy,,
2026-09-13,70,Runaway Train (Soul Asylum),,Soul Asylum,Runaway Train,,,Soul Asylum,Runaway Train,,
2026-09-13,80,The Elder Scrolls IV: Oblivion (Jeremy Soule),,Jeremy Soule,The Elder Scrolls IV: Oblivion,,,Jeremy Soule,The Elder Scrolls IV: Oblivion,,
2026-09-13,70,Shock of Daylight (The Sound),,The Sound,Shock of Daylight,,,The Sound,Shock of Daylight,,
2026-09-13,70,Black Hole Sun (Soundgarden),,Soundgarden,Black Hole Sun,,,Soundgarden,Black Hole Sun,,
2026-09-13,70,This Town Ain't Big Enough for Both of Us / Barbecutie (Sparks),,Sparks,This Town Ain't Big Enough for Both of Us / Barbecutie,,,Sparks,This Town Ain't Big Enough for Both of Us / Barbecutie,,
2026-09-13,100,Blackout (Britney Spears),,Britney Spears,Blackout,,,Britney Spears,Blackout,,
2026-09-13,70,Gimme More (Britney Spears),,Britney Spears,Gimme More,,,Britney Spears,Gimme More,,
2026-09-13,60,I Love Rock 'n' Roll (Britney Spears),,Britney Spears,I Love Rock 'n' Roll,,,Britney Spears,I Love Rock 'n' Roll,,
2026-09-13,70,Oops!...I Did It Again (Britney Spears),,Britney Spears,Oops!...I Did It Again,,,Britney Spears,Oops!...I Did It Again,,
2026-09-13,100,Toxic (Britney Spears),,Britney Spears,Toxic,,,Britney Spears,Toxic,,
2026-09-13,80,"Ghost Town / Why? / Friday Night, Saturday Morning (The Specials)",,The Specials,"Ghost Town / Why? / Friday Night, Saturday Morning",,,The Specials,"Ghost Town / Why? / Friday Night, Saturday Morning",,
2026-09-13,70,Samson (Regina Spektor),,Regina Spektor,Samson,,,Regina Spektor,Samson,,
2026-09-13,70,Us / Scarecrow & Fungus / December (Regina Spektor),,Regina Spektor,Us / Scarecrow & Fungus / December,,,Regina Spektor,Us / Scarecrow & Fungus / December,,
2026-09-13,70,Boys at School (SPELLLING),,SPELLLING,Boys at School,,,SPELLLING,Boys at School,,
2026-09-13,70,I'll Be Around / How Could I Let You Get Away (The Spinners),,The Spinners,I'll Be Around / How Could I Let You Get Away,,,The Spinners,I'll Be Around / How Could I Let You Get Away,,
2026-09-13,60,Ladies and Gentlemen We Are Floating in Space / Come Together (Spiritualized®),,Spiritualized®,Ladies and Gentlemen We Are Floating in Space / Come Together,,,Spiritualized®,Ladies and Gentlemen We Are Floating in Space / Come Together,,
2026-09-13,70,Inside Out / Rent I Pay / Do You (Spoon),,Spoon,Inside Out / Rent I Pay / Do You,,,Spoon,Inside Out / Rent I Pay / Do You,,
2026-09-13,60,Enknee1 (hemlocke springs),,hemlocke springs,Enknee1,,,hemlocke springs,Enknee1,,
2026-09-13,60,Girlfriend (hemlocke springs),,hemlocke springs,Girlfriend,,,hemlocke springs,Girlfriend,,
2026-09-13,60,Up the Junction / It's So Dirty (Squeeze),,Squeeze,Up the Junction / It's So Dirty,,,Squeeze,Up the Junction / It's So Dirty,,
2026-09-13,90,Narrator (Squid),,Squid,Narrator,,,Squid,Narrator,,
2026-09-13,70,Fish Out of Water (Chris Squire),,Chris Squire,Fish Out of Water,,,Chris Squire,Fish Out of Water,,
2026-09-13,70,Stafrænn Hákon / Emery Reel,,Stafrænn Hákon / Emery Reel,Stafrænn Hákon / Emery Reel,,,Stafrænn Hákon / Emery Reel,Stafrænn Hákon / Emery Reel,,
2026-09-13,70,G-E-T-O-U-T!! the Ghetto (Standing on the Corner),,Standing on the Corner,G-E-T-O-U-T!! the Ghetto,,,Standing on the Corner,G-E-T-O-U-T!! the Ghetto,,
2026-09-13,80,Music Sounds Better With You (Stardust),,Stardust,Music Sounds Better With You,,,Stardust,Music Sounds Better With You,,
2026-09-13,70,Inchman / Two Time (Jack Stauber's Micropop),,Jack Stauber's Micropop,Inchman / Two Time,,,Jack Stauber's Micropop,Inchman / Two Time,,
2026-09-13,80,Star to a Young Culture (STAYC),,STAYC,Star to a Young Culture,,,STAYC,Star to a Young Culture,,
2026-09-13,40,Ann Steel,,Ann Steel,Ann Steel,,,Ann Steel,Ann Steel,,
2026-09-13,70,Deacon Blues / Home at Last (Steely Dan),,Steely Dan,Deacon Blues / Home at Last,,,Steely Dan,Deacon Blues / Home at Last,,
2026-09-13,70,Cool (Gwen Stefani),,Gwen Stefani,Cool,,,Gwen Stefani,Cool,,
2026-09-13,80,떨려요 (Stellar),,Stellar,떨려요,,,Stellar,떨려요,,
2026-09-13,70,Cybele's Reverie / Brigitte (Stereolab),,Stereolab,Cybele's Reverie / Brigitte,,,Stereolab,Cybele's Reverie / Brigitte,,
2026-09-13,70,Fluorescences (Stereolab),,Stereolab,Fluorescences,,,Stereolab,Fluorescences,,
2026-09-13,60,Waves (Emma Stevens),,Emma Stevens,Waves,,,Emma Stevens,Waves,,
2026-09-13,80,Come and Get It (Rachel Stevens),,Rachel Stevens,Come and Get It,,,Rachel Stevens,Come and Get It,,
2026-09-13,70,Fourth of July (Sufjan Stevens),,Sufjan Stevens,Fourth of July,,,Sufjan Stevens,Fourth of July,,
2026-09-13,60,My Rajneesh (Sufjan Stevens),,Sufjan Stevens,My Rajneesh,,,Sufjan Stevens,My Rajneesh,,
2026-09-13,70,Mystery of Love (Sufjan Stevens),,Sufjan Stevens,Mystery of Love,,,Sufjan Stevens,Mystery of Love,,
2026-09-13,70,Back to Oz / Fictional California (Sufjan Stevens & Angelo De Augustine),,Sufjan Stevens & Angelo De Augustine,Back to Oz / Fictional California,,,Sufjan Stevens & Angelo De Augustine,Back to Oz / Fictional California,,
2026-09-13,70,Year of the Cat / Broadway Hotel (Al Stewart),,Al Stewart,Year of the Cat / Broadway Hotel,,,Al Stewart,Year of the Cat / Broadway Hotel,,
2026-09-13,70,Knock on Wood / When You Are Beautiful (Amii Stewart),,Amii Stewart,Knock on Wood / When You Are Beautiful,,,Amii Stewart,Knock on Wood / When You Are Beautiful,,
2026-09-13,60,Alternative Ulster / 78 R.P.M. (Stiff Little Fingers),,Stiff Little Fingers,Alternative Ulster / 78 R.P.M.,,,Stiff Little Fingers,Alternative Ulster / 78 R.P.M.,,
2026-09-13,70,Goodie Bag (Still Woozy),,Still Woozy,Goodie Bag,,,Still Woozy,Goodie Bag,,
2026-09-13,70,Fields of Gold (Sting),,Sting,Fields of Gold,,,Sting,Fields of Gold,,
2026-09-13,70,Moon Over Bourbon Street / The Ballad of Mack the Knife (Sting),,Sting,Moon Over Bourbon Street / The Ballad of Mack the Knife,,,Sting,Moon Over Bourbon Street / The Ballad of Mack the Knife,,
2026-09-13,90,Lindsey Stirling,,Lindsey Stirling,Lindsey Stirling,,,Lindsey Stirling,Lindsey Stirling,,
2026-09-13,70,Fools Gold (The Stone Roses),,The Stone Roses,Fools Gold,,,The Stone Roses,Fools Gold,,
2026-09-13,70,I Wanna Be Adored (The Stone Roses),,The Stone Roses,I Wanna Be Adored,,,The Stone Roses,I Wanna Be Adored,,
2026-09-13,70,Tiny Music... Songs From the Vatican Gift Shop (Stone Temple Pilots),,Stone Temple Pilots,Tiny Music... Songs From the Vatican Gift Shop,,,Stone Temple Pilots,Tiny Music... Songs From the Vatican Gift Shop,,
2026-09-13,50,Faith in Strangers (Andy Stott),,Andy Stott,Faith in Strangers,,,Andy Stott,Faith in Strangers,,
2026-09-13,60,Golden Brown / Love 30 (The Stranglers),,The Stranglers,Golden Brown / Love 30,,,The Stranglers,Golden Brown / Love 30,,
2026-09-13,70,Trees and Flowers / Go Away (Strawberry Switchblade),,Strawberry Switchblade,Trees and Flowers / Go Away,,,Strawberry Switchblade,Trees and Flowers / Go Away,,
2026-09-13,60,Hard to Explain (The Strokes),,The Strokes,Hard to Explain,,,The Strokes,Hard to Explain,,
2026-09-13,70,L'enfer (Stromae),,Stromae,L'enfer,,,Stromae,L'enfer,,
2026-09-13,70,Streetcore (Joe Strummer & The Mescaleros),,Joe Strummer & The Mescaleros,Streetcore,,,Joe Strummer & The Mescaleros,Streetcore,,
2026-09-13,50,Sumar á Sýrlandi (Stuðmenn),,Stuðmenn,Sumar á Sýrlandi,,,Stuðmenn,Sumar á Sýrlandi,,
2026-09-13,70,Cruel (St. Vincent),,St. Vincent,Cruel,,,St. Vincent,Cruel,,
2026-09-13,70,Prince Johnny (St. Vincent),,St. Vincent,Prince Johnny,,,St. Vincent,Prince Johnny,,
2026-09-13,70,Golden (Harry Styles),,Harry Styles,Golden,,,Harry Styles,Golden,,
2026-09-13,70,Nightwatch Underground (Sub Zero Project),,Sub Zero Project,Nightwatch Underground,,,Sub Zero Project,Nightwatch Underground,,
2026-09-13,70,Home Maker (Sudan Archives),,Sudan Archives,Home Maker,,,Sudan Archives,Home Maker,,
2026-09-13,70,Animal Nitrate (Suede),,Suede,Animal Nitrate,,,Suede,Animal Nitrate,,
2026-09-13,70,Stay Together (Suede),,Suede,Stay Together,,,Suede,Stay Together,,
2026-09-13,70,Overload (Sugababes),,Sugababes,Overload,,,Sugababes,Overload,,
2026-09-13,70,Birthday (The Sugarcubes),,The Sugarcubes,Birthday,,,The Sugarcubes,Birthday,,
2026-09-13,70,Surrender / Rain of Ruin (Suicide),,Suicide,Surrender / Rain of Ruin,,,Suicide,Surrender / Rain of Ruin,,
2026-09-13,70,고블린 (Sulli),,Sulli,고블린,,,Sulli,고블린,,
2026-09-13,60,Inca Taqui (Yma Sumac & Moises Vivanco),,Yma Sumac & Moises Vivanco,Inca Taqui,,,Yma Sumac & Moises Vivanco,Inca Taqui,,
2026-09-13,80,Miniseries 2 (SUMIN & Slom),,SUMIN & Slom,Miniseries 2,,,SUMIN & Slom,Miniseries 2,,
2026-09-13,70,I Feel Love / Can't We Just Sit Down (And Talk It Over) (Donna Summer),,Donna Summer,I Feel Love / Can't We Just Sit Down (And Talk It Over),,,Donna Summer,I Feel Love / Can't We Just Sit Down (And Talk It Over),,
2026-09-13,80,Mac Arthur Park Suite (Donna Summer),,Donna Summer,Mac Arthur Park Suite,,,Donna Summer,Mac Arthur Park Suite,,
2026-09-13,70,Fade Away (Susanne Sundfør),,Susanne Sundfør,Fade Away,,,Susanne Sundfør,Fade Away,,
2026-09-13,70,Carry Me Ohio (Sun Kil Moon),,Sun Kil Moon,Carry Me Ohio,,,Sun Kil Moon,Carry Me Ohio,,
2026-09-13,70,보라빛 밤 (SUNMI),,SUNMI,보라빛 밤,,,SUNMI,보라빛 밤,,
2026-09-13,30,In Circles (Sunny Day Real Estate),,Sunny Day Real Estate,In Circles,,,Sunny Day Real Estate,In Circles,,
2026-09-13,60,Seven (Sunny Day Real Estate),,Sunny Day Real Estate,Seven,,,Sunny Day Real Estate,Seven,,
2026-09-13,40,Highvision (Supercar),,Supercar,Highvision,,,Supercar,Highvision,,
2026-09-13,70,Juxtapozed With U (Super Furry Animals),,Super Furry Animals,Juxtapozed With U,,,Super Furry Animals,Juxtapozed With U,,
2026-09-13,30,Olet Valloissasi (Super Ladex),,Super Ladex,Olet Valloissasi,,,Super Ladex,Olet Valloissasi,,
2026-09-13,80,Dreamer / Bloody Well Right (Supertramp),,Supertramp,Dreamer / Bloody Well Right,,,Supertramp,Dreamer / Bloody Well Right,,
2026-09-13,80,Baby Love (The Supremes),,The Supremes,Baby Love,,,The Supremes,Baby Love,,
2026-09-13,80,Baby Love / Ask Any Girl (The Supremes),,The Supremes,Baby Love / Ask Any Girl,,,The Supremes,Baby Love / Ask Any Girl,,
2026-09-13,70,Where Did Our Love Go (The Supremes),,The Supremes,Where Did Our Love Go,,,The Supremes,Where Did Our Love Go,,
2026-09-13,70,Freaks (Surf Curse),,Surf Curse,Freaks,,,Surf Curse,Freaks,,
2026-09-13,70,A présent tu peux t'en aller / Ca n'a pas d'importance (Les Surfs),,Les Surfs,A présent tu peux t'en aller / Ca n'a pas d'importance,,,Les Surfs,A présent tu peux t'en aller / Ca n'a pas d'importance,,
2026-09-13,40,Show Me (Jessica Sutta),,Jessica Sutta,Show Me,,,Jessica Sutta,Show Me,,
2026-09-13,70,Oxygen (Swans),,Swans,Oxygen,,,Swans,Oxygen,,
2026-09-13,60,Screen Shot (Swans),,Swans,Screen Shot,,,Swans,Screen Shot,,
2026-09-13,70,Flowers (Sweet Female Attitude),,Sweet Female Attitude,Flowers,,,Sweet Female Attitude,Flowers,,
2026-09-13,60,You Will Never Know Why (Sweet Trip),,Sweet Trip,You Will Never Know Why,,,Sweet Trip,You Will Never Know Why,,
2026-09-13,70,22 (Taylor Swift),,Taylor Swift,22,,,Taylor Swift,22,,
2026-09-13,80,All Too Well (10 Minute Version) (Taylor's Version) (From the Vault) (Taylor Swift),,Taylor Swift,All Too Well (10 Minute Version) (Taylor's Version) (From the Vault),,,Taylor Swift,All Too Well (10 Minute Version) (Taylor's Version) (From the Vault),,
2026-09-13,80,Blank Space (Taylor Swift),,Taylor Swift,Blank Space,,,Taylor Swift,Blank Space,,
2026-09-13,80,Cruel Summer (Taylor Swift),,Taylor Swift,Cruel Summer,,,Taylor Swift,Cruel Summer,,
2026-09-13,80,Evermore (Taylor Swift),,Taylor Swift,Evermore,,,Taylor Swift,Evermore,,
2026-09-13,70,Lavender Haze (Taylor Swift),,Taylor Swift,Lavender Haze,,,Taylor Swift,Lavender Haze,,
2026-09-13,80,Love Story (Taylor's Version) (Taylor Swift),,Taylor Swift,Love Story (Taylor's Version),,,Taylor Swift,Love Story (Taylor's Version),,
2026-09-13,40,ME! (Taylor Swift),,Taylor Swift,ME!,,,Taylor Swift,ME!,,
2026-09-13,80,Red (Taylor Swift),,Taylor Swift,Red,,,Taylor Swift,Red,,
2026-09-13,70,Safe & Sound (Taylor Swift),,Taylor Swift,Safe & Sound,,,Taylor Swift,Safe & Sound,,
2026-09-13,70,Safe & Sound (Taylor's Version) (Taylor Swift),,Taylor Swift,Safe & Sound (Taylor's Version),,,Taylor Swift,Safe & Sound (Taylor's Version),,
2026-09-13,70,Shake It Off (Taylor Swift),,Taylor Swift,Shake It Off,,,Taylor Swift,Shake It Off,,
2026-09-13,80,State of Grace (Taylor Swift),,Taylor Swift,State of Grace,,,Taylor Swift,State of Grace,,
2026-09-13,70,The Story of Us (Taylor Swift),,Taylor Swift,The Story of Us,,,Taylor Swift,The Story of Us,,
2026-09-13,50,The Tortured Poets Department (Taylor Swift),,Taylor Swift,The Tortured Poets Department,,,Taylor Swift,The Tortured Poets Department,,
2026-09-13,80,Wildest Dreams (Taylor Swift),,Taylor Swift,Wildest Dreams,,,Taylor Swift,Wildest Dreams,,
2026-09-13,100,Wildest Dreams (Taylor's Version) (Taylor Swift),,Taylor Swift,Wildest Dreams (Taylor's Version),,,Taylor Swift,Wildest Dreams (Taylor's Version),,
2026-09-13,50,You're Not Sorry (Taylor Swift),,Taylor Swift,You're Not Sorry,,,Taylor Swift,You're Not Sorry,,
2026-09-13,70,Bamboo Houses / Bamboo Music (Sylvian - Sakamoto),,Sylvian - Sakamoto,Bamboo Houses / Bamboo Music,,,Sylvian - Sakamoto,Bamboo Houses / Bamboo Music,,
2026-09-13,70,Aerials (System of a Down),,System of a Down,Aerials,,,System of a Down,Aerials,,
2026-09-13,70,Good Days (SZA),,SZA,Good Days,,,SZA,Good Days,,
2026-09-13,70,Press It (TAEMIN),,TAEMIN,Press It,,,TAEMIN,Press It,,
2026-09-13,70,Purpose (TAEYEON),,TAEYEON,Purpose,,,TAEYEON,Purpose,,
2026-09-13,60,Ya Rayah (Rachid Taha),,Rachid Taha,Ya Rayah,,,Rachid Taha,Ya Rayah,,
2026-09-13,40,7 heures du matin / Bienvenue au pays (Jacqueline Taïeb),,Jacqueline Taïeb,7 heures du matin / Bienvenue au pays,,,Jacqueline Taïeb,7 heures du matin / Bienvenue au pays,,
2026-09-13,40,Fantasma / AVC (Tainy),,Tainy,Fantasma / AVC,,,Tainy,Fantasma / AVC,,
2026-09-13,70,Psycho Killer (Talking Heads),,Talking Heads,Psycho Killer,,,Talking Heads,Psycho Killer,,
2026-09-13,70,The Great Curve / Born Under Punches (The Heat Goes On) (Talking Heads),,Talking Heads,The Great Curve / Born Under Punches (The Heat Goes On),,,Talking Heads,The Great Curve / Born Under Punches (The Heat Goes On),,
2026-09-13,70,This Must Be the Place (Naive Melody) / Moon Rocks (Talking Heads),,Talking Heads,This Must Be the Place (Naive Melody) / Moon Rocks,,,Talking Heads,This Must Be the Place (Naive Melody) / Moon Rocks,,
2026-09-13,70,After the Flood (Talk Talk),,Talk Talk,After the Flood,,,Talk Talk,After the Flood,,
2026-09-13,70,I Believe in You / John Cope (Talk Talk),,Talk Talk,I Believe in You / John Cope,,,Talk Talk,I Believe in You / John Cope,,
2026-09-13,70,It's My Life / Does Caroline Know? (Talk Talk),,Talk Talk,It's My Life / Does Caroline Know?,,,Talk Talk,It's My Life / Does Caroline Know?,,
2026-09-13,60,New Grass (Talk Talk),,Talk Talk,New Grass,,,Talk Talk,New Grass,,
2026-09-13,60,Let It Happen (Tame Impala),,Tame Impala,Let It Happen,,,Tame Impala,Let It Happen,,
2026-09-13,60,The Less I Know the Better (Tame Impala),,Tame Impala,The Less I Know the Better,,,Tame Impala,The Less I Know the Better,,
2026-09-13,70,River Come Down / Swahili (André Tanker),,André Tanker,River Come Down / Swahili,,,André Tanker,River Come Down / Swahili,,
2026-09-13,70,Head Over Heels / When in Love With a Blind Man (Tears for Fears),,Tears for Fears,Head Over Heels / When in Love With a Blind Man,,,Tears for Fears,Head Over Heels / When in Love With a Blind Man,,
2026-09-13,60,Sparky's Dream (Teenage Fanclub),,Teenage Fanclub,Sparky's Dream,,,Teenage Fanclub,Sparky's Dream,,
2026-09-13,70,Bailar y llorar (Teleradio Donoso),,Teleradio Donoso,Bailar y llorar,,,Teleradio Donoso,Bailar y llorar,,
2026-09-13,70,Marquee Moon (Television),,Television,Marquee Moon,,,Television,Marquee Moon,,
2026-09-13,70,Beyond All Strategies (Sébastien Tellier),,Sébastien Tellier,Beyond All Strategies,,,Sébastien Tellier,Beyond All Strategies,,
2026-09-13,70,Papa Was a Rollin' Stone (The Temptations),,The Temptations,Papa Was a Rollin' Stone,,,The Temptations,Papa Was a Rollin' Stone,,
2026-09-13,70,Need Your Love (Tennis),,Tennis,Need Your Love,,,Tennis,Need Your Love,,
2026-09-13,60,Inspector Norse (Todd Terje),,Todd Terje,Inspector Norse,,,Todd Terje,Inspector Norse,,
2026-09-13,10,Lip Service (Thaiboy Digital),,Thaiboy Digital,Lip Service,,,Thaiboy Digital,Lip Service,,
2026-09-13,60,This Is the Day / Mental Healing Process (The The),,The The,This Is the Day / Mental Healing Process,,,The The,This Is the Day / Mental Healing Process,,
2026-09-13,70,Love / Hate (The-Dream),,The-Dream,Love / Hate,,,The-Dream,Love / Hate,,
2026-09-13,70,Mayday (TheFatRat),,TheFatRat,Mayday,,,TheFatRat,Mayday,,
2026-09-13,90,Monody (TheFatRat),,TheFatRat,Monody,,,TheFatRat,Monody,,
2026-09-13,70,Splinter (TheFatRat),,TheFatRat,Splinter,,,TheFatRat,Splinter,,
2026-09-13,70,The Calling (TheFatRat),,TheFatRat,The Calling,,,TheFatRat,The Calling,,
2026-09-13,70,Windfall (TheFatRat),,TheFatRat,Windfall,,,TheFatRat,Windfall,,
2026-09-13,40,Hate My Life (Theory of a Deadman),,Theory of a Deadman,Hate My Life,,,Theory of a Deadman,Hate My Life,,
2026-09-13,60,Birdhouse in Your Soul / Hot Cha (They Might Be Giants),,They Might Be Giants,Birdhouse in Your Soul / Hot Cha,,,They Might Be Giants,Birdhouse in Your Soul / Hot Cha,,
2026-09-13,70,Jailbreak (Thin Lizzy),,Thin Lizzy,Jailbreak,,,Thin Lizzy,Jailbreak,,
2026-09-13,70,Third Eye Blind,,Third Eye Blind,Third Eye Blind,,,Third Eye Blind,Third Eye Blind,,
2026-09-13,60,Q (Third Hill),,Third Hill,Q,,,Third Hill,Q,,
2026-09-13,50,Out of Cold Storage (This Heat),,This Heat,Out of Cold Storage,,,This Heat,Out of Cold Storage,,
2026-09-13,70,Wish Someone Would Care (Irma Thomas),,Irma Thomas,Wish Someone Would Care,,,Irma Thomas,Wish Someone Would Care,,
2026-09-13,60,"From Keflavík, With Love (Thor's Hammer)",,Thor's Hammer,"From Keflavík, With Love",,,Thor's Hammer,"From Keflavík, With Love",,
2026-09-13,80,If You Don't Start Drinkin' (I'm Gonna' Leave) / Born in Chicago (George Thorogood & The Destroyers),,George Thorogood & The Destroyers,If You Don't Start Drinkin' (I'm Gonna' Leave) / Born in Chicago,,,George Thorogood & The Destroyers,If You Don't Start Drinkin' (I'm Gonna' Leave) / Born in Chicago,,
2026-09-13,70,One / Chest Fever (Three Dog Night),,Three Dog Night,One / Chest Fever,,,Three Dog Night,One / Chest Fever,,
2026-09-13,70,Them Changes (Thundercat),,Thundercat,Them Changes,,,Thundercat,Them Changes,,
2026-09-13,70,You Can't Put Your Arms Round a Memory / Hurtin' (Johnny Thunders),,Johnny Thunders,You Can't Put Your Arms Round a Memory / Hurtin',,,Johnny Thunders,You Can't Put Your Arms Round a Memory / Hurtin',,
2026-09-13,70,Understanding in a Car Crash (Thursday),,Thursday,Understanding in a Car Crash,,,Thursday,Understanding in a Car Crash,,
2026-09-13,70,I Just Wanna Dance (Tiffany),,Tiffany,I Just Wanna Dance,,,Tiffany,I Just Wanna Dance,,
2026-09-13,10,I'm With Her (Le Tigre),,Le Tigre,I'm With Her,,,Le Tigre,I'm With Her,,
2026-09-13,70,Twist in My Sobriety / Friends (Tanita Tikaram),,Tanita Tikaram,Twist in My Sobriety / Friends,,,Tanita Tikaram,Twist in My Sobriety / Friends,,
2026-09-13,70,LoveStoned (Justin Timberlake),,Justin Timberlake,LoveStoned,,,Justin Timberlake,LoveStoned,,
2026-09-13,70,My Love (Justin Timberlake),,Justin Timberlake,My Love,,,Justin Timberlake,My Love,,
2026-09-13,70,Hot Dreams (Timber Timbre),,Timber Timbre,Hot Dreams,,,Timber Timbre,Hot Dreams,,
2026-09-13,70,Talk to Me Nice (Tinashe),,Tinashe,Talk to Me Nice,,,Tinashe,Talk to Me Nice,,
2026-09-13,100,Unravel (TK From Ling Tosite Sigure),,TK From Ling Tosite Sigure,Unravel,,,TK From Ling Tosite Sigure,Unravel,,
2026-09-13,70,Creep (TLC),,TLC,Creep,,,TLC,Creep,,
2026-09-13,60,New Sentimentality (toe),,toe,New Sentimentality,,,toe,New Sentimentality,,
2026-09-13,70,Bodys (Will Toledo),,Will Toledo,Bodys,,,Will Toledo,Bodys,,
2026-09-13,70,Something Soon (Will Toledo),,Will Toledo,Something Soon,,,Will Toledo,Something Soon,,
2026-09-13,80,♥Lonely in Gorgeous♥ (Tommy february6),,Tommy february6,♥Lonely in Gorgeous♥,,,Tommy february6,♥Lonely in Gorgeous♥,,
2026-09-13,70,꿈의 장: Eternity (TOMORROW X TOGETHER),,TOMORROW X TOGETHER,꿈의 장: Eternity,,,TOMORROW X TOGETHER,꿈의 장: Eternity,,
2026-09-13,60,Fairytales (Radka Toneff & Steve Dobrogosz),,Radka Toneff & Steve Dobrogosz,Fairytales,,,Radka Toneff & Steve Dobrogosz,Fairytales,,
2026-09-13,60,Keine Macht für Niemand (Ton Steine Scherben),,Ton Steine Scherben,Keine Macht für Niemand,,,Ton Steine Scherben,Keine Macht für Niemand,,
2026-09-13,70,Parabola (Tool),,Tool,Parabola,,,Tool,Parabola,,
2026-09-13,70,Stinkfist (Tool),,Tool,Stinkfist,,,Tool,Stinkfist,,
2026-09-13,40,Alle dagen dorst / Ben jij ook zo bang? (Toontje Lager),,Toontje Lager,Alle dagen dorst / Ben jij ook zo bang?,,,Toontje Lager,Alle dagen dorst / Ben jij ook zo bang?,,
2026-09-13,70,54-46 / Pressure Drop (Toots & The Maytals),,Toots & The Maytals,54-46 / Pressure Drop,,,Toots & The Maytals,54-46 / Pressure Drop,,
2026-09-13,60,Telstar / Jungle Fever (The Tornados),,The Tornados,Telstar / Jungle Fever,,,The Tornados,Telstar / Jungle Fever,,
2026-09-13,90,Africa / We Made It (Toto),,Toto,Africa / We Made It,,,Toto,Africa / We Made It,,
2026-09-13,70,Hold the Line / Takin' It Back (Toto),,Toto,Hold the Line / Takin' It Back,,,Toto,Hold the Line / Takin' It Back,,
2026-09-13,70,Tower of Power,,Tower of Power,Tower of Power,,,Tower of Power,Tower of Power,,
2026-09-13,60,Addicted (The Devin Townsend Project),,The Devin Townsend Project,Addicted,,,The Devin Townsend Project,Addicted,,
2026-09-13,70,Drops of Jupiter (Tell Me) (Train),,Train,Drops of Jupiter (Tell Me),,,Train,Drops of Jupiter (Tell Me),,
2026-09-13,30,Play That Song (Train),,Train,Play That Song,,,Train,Play That Song,,
2026-09-13,40,All About That Bass (Meghan Trainor),,Meghan Trainor,All About That Bass,,,Meghan Trainor,All About That Bass,,
2026-09-13,40,Lips Are Movin (Meghan Trainor),,Meghan Trainor,Lips Are Movin,,,Meghan Trainor,Lips Are Movin,,
2026-09-13,10,Made You Look (Meghan Trainor),,Meghan Trainor,Made You Look,,,Meghan Trainor,Made You Look,,
2026-09-13,40,Me Too (Meghan Trainor),,Meghan Trainor,Me Too,,,Meghan Trainor,Me Too,,
2026-09-13,20,Mother (Meghan Trainor),,Meghan Trainor,Mother,,,Meghan Trainor,Mother,,
2026-09-13,20,I'd Rather Die (Tramp Stamps),,Tramp Stamps,I'd Rather Die,,,Tramp Stamps,I'd Rather Die,,
2026-09-13,20,We Got Drunk and Made an EP (Tramp Stamps),,Tramp Stamps,We Got Drunk and Made an EP,,,Tramp Stamps,We Got Drunk and Made an EP,,
2026-09-13,50,Obscurity Knocks E.P. (The Trash Can Sinatras),,The Trash Can Sinatras,Obscurity Knocks E.P.,,,The Trash Can Sinatras,Obscurity Knocks E.P.,,
2026-09-13,70,La espada & la pared (Los Tres),,Los Tres,La espada & la pared,,,Los Tres,La espada & la pared,,
2026-09-13,70,Get It On / There Was a Time / Raw Ramp (T. Rex),,T. Rex,Get It On / There Was a Time / Raw Ramp,,,T. Rex,Get It On / There Was a Time / Raw Ramp,,
2026-09-13,70,Overcome (Tricky),,Tricky,Overcome,,,Tricky,Overcome,,
2026-09-13,70,Calenture (The Triffids),,The Triffids,Calenture,,,The Triffids,Calenture,,
2026-09-13,70,ↀ (tripleS / LOVElution),,tripleS / LOVElution,ↀ,,,tripleS / LOVElution,ↀ,,
2026-09-13,70,You Let My Tyres Down / Back to the Wall (Tropical Fuck Storm),,Tropical Fuck Storm,You Let My Tyres Down / Back to the Wall,,,Tropical Fuck Storm,You Let My Tyres Down / Back to the Wall,,
2026-09-13,40,"Sanctus (Bande Originale du Film ""If..."") (Les Troubadours du Roi Baudouin)",,Les Troubadours du Roi Baudouin,"Sanctus (Bande Originale du Film ""If..."")",,,Les Troubadours du Roi Baudouin,"Sanctus (Bande Originale du Film ""If..."")",,
2026-09-13,80,Breaking Free (Troy and Gabriella),,Troy and Gabriella,Breaking Free,,,Troy and Gabriella,Breaking Free,,
2026-09-13,70,"More, More, More / More, More, More Part II (The Andrea True Connection)",,The Andrea True Connection,"More, More, More / More, More, More Part II",,,The Andrea True Connection,"More, More, More / More, More, More Part II",,
2026-09-13,70,Are 'Friends' Electric? / We Are So Fragile (Tubeway Army),,Tubeway Army,Are 'Friends' Electric? / We Are So Fragile,,,Tubeway Army,Are 'Friends' Electric? / We Are So Fragile,,
2026-09-13,60,Some of These Days (Sophie Tucker),,Sophie Tucker,Some of These Days,,,Sophie Tucker,Some of These Days,,
2026-09-13,70,Kerosene! (Yves Tumor),,Yves Tumor,Kerosene!,,,Yves Tumor,Kerosene!,,
2026-09-13,20,Taio / Vanavana (Palu Tupou & Veiongo Fakaua),,Palu Tupou & Veiongo Fakaua,Taio / Vanavana,,,Palu Tupou & Veiongo Fakaua,Taio / Vanavana,,
2026-09-13,70,Private Dancer (Tina Turner),,Tina Turner,Private Dancer,,,Tina Turner,Private Dancer,,
2026-09-13,70,Wolf Like Me (TV on the Radio),,TV on the Radio,Wolf Like Me,,,TV on the Radio,Wolf Like Me,,
2026-09-13,80,Heathens / Trees (Livestream Version) (Twenty One Pilots),,Twenty One Pilots,Heathens / Trees (Livestream Version),,,Twenty One Pilots,Heathens / Trees (Livestream Version),,
2026-09-13,70,Morph (Twenty One Pilots),,Twenty One Pilots,Morph,,,Twenty One Pilots,Morph,,
2026-09-13,70,Next Semester (Twenty One Pilots),,Twenty One Pilots,Next Semester,,,Twenty One Pilots,Next Semester,,
2026-09-13,70,Shy Away (Twenty One Pilots),,Twenty One Pilots,Shy Away,,,Twenty One Pilots,Shy Away,,
2026-09-13,70,Doughnut (TWICE),,TWICE,Doughnut,,,TWICE,Doughnut,,
2026-09-13,70,Takedown (TWICE / HUNTR/X),,TWICE / HUNTR/X,Takedown,,,TWICE / HUNTR/X,Takedown,,
2026-09-13,60,Five Seconds (Twin Shadow),,Twin Shadow,Five Seconds,,,Twin Shadow,Five Seconds,,
2026-09-13,70,すべては許されている (Twin Tail),,Twin Tail,すべては許されている,,,Twin Tail,すべては許されている,,
2026-09-13,60,Home (Two Shell),,Two Shell,Home,,,Two Shell,Home,,
2026-09-13,70,Together Through Time (TWRP),,TWRP,Together Through Time,,,TWRP,Together Through Time,,
2026-09-13,80,Total Eclipse of the Heart / Take Me Back (Bonnie Tyler),,Bonnie Tyler,Total Eclipse of the Heart / Take Me Back,,,Bonnie Tyler,Total Eclipse of the Heart / Take Me Back,,
2026-09-13,70,I Don't Wanna Be Me (Type O Negative),,Type O Negative,I Don't Wanna Be Me,,,Type O Negative,I Don't Wanna Be Me,,
2026-09-13,60,"Out of the Blue (""Blue"" Gene Tyranny)",,"""Blue"" Gene Tyranny",Out of the Blue,,,"""Blue"" Gene Tyranny",Out of the Blue,,
2026-09-13,70,New Year's Day / Treasure (Whatever Happened to Pete the Chop) (U2),,U2,New Year's Day / Treasure (Whatever Happened to Pete the Chop),,,U2,New Year's Day / Treasure (Whatever Happened to Pete the Chop),,
2026-09-13,70,After the Storm (Kali Uchis),,Kali Uchis,After the Storm,,,Kali Uchis,After the Storm,,
2026-09-13,70,I Wish You Roses (Kali Uchis),,Kali Uchis,I Wish You Roses,,,Kali Uchis,I Wish You Roses,,
2026-09-13,70,Moonlight (Kali Uchis),,Kali Uchis,Moonlight,,,Kali Uchis,Moonlight,,
2026-09-13,70,Tyrant (Kali Uchis),,Kali Uchis,Tyrant,,,Kali Uchis,Tyrant,,
2026-09-13,70,Vienna / Passionate Reply (Ultravox),,Ultravox,Vienna / Passionate Reply,,,Ultravox,Vienna / Passionate Reply,,
2026-09-13,60,Girlfriend (Ulzzang Pistol),,Ulzzang Pistol,Girlfriend,,,Ulzzang Pistol,Girlfriend,,
2026-09-13,70,Teenage Kicks / True Confessions (The Undertones),,The Undertones,Teenage Kicks / True Confessions,,,The Undertones,Teenage Kicks / True Confessions,,
2026-09-13,70,Born Slippy (Underworld),,Underworld,Born Slippy,,,Underworld,Born Slippy,,
2026-09-13,60,Born Slippy .NUXX (Underworld),,Underworld,Born Slippy .NUXX,,,Underworld,Born Slippy .NUXX,,
2026-09-13,50,Dark & Long (Underworld),,Underworld,Dark & Long,,,Underworld,Dark & Long,,
2026-09-13,60,Scribble (Underworld),,Underworld,Scribble,,,Underworld,Scribble,,
2026-09-13,60,Teatime Dub Encounters (Underworld & Iggy Pop),,Underworld & Iggy Pop,Teatime Dub Encounters,,,Underworld & Iggy Pop,Teatime Dub Encounters,,
2026-09-13,60,Rabbit in Your Headlights (UNKLE),,UNKLE,Rabbit in Your Headlights,,,UNKLE,Rabbit in Your Headlights,,
2026-09-13,50,აფხაზური (Apkhazuri) ([unknown artist]),,[unknown artist],აფხაზური (Apkhazuri),,,[unknown artist],აფხაზური (Apkhazuri),,
2026-09-13,70,Crush - Boyfriend - Heartbreak (The Unlovables),,The Unlovables,Crush - Boyfriend - Heartbreak,,,The Unlovables,Crush - Boyfriend - Heartbreak,,
2026-09-13,80,Corpse Pose / Everything Is Weird (Unwound),,Unwound,Corpse Pose / Everything Is Weird,,,Unwound,Corpse Pose / Everything Is Weird,,
2026-09-13,40,We Are the World / Grace (USA for Africa),,USA for Africa,We Are the World / Grace,,,USA for Africa,We Are the World / Grace,,
2026-09-13,70,4 American Dollars (U.S. Girls),,U.S. Girls,4 American Dollars,,,U.S. Girls,4 American Dollars,,
2026-09-13,70,Climax (Usher),,Usher,Climax,,,Usher,Climax,,
2026-09-13,50,Semper fidelis (U.S. Marine Band),,U.S. Marine Band,Semper fidelis,,,U.S. Marine Band,Semper fidelis,,
2026-09-13,70,Sanctuary (Utada),,Utada,Sanctuary,,,Utada,Sanctuary,,
2026-09-13,70,State of Mind (Holly Valance),,Holly Valance,State of Mind,,,Holly Valance,State of Mind,,
2026-09-13,70,Mary Boone (Vampire Weekend),,Vampire Weekend,Mary Boone,,,Vampire Weekend,Mary Boone,,
2026-09-13,70,Step (Vampire Weekend),,Vampire Weekend,Step,,,Vampire Weekend,Step,,
2026-09-13,70,Like I Used To (Sharon Van Etten & Angel Olsen),,Sharon Van Etten & Angel Olsen,Like I Used To,,,Sharon Van Etten & Angel Olsen,Like I Used To,,
2026-09-13,80,Blade Runner (Vangelis),,Vangelis,Blade Runner,,,Vangelis,Blade Runner,,
2026-09-13,70,Ain't Talkin' 'Bout Love / Feel Your Love Tonight (Van Halen),,Van Halen,Ain't Talkin' 'Bout Love / Feel Your Love Tonight,,,Van Halen,Ain't Talkin' 'Bout Love / Feel Your Love Tonight,,
2026-09-13,70,Turning Japanese / Here Comes the Judge (The Vapors),,The Vapors,Turning Japanese / Here Comes the Judge,,,The Vapors,Turning Japanese / Here Comes the Judge,,
2026-09-13,70,All by Myself Vol. 2 - 18 of the Most Sensual Songs Ever Recorded (Various Artists),,Various Artists,All by Myself Vol. 2 - 18 of the Most Sensual Songs Ever Recorded,,,Various Artists,All by Myself Vol. 2 - 18 of the Most Sensual Songs Ever Recorded,,
2026-09-13,70,Intouchables (Various Artists),,Various Artists,Intouchables,,,Various Artists,Intouchables,,
2026-09-13,90,Mikgazer Vol.1 (Various Artists),,Various Artists,Mikgazer Vol.1,,,Various Artists,Mikgazer Vol.1,,
2026-09-13,70,One of These Nights / (I Believe) There's Nothing Stronger Than Our Love / I Don't Love You But I Think I Like You / Listen to What the Man Said (Various Artists),,Various Artists,One of These Nights / (I Believe) There's Nothing Stronger Than Our Love / I Don't Love You But I Think I Like You / Listen to What the Man Said,,,Various Artists,One of These Nights / (I Believe) There's Nothing Stronger Than Our Love / I Don't Love You But I Think I Like You / Listen to What the Man Said,,
2026-09-13,70,postgazer (Various Artists),,Various Artists,postgazer,,,Various Artists,postgazer,,
2026-09-13,60,Rembetika: Songs of the Greek Underground 1925-1947 (Various Artists),,Various Artists,Rembetika: Songs of the Greek Underground 1925-1947,,,Various Artists,Rembetika: Songs of the Greek Underground 1925-1947,,
2026-09-13,50,The Essence of Swedish Progressive Music 1967-1979: Pregnant Rainbows for Colourblind Dreamers (Various Artists),,Various Artists,The Essence of Swedish Progressive Music 1967-1979: Pregnant Rainbows for Colourblind Dreamers,,,Various Artists,The Essence of Swedish Progressive Music 1967-1979: Pregnant Rainbows for Colourblind Dreamers,,
2026-09-13,70,The Greatest Showman (Various Artists),,Various Artists,The Greatest Showman,,,Various Artists,The Greatest Showman,,
2026-09-13,80,The In-Kraut: Hip Shaking Grooves Made in Germany 1966-1974 (Various Artists),,Various Artists,The In-Kraut: Hip Shaking Grooves Made in Germany 1966-1974,,,Various Artists,The In-Kraut: Hip Shaking Grooves Made in Germany 1966-1974,,
2026-09-13,60,Ludlow Street (Suzanne Vega),,Suzanne Vega,Ludlow Street,,,Suzanne Vega,Ludlow Street,,
2026-09-13,80,Tom's Diner / Left of Center (Suzanne Vega),,Suzanne Vega,Tom's Diner / Left of Center,,,Suzanne Vega,Tom's Diner / Left of Center,,
2026-09-13,60,Venus in Furs / All Tomorrow's Parties (The Velvet Underground),,The Velvet Underground,Venus in Furs / All Tomorrow's Parties,,,The Velvet Underground,Venus in Furs / All Tomorrow's Parties,,
2026-09-13,60,Sunday Morning / Femme Fatale (The Velvet Underground & Nico),,The Velvet Underground & Nico,Sunday Morning / Femme Fatale,,,The Velvet Underground & Nico,Sunday Morning / Femme Fatale,,
2026-09-13,60,The Velvet Underground & Nico,,The Velvet Underground & Nico,The Velvet Underground & Nico,,,The Velvet Underground & Nico,The Velvet Underground & Nico,,
2026-09-13,70,Untouched (The Veronicas),,The Veronicas,Untouched,,,The Veronicas,Untouched,,
2026-09-13,50,Torna! / Passione (Michelangelo Verso),,Michelangelo Verso,Torna! / Passione,,,Michelangelo Verso,Torna! / Passione,,
2026-09-13,70,Bitter Sweet Symphony (The Verve),,The Verve,Bitter Sweet Symphony,,,The Verve,Bitter Sweet Symphony,,
2026-09-13,70,Ain't No Thief (Viagra Boys),,Viagra Boys,Ain't No Thief,,,Viagra Boys,Ain't No Thief,,
2026-09-13,70,Moment (Vierre Cloud),,Vierre Cloud,Moment,,,Vierre Cloud,Moment,,
2026-09-13,70,Mumble Rapper vs. Lyricist (Vin Jay),,Vin Jay,Mumble Rapper vs. Lyricist,,,Vin Jay,Mumble Rapper vs. Lyricist,,
2026-09-13,70,Gone Daddy Gone / Add It Up / Jesus Walking on the Water (Violent Femmes),,Violent Femmes,Gone Daddy Gone / Add It Up / Jesus Walking on the Water,,,Violent Femmes,Gone Daddy Gone / Add It Up / Jesus Walking on the Water,,
2026-09-13,60,Angel Voices (Virtual Self),,Virtual Self,Angel Voices,,,Virtual Self,Angel Voices,,
2026-09-13,70,Fade to Grey / The Steps (Visage),,Visage,Fade to Grey / The Steps,,,Visage,Fade to Grey / The Steps,,
2026-09-13,80,Doc Holliday / Lonesome Rider (Volbeat),,Volbeat,Doc Holliday / Lonesome Rider,,,Volbeat,Doc Holliday / Lonesome Rider,,
2026-09-13,70,I Think About You (Heiko Voss),,Heiko Voss,I Think About You,,,Heiko Voss,I Think About You,,
2026-09-13,50,Raised by Wolves (Voxtrot),,Voxtrot,Raised by Wolves,,,Voxtrot,Raised by Wolves,,
2026-09-13,70,Antonymph (Vylet Pony),,Vylet Pony,Antonymph,,,Vylet Pony,Antonymph,,
2026-09-13,70,"Carousel (An Examination of the Shadow, Creekflow, and Its Life as an Afterthought) (Vylet Pony)",,Vylet Pony,"Carousel (An Examination of the Shadow, Creekflow, and Its Life as an Afterthought)",,,Vylet Pony,"Carousel (An Examination of the Shadow, Creekflow, and Its Life as an Afterthought)",,
2026-09-13,70,The Yak Song (Vylet Pony),,Vylet Pony,The Yak Song,,,Vylet Pony,The Yak Song,,
2026-09-13,60,Alice (Tom Waits),,Tom Waits,Alice,,,Tom Waits,Alice,,
2026-09-13,70,Bad as Me (Tom Waits),,Tom Waits,Bad as Me,,,Tom Waits,Bad as Me,,
2026-09-13,70,Downtown Train / Tango Till They're Sore (Tom Waits),,Tom Waits,Downtown Train / Tango Till They're Sore,,,Tom Waits,Downtown Train / Tango Till They're Sore,,
2026-09-13,70,Goin' Out West (Tom Waits),,Tom Waits,Goin' Out West,,,Tom Waits,Goin' Out West,,
2026-09-13,80,Heartattack and Vine (Tom Waits),,Tom Waits,Heartattack and Vine,,,Tom Waits,Heartattack and Vine,,
2026-09-13,60,I Don't Wanna Grow Up (Tom Waits),,Tom Waits,I Don't Wanna Grow Up,,,Tom Waits,I Don't Wanna Grow Up,,
2026-09-13,60,Wer schmeißt denn da mit Lehm (Claire Waldoff),,Claire Waldoff,Wer schmeißt denn da mit Lehm,,,Claire Waldoff,Wer schmeißt denn da mit Lehm,,
2026-09-13,70,Darkside (Alan Walker),,Alan Walker,Darkside,,,Alan Walker,Darkside,,
2026-09-13,70,I'm Waiting for Your Call / That's Better for Me (T-Bone Walker),,T-Bone Walker,I'm Waiting for Your Call / That's Better for Me,,,T-Bone Walker,I'm Waiting for Your Call / That's Better for Me,,
2026-09-13,20,Nostalgia Critic's The Wall (Doug Walker & Rob Scallon),,Doug Walker & Rob Scallon,Nostalgia Critic's The Wall,,,Doug Walker & Rob Scallon,Nostalgia Critic's The Wall,,
2026-09-13,70,Shutout E.P. (The Walker Brothers),,The Walker Brothers,Shutout E.P.,,,The Walker Brothers,Shutout E.P.,,
2026-09-13,70,The Electrician / Den Haague (The Walker Brothers),,The Walker Brothers,The Electrician / Den Haague,,,The Walker Brothers,The Electrician / Den Haague,,
2026-09-13,70,The Rat (The Walkmen),,The Walkmen,The Rat,,,The Walkmen,The Rat,,
2026-09-13,70,Walk the Moon,,Walk the Moon,Walk the Moon,,,Walk the Moon,Walk the Moon,,
2026-09-13,60,Jai Ho (Alaa Wardi & Peter Hollens),,Alaa Wardi & Peter Hollens,Jai Ho,,,Alaa Wardi & Peter Hollens,Jai Ho,,
2026-09-13,70,Begin Again (Jessie Ware),,Jessie Ware,Begin Again,,,Jessie Ware,Begin Again,,
2026-09-13,70,Remember Where You Are (Jessie Ware),,Jessie Ware,Remember Where You Are,,,Jessie Ware,Remember Where You Are,,
2026-09-13,70,What's Your Pleasure? (Jessie Ware),,Jessie Ware,What's Your Pleasure?,,,Jessie Ware,What's Your Pleasure?,,
2026-09-13,70,Red Eyes (The War on Drugs),,The War on Drugs,Red Eyes,,,The War on Drugs,Red Eyes,,
2026-09-13,70,Thinking of a Place (The War on Drugs),,The War on Drugs,Thinking of a Place,,,The War on Drugs,Thinking of a Place,,
2026-09-13,60,Feel It All Around (Washed Out),,Washed Out,Feel It All Around,,,Washed Out,Feel It All Around,,
2026-09-13,60,Sunday Best (Washington),,Washington,Sunday Best,,,Washington,Sunday Best,,
2026-09-13,80,Prologue (Kamasi Washington),,Kamasi Washington,Prologue,,,Kamasi Washington,Prologue,,
2026-09-13,70,Truth (Kamasi Washington),,Kamasi Washington,Truth,,,Kamasi Washington,Truth,,
2026-09-13,80,"Just the Two of Us / Make Me a Memory (Sad Samba) (Grover Washington, Jr.)",,"Grover Washington, Jr.",Just the Two of Us / Make Me a Memory (Sad Samba),,,"Grover Washington, Jr.",Just the Two of Us / Make Me a Memory (Sad Samba),,
2026-09-13,70,The Whole of the Moon / Medicine Jack (The Waterboys),,The Waterboys,The Whole of the Moon / Medicine Jack,,,The Waterboys,The Whole of the Moon / Medicine Jack,,
2026-09-13,70,Midnight Lounge (Jody Watley),,Jody Watley,Midnight Lounge,,,Jody Watley,Midnight Lounge,,
2026-09-13,70,Robber (The Weather Station),,The Weather Station,Robber,,,The Weather Station,Robber,,
2026-09-13,70,A-Tisket A-Tasket / Liza (All the Clouds'll Roll Away) (Chick Webb and His Orchestra),,Chick Webb and His Orchestra,A-Tisket A-Tasket / Liza (All the Clouds'll Roll Away),,,Chick Webb and His Orchestra,A-Tisket A-Tasket / Liza (All the Clouds'll Roll Away),,
2026-09-13,80,After Hours (The Weeknd),,The Weeknd,After Hours,,,The Weeknd,After Hours,,
2026-09-13,80,Can't Feel My Face (The Weeknd),,The Weeknd,Can't Feel My Face,,,The Weeknd,Can't Feel My Face,,
2026-09-13,70,House of Balloons (The Weeknd),,The Weeknd,House of Balloons,,,The Weeknd,House of Balloons,,
2026-09-13,80,I Feel It Coming (The Weeknd),,The Weeknd,I Feel It Coming,,,The Weeknd,I Feel It Coming,,
2026-09-13,70,Open Hearts (The Weeknd),,The Weeknd,Open Hearts,,,The Weeknd,Open Hearts,,
2026-09-13,80,Out of Time (The Weeknd),,The Weeknd,Out of Time,,,The Weeknd,Out of Time,,
2026-09-13,70,Starboy (The Weeknd),,The Weeknd,Starboy,,,The Weeknd,Starboy,,
2026-09-13,90,Take My Breath (Extended Version) (The Weeknd),,The Weeknd,Take My Breath (Extended Version),,,The Weeknd,Take My Breath (Extended Version),,
2026-09-13,80,The Hills (The Weeknd),,The Weeknd,The Hills,,,The Weeknd,The Hills,,
2026-09-13,70,What You Need (The Weeknd),,The Weeknd,What You Need,,,The Weeknd,What You Need,,
2026-09-13,70,Wicked Games (The Weeknd),,The Weeknd,Wicked Games,,,The Weeknd,Wicked Games,,
2026-09-13,70,Ocean Man (Ween),,Ween,Ocean Man,,,Ween,Ocean Man,,
2026-09-13,70,Transdermal Celebration (Ween),,Ween,Transdermal Celebration,,,Ween,Transdermal Celebration,,
2026-09-13,70,Tried and True / Mountains and Buffalo (Ween),,Ween,Tried and True / Mountains and Buffalo,,,Ween,Tried and True / Mountains and Buffalo,,
2026-09-13,70,Say It Ain't So (Weezer),,Weezer,Say It Ain't So,,,Weezer,Say It Ain't So,,
2026-09-13,70,Weezer,,Weezer,Weezer,,,Weezer,Weezer,,
2026-09-13,50,Heart Stop (Weiland),,Weiland,Heart Stop,,,Weiland,Heart Stop,,
2026-09-13,70,Damn Right I Am Somebody (Fred Wesley and the J.B.'s),,Fred Wesley and the J.B.'s,Damn Right I Am Somebody,,,Fred Wesley and the J.B.'s,Damn Right I Am Somebody,,
2026-09-13,50,Blood on the Leaves (Kanye West),,Kanye West,Blood on the Leaves,,,Kanye West,Blood on the Leaves,,
2026-09-13,60,Diamonds (Sierra Leone) (Remix) (Kanye West),,Kanye West,Diamonds (Sierra Leone) (Remix),,,Kanye West,Diamonds (Sierra Leone) (Remix),,
2026-09-13,70,Gold Digger (Kanye West),,Kanye West,Gold Digger,,,Kanye West,Gold Digger,,
2026-09-13,50,Say You Will (Kanye West),,Kanye West,Say You Will,,,Kanye West,Say You Will,,
2026-09-13,80,Stronger (Kanye West),,Kanye West,Stronger,,,Kanye West,Stronger,,
2026-09-13,70,Wet Dream (Wet Leg),,Wet Leg,Wet Dream,,,Wet Leg,Wet Dream,,
2026-09-13,70,Andromeda (Weyes Blood),,Weyes Blood,Andromeda,,,Weyes Blood,Andromeda,,
2026-09-13,70,Everyday (Weyes Blood),,Weyes Blood,Everyday,,,Weyes Blood,Everyday,,
2026-09-13,70,Titanic Rising (Weyes Blood),,Weyes Blood,Titanic Rising,,,Weyes Blood,Titanic Rising,,
2026-09-13,70,The Promise / Tonight (When in Rome),,When in Rome,The Promise / Tonight,,,When in Rome,The Promise / Tonight,,
2026-09-13,60,Heartworm (Whipping Boy),,Whipping Boy,Heartworm,,,Whipping Boy,Heartworm,,
2026-09-13,30,Wriggle Like a Fucking Eel (Whitehouse),,Whitehouse,Wriggle Like a Fucking Eel,,,Whitehouse,Wriggle Like a Fucking Eel,,
2026-09-13,70,Rhapsody in Blue (Parts 1 & 2) (Paul Whiteman and His Concert Orchestra / George Gershwin),,Paul Whiteman and His Concert Orchestra / George Gershwin,Rhapsody in Blue (Parts 1 & 2),,,Paul Whiteman and His Concert Orchestra / George Gershwin,Rhapsody in Blue (Parts 1 & 2),,
2026-09-13,80,7 Nation Army (The White Stripes),,The White Stripes,7 Nation Army,,,The White Stripes,7 Nation Army,,
2026-09-13,70,Fell in Love With a Girl / I Just Don't Know What to Do With Myself (The White Stripes),,The White Stripes,Fell in Love With a Girl / I Just Don't Know What to Do With Myself,,,The White Stripes,Fell in Love With a Girl / I Just Don't Know What to Do With Myself,,
2026-09-13,70,Your Woman (White Town),,White Town,Your Woman,,,White Town,Your Woman,,
2026-09-13,60,Beach Walk (Whitewoods),,Whitewoods,Beach Walk,,,Whitewoods,Beach Walk,,
2026-09-13,70,Baba O'Riley / I Can't Explain (The Who),,The Who,Baba O'Riley / I Can't Explain,,,The Who,Baba O'Riley / I Can't Explain,,
2026-09-13,80,Symphonie Nr.5 (Wiener Philharmoniker / Carlos Kleiber),,Wiener Philharmoniker / Carlos Kleiber,Symphonie Nr.5,,,Wiener Philharmoniker / Carlos Kleiber,Symphonie Nr.5,,
2026-09-13,60,"Jesus, etc. (Wilco)",,Wilco,"Jesus, etc.",,,Wilco,"Jesus, etc.",,
2026-09-13,70,Wanderlust (Wild Beasts),,Wild Beasts,Wanderlust,,,Wild Beasts,Wanderlust,,
2026-09-13,70,Last Kind Words Blues / Skinny Leg Blues (Geeshie Wiley),,Geeshie Wiley,Last Kind Words Blues / Skinny Leg Blues,,,Geeshie Wiley,Last Kind Words Blues / Skinny Leg Blues,,
2026-09-13,50,Nobody (Bert Williams),,Bert Williams,Nobody,,,Bert Williams,Nobody,,
2026-09-13,80,Petals for Armor II (Hayley Williams),,Hayley Williams,Petals for Armor II,,,Hayley Williams,Petals for Armor II,,
2026-09-13,100,Duel of the Fates (John Williams),,John Williams,Duel of the Fates,,,John Williams,Duel of the Fates,,
2026-09-13,70,Frontin' (Pharrell Williams),,Pharrell Williams,Frontin',,,Pharrell Williams,Frontin',,
2026-09-13,70,Feel (Robbie Williams),,Robbie Williams,Feel,,,Robbie Williams,Feel,,
2026-09-13,60,You're Gonna Change (Or I'm Gonna Leave) / Lost Highway (Hank Williams with His Drifting Cowboys),,Hank Williams with His Drifting Cowboys,You're Gonna Change (Or I'm Gonna Leave) / Lost Highway,,,Hank Williams with His Drifting Cowboys,You're Gonna Change (Or I'm Gonna Leave) / Lost Highway,,
2026-09-13,70,<CopingMechanism> (WILLOW),,WILLOW,<CopingMechanism>,,,WILLOW,<CopingMechanism>,,
2026-09-13,70,<maybe> it's my fault (WILLOW),,WILLOW,<maybe> it's my fault,,,WILLOW,<maybe> it's my fault,,
2026-09-13,60,Pacific Ocean Blue (Dennis Wilson),,Dennis Wilson,Pacific Ocean Blue,,,Dennis Wilson,Pacific Ocean Blue,,
2026-09-13,70,Back to Black (Amy Winehouse),,Amy Winehouse,Back to Black,,,Amy Winehouse,Back to Black,,
2026-09-13,60,Youth of America (Wipers),,Wipers,Youth of America,,,Wipers,Youth of America,,
2026-09-13,60,Outdoor Miner / Practice Makes Perfect (Wire),,Wire,Outdoor Miner / Practice Makes Perfect,,,Wire,Outdoor Miner / Practice Makes Perfect,,
2026-09-13,70,Talking Universe / Evil Woman (Witch),,Witch,Talking Universe / Evil Woman,,,Witch,Talking Universe / Evil Woman,,
2026-09-13,70,Grimorium Verum (Witchfyre),,Witchfyre,Grimorium Verum,,,Witchfyre,Grimorium Verum,,
2026-09-13,80,Ain't No Sunshine / Moanin' and Groanin' (Bill Withers),,Bill Withers,Ain't No Sunshine / Moanin' and Groanin',,,Bill Withers,Ain't No Sunshine / Moanin' and Groanin',,
2026-09-13,70,Harlem / Ain't No Sunshine (Bill Withers),,Bill Withers,Harlem / Ain't No Sunshine,,,Bill Withers,Harlem / Ain't No Sunshine,,
2026-09-13,70,My Attitude (WJSN THE BLACK),,WJSN THE BLACK,My Attitude,,,WJSN THE BLACK,My Attitude,,
2026-09-13,70,Cinderella (Remi Wolf),,Remi Wolf,Cinderella,,,Remi Wolf,Cinderella,,
2026-09-13,70,Don't Delete the Kisses (Wolf Alice),,Wolf Alice,Don't Delete the Kisses,,,Wolf Alice,Don't Delete the Kisses,,
2026-09-13,20,High on My Own Supply (Wolfmother),,Wolfmother,High on My Own Supply,,,Wolfmother,High on My Own Supply,,
2026-09-13,70,Eyesore (Women),,Women,Eyesore,,,Women,Eyesore,,
2026-09-13,50,As / Contusion (Stevie Wonder),,Stevie Wonder,As / Contusion,,,Stevie Wonder,As / Contusion,,
2026-09-13,70,Sir Duke / He's Misstra Know-It-All (Stevie Wonder),,Stevie Wonder,Sir Duke / He's Misstra Know-It-All,,,Stevie Wonder,Sir Duke / He's Misstra Know-It-All,,
2026-09-13,80,Songs in the Key of Life (Stevie Wonder),,Stevie Wonder,Songs in the Key of Life,,,Stevie Wonder,Songs in the Key of Life,,
2026-09-13,70,No Letting Go (Wayne Wonder),,Wayne Wonder,No Letting Go,,,Wayne Wonder,No Letting Go,,
2026-09-13,70,Why So Lonely (Wonder Girls),,Wonder Girls,Why So Lonely,,,Wonder Girls,Why So Lonely,,
2026-09-13,70,Divine Madness (Wondha Mountain),,Wondha Mountain,Divine Madness,,,Wondha Mountain,Divine Madness,,
2026-09-13,40,Quasineutrality (Wormed),,Wormed,Quasineutrality,,,Wormed,Quasineutrality,,
2026-09-13,70,Three Types of Reading Ambiguity (The Wrens / Beth Campbell),,The Wrens / Beth Campbell,Three Types of Reading Ambiguity,,,The Wrens / Beth Campbell,Three Types of Reading Ambiguity,,
2026-09-13,60,Rise Like a Phoenix (Conchita Wurst),,Conchita Wurst,Rise Like a Phoenix,,,Conchita Wurst,Rise Like a Phoenix,,
2026-09-13,80,Mount St. Helens Is About to Blow Up (Bill Wurtz),,Bill Wurtz,Mount St. Helens Is About to Blow Up,,,Bill Wurtz,Mount St. Helens Is About to Blow Up,,
2026-09-13,70,紅 (Kurenai) (X),,X,紅 (Kurenai),,,X,紅 (Kurenai),,
2026-09-13,70,A Bottle of Rum (Xiu Xiu & Liz Harris),,Xiu Xiu & Liz Harris,A Bottle of Rum,,,Xiu Xiu & Liz Harris,A Bottle of Rum,,
2026-09-13,90,Pagoda (Xomu & Amidst),,Xomu & Amidst,Pagoda,,,Xomu & Amidst,Pagoda,,
2026-09-13,60,Oh Bondage Up Yours! / I Am a Cliché (X-Ray Spex),,X-Ray Spex,Oh Bondage Up Yours! / I Am a Cliché,,,X-Ray Spex,Oh Bondage Up Yours! / I Am a Cliché,,
2026-09-13,70,Making Plans for Nigel / Bushman President / Pulsing Pulsing (XTC),,XTC,Making Plans for Nigel / Bushman President / Pulsing Pulsing,,,XTC,Making Plans for Nigel / Bushman President / Pulsing Pulsing,,
2026-09-13,20,King (XXXTENTACION),,XXXTENTACION,King,,,XXXTENTACION,King,,
2026-09-13,50,"Lalala (Remix) (Y2K, bbno$, Enrique Iglesias & Carly Rae Jepsen)",,"Y2K, bbno$, Enrique Iglesias & Carly Rae Jepsen",Lalala (Remix),,,"Y2K, bbno$, Enrique Iglesias & Carly Rae Jepsen",Lalala (Remix),,
2026-09-13,60,。✰302？ionwan2go✰。 (Yabujin),,Yabujin,。✰302？ionwan2go✰。,,,Yabujin,。✰302？ionwan2go✰。,,
2026-09-13,70,Chalice of Mind 守卫大门的鲸鱼。 (Yabujin),,Yabujin,Chalice of Mind 守卫大门的鲸鱼。,,,Yabujin,Chalice of Mind 守卫大门的鲸鱼。,,
2026-09-13,70,Flash Casanova (Yabujin),,Yabujin,Flash Casanova,,,Yabujin,Flash Casanova,,
2026-09-13,70,Only You / Situation (Yazoo),,Yazoo,Only You / Situation,,,Yazoo,Only You / Situation,,
2026-09-13,70,Wake Up (YBN Nahmir),,YBN Nahmir,Wake Up,,,YBN Nahmir,Wake Up,,
2026-09-13,100,Heads Will Roll (Yeah Yeah Yeahs),,Yeah Yeah Yeahs,Heads Will Roll,,,Yeah Yeah Yeahs,Heads Will Roll,,
2026-09-13,90,Heads Will Roll (A-Trak Remix) (Yeah Yeah Yeahs),,Yeah Yeah Yeahs,Heads Will Roll (A-Trak Remix),,,Yeah Yeah Yeahs,Heads Will Roll (A-Trak Remix),,
2026-09-13,60,Heads Will Roll (A-Trak Remix EP) (Yeah Yeah Yeahs),,Yeah Yeah Yeahs,Heads Will Roll (A-Trak Remix EP),,,Yeah Yeah Yeahs,Heads Will Roll (A-Trak Remix EP),,
2026-09-13,70,Maps (Yeah Yeah Yeahs),,Yeah Yeah Yeahs,Maps,,,Yeah Yeah Yeahs,Maps,,
2026-09-13,50,King (Years & Years),,Years & Years,King,,,Years & Years,King,,
2026-09-13,20,DJ Turn It Up (Yellow Claw),,Yellow Claw,DJ Turn It Up,,,Yellow Claw,DJ Turn It Up,,
2026-09-13,80,Behind the Mask / Yellow Magic (Tong Poo) (Yellow Magic Orchestra),,Yellow Magic Orchestra,Behind the Mask / Yellow Magic (Tong Poo),,,Yellow Magic Orchestra,Behind the Mask / Yellow Magic (Tong Poo),,
2026-09-13,70,Relayer (Yes),,Yes,Relayer,,,Yes,Relayer,,
2026-09-13,70,Roundabout / Long Distance Runaround (Yes),,Yes,Roundabout / Long Distance Runaround,,,Yes,Roundabout / Long Distance Runaround,,
2026-09-13,70,Don't Be So Hard on Your Own Beauty (yeule),,yeule,Don't Be So Hard on Your Own Beauty,,,yeule,Don't Be So Hard on Your Own Beauty,,
2026-09-13,60,Evangelic Girl Is a Gun (yeule),,yeule,Evangelic Girl Is a Gun,,,yeule,Evangelic Girl Is a Gun,,
2026-09-13,60,Pixel Affection (yeule),,yeule,Pixel Affection,,,yeule,Pixel Affection,,
2026-09-13,60,Pocky Boy (yeule),,yeule,Pocky Boy,,,yeule,Pocky Boy,,
2026-09-13,60,Pretty Bones (yeule),,yeule,Pretty Bones,,,yeule,Pretty Bones,,
2026-09-13,90,River Flows in You (Yiruma),,Yiruma,River Flows in You,,,Yiruma,River Flows in You,,
2026-09-13,70,We No Speak Americano (Yolanda Be Cool & DCUP),,Yolanda Be Cool & DCUP,We No Speak Americano,,,Yolanda Be Cool & DCUP,We No Speak Americano,,
2026-09-13,70,Autumn Sweater (Yo La Tengo),,Yo La Tengo,Autumn Sweater,,,Yo La Tengo,Autumn Sweater,,
2026-09-13,70,Suspirium (Thom Yorke),,Thom Yorke,Suspirium,,,Thom Yorke,Suspirium,,
2026-09-13,60,Unmade (Thom Yorke),,Thom Yorke,Unmade,,,Thom Yorke,Unmade,,
2026-09-13,70,Old Man / The Needle and the Damage Done (Neil Young),,Neil Young,Old Man / The Needle and the Damage Done,,,Neil Young,Old Man / The Needle and the Damage Done,,
2026-09-13,70,"Hey Hey, My My (Into the Black) / My My, Hey Hey (Out of the Blue) (Neil Young & Crazy Horse)",,Neil Young & Crazy Horse,"Hey Hey, My My (Into the Black) / My My, Hey Hey (Out of the Blue)",,,Neil Young & Crazy Horse,"Hey Hey, My My (Into the Black) / My My, Hey Hey (Out of the Blue)",,
2026-09-13,80,Bust a Move / Got More Rhymes (Young MC),,Young MC,Bust a Move / Got More Rhymes,,,Young MC,Bust a Move / Got More Rhymes,,
2026-09-13,10,Tig Ol' Bitties (Your Favorite Martian),,Your Favorite Martian,Tig Ol' Bitties,,,Your Favorite Martian,Tig Ol' Bitties,,
2026-09-13,10,Transphobic Techno (Bitch Got a Penis) (Your Favorite Martian),,Your Favorite Martian,Transphobic Techno (Bitch Got a Penis),,,Your Favorite Martian,Transphobic Techno (Bitch Got a Penis),,
2026-09-13,80,Tokyo Lights (YUKIKA),,YUKIKA,Tokyo Lights,,,YUKIKA,Tokyo Lights,,
2026-09-13,70,Blank Marquee (Yuna),,Yuna,Blank Marquee,,,Yuna,Blank Marquee,,
2026-09-13,70,Live Your Life (Yuna),,Yuna,Live Your Life,,,Yuna,Live Your Life,,
2026-09-13,70,Pink Youth (Yuna & Little Simz),,Yuna & Little Simz,Pink Youth,,,Yuna & Little Simz,Pink Youth,,
2026-09-13,70,Blue Plastic (Yung Lean),,Yung Lean,Blue Plastic,,,Yung Lean,Blue Plastic,,
2026-09-13,60,Boylife in EU (Yung Lean),,Yung Lean,Boylife in EU,,,Yung Lean,Boylife in EU,,
2026-09-13,80,鏡面の波 (YURiKA),,YURiKA,鏡面の波,,,YURiKA,鏡面の波,,
2026-09-13,70,Yves (LOONA / Yves),,LOONA / Yves,Yves,,,LOONA / Yves,Yves,,
2026-09-13,70,beauty&thebeat (LOONA yyxy),,LOONA yyxy,beauty&thebeat,,,LOONA yyxy,beauty&thebeat,,
2026-09-13,60,Ce qu'il me faut (Y-Zit),,Y-Zit,Ce qu'il me faut,,,Y-Zit,Ce qu'il me faut,,
2026-09-13,70,Peaches en Regalia (Frank Zappa),,Frank Zappa,Peaches en Regalia,,,Frank Zappa,Peaches en Regalia,,
2026-09-13,60,Pillowtalk (Zayn),,Zayn,Pillowtalk,,,Zayn,Pillowtalk,,
2026-09-13,50,I Don't Wanna Live Forever (Fifty Shades Darker) (Zayn & Taylor Swift),,Zayn & Taylor Swift,I Don't Wanna Live Forever (Fifty Shades Darker),,,Zayn & Taylor Swift,I Don't Wanna Live Forever (Fifty Shades Darker),,
2026-09-13,80,Rodéo / James Bond & Moi (Zazie),,Zazie,Rodéo / James Bond & Moi,,,Zazie,Rodéo / James Bond & Moi,,
2026-09-13,60,Tous des anges (Zazie),,Zazie,Tous des anges,,,Zazie,Tous des anges,,
2026-09-13,90,Spectrum (Zedd),,Zedd,Spectrum,,,Zedd,Spectrum,,
2026-09-13,80,Glorious (Måns Zelmerlöw),,Måns Zelmerlöw,Glorious,,,Måns Zelmerlöw,Glorious,,
2026-09-13,80,Destiny (Zero 7),,Zero 7,Destiny,,,Zero 7,Destiny,,
2026-09-13,70,Kung Fu Panda 3 (Hans Zimmer),,Hans Zimmer,Kung Fu Panda 3,,,Hans Zimmer,Kung Fu Panda 3,,
2026-09-13,70,Exhumed (Zola Jesus),,Zola Jesus,Exhumed,,,Zola Jesus,Exhumed,,
2026-09-13,70,Care of Cell 44 / Maybe After He's Gone (The Zombies),,The Zombies,Care of Cell 44 / Maybe After He's Gone,,,The Zombies,Care of Cell 44 / Maybe After He's Gone,,
2026-09-13,70,Out Getting Ribs / Has This Hit (Zoo Kid),,Zoo Kid,Out Getting Ribs / Has This Hit,,,Zoo Kid,Out Getting Ribs / Has This Hit,,
2026-09-13,70,"Прости меня, моя любовь (Zемфира)",,Zемфира,"Прости меня, моя любовь",,,Zемфира,"Прости меня, моя любовь",,
2026-09-13,70,Snow Halation (μ's),,μ's,Snow Halation,,,μ's,Snow Halation,,
2026-09-13,60,Fuego (Eleni Foureira),,Eleni Foureira,Fuego,,,Eleni Foureira,Fuego,,
2026-09-13,50,Сто лет одиночества (Yegor i Opizdenevshie),,Yegor i Opizdenevshie,Сто лет одиночества,,,Yegor i Opizdenevshie,Сто лет одиночества,,
2026-09-13,80,Lust Hero (Zamay),,Zamay,Lust Hero,,,Zamay,Lust Hero,,
2026-09-13,70,Последний герой (Kino),,Kino,Последний герой,,,Kino,Последний герой,,
2026-09-13,50,Бисер (Skryptonite),,Skryptonite,Бисер,,,Skryptonite,Бисер,,
2026-09-13,40,Стиль (Skryptonite),,Skryptonite,Стиль,,,Skryptonite,Стиль,,
2026-09-13,60,Дитя природы (Сэргэ),,Сэргэ,Дитя природы,,,Сэргэ,Дитя природы,,
2026-09-13,70,"I Am Very Glad, Because I'm Finally Returning Back Home (Trololo) (Eduard Khil)",,Eduard Khil,"I Am Very Glad, Because I'm Finally Returning Back Home (Trololo)",,,Eduard Khil,"I Am Very Glad, Because I'm Finally Returning Back Home (Trololo)",,
2026-09-13,60,Wenu Wenu (Omar Souleyman),,Omar Souleyman,Wenu Wenu,,,Omar Souleyman,Wenu Wenu,,
2026-09-13,70,Egypt Strut / Neveen (Salah Ragab),,Salah Ragab,Egypt Strut / Neveen,,,Salah Ragab,Egypt Strut / Neveen,,
2026-09-13,60,نحنا رجالك يا بشار (Rami Kaazour),,Rami Kaazour,نحنا رجالك يا بشار,,,Rami Kaazour,نحنا رجالك يا بشار,,
2026-09-13,60,"Éthiopiques 30: ""Mistakes on Purpose"" (Girma Bèyènè & Akalé Wubé)",,Girma Bèyènè & Akalé Wubé,"Éthiopiques 30: ""Mistakes on Purpose""",,,Girma Bèyènè & Akalé Wubé,"Éthiopiques 30: ""Mistakes on Purpose""",,
2026-09-13,70,ツイン・ピークスのテーマ (アンジェロ・バダラメンティ [Angelo Badalamenti]),,アンジェロ・バダラメンティ [Angelo Badalamenti],ツイン・ピークスのテーマ,,,アンジェロ・バダラメンティ [Angelo Badalamenti],ツイン・ピークスのテーマ,,
2026-09-13,70,ライディーン / コズミック・サーフィン (イエロー・マジック・オーケストラ [Yellow Magic Orchestra]),,イエロー・マジック・オーケストラ [Yellow Magic Orchestra],ライディーン / コズミック・サーフィン,,,イエロー・マジック・オーケストラ [Yellow Magic Orchestra],ライディーン / コズミック・サーフィン,,
2026-09-13,80,Hacking to the Gate (Kanako Ito),,Kanako Ito,Hacking to the Gate,,,Kanako Ito,Hacking to the Gate,,
2026-09-13,70,燦々 (Ayano Kaneko),,Ayano Kaneko,燦々,,,Ayano Kaneko,燦々,,
2026-09-13,40,きくおミク (Kikuo),,Kikuo,きくおミク,,,Kikuo,きくおミク,,
2026-09-13,80,ウッーウッーウマウマ(ﾟ∀ﾟ) (キャラメル),,キャラメル,ウッーウッーウマウマ(ﾟ∀ﾟ),,,キャラメル,ウッーウッーウマウマ(ﾟ∀ﾟ),,
2026-09-13,70,Pon Pon Pon (Kyary Pamyu Pamyu),,Kyary Pamyu Pamyu,Pon Pon Pon,,,Kyary Pamyu Pamyu,Pon Pon Pon,,
2026-09-13,70,嘆きの天使 / 嵐ヶ丘 (ケイト・ブッシュ [Kate Bush]),,ケイト・ブッシュ [Kate Bush],嘆きの天使 / 嵐ヶ丘,,,ケイト・ブッシュ [Kate Bush],嘆きの天使 / 嵐ヶ丘,,
2026-09-13,50,新世紀への運河 (Guernica),,Guernica,新世紀への運河,,,Guernica,新世紀への運河,,
2026-09-13,70,ロードランナー / パブロ・ピカソ (ザ・モダン・ラヴァーズ [The Modern Lovers]),,ザ・モダン・ラヴァーズ [The Modern Lovers],ロードランナー / パブロ・ピカソ,,,ザ・モダン・ラヴァーズ [The Modern Lovers],ロードランナー / パブロ・ピカソ,,
2026-09-13,60,"Good bye, Good girl. (Tentenko)",,Tentenko,"Good bye, Good girl.",,,Tentenko,"Good bye, Good girl.",,
2026-09-13,60,きけんなあなた (Tentenko),,Tentenko,きけんなあなた,,,Tentenko,きけんなあなた,,
2026-09-13,60,ヒート・ゴーズ・オン (ボーン・アンダー・パンチズ) / シティーズ (トーキング・ヘッズ [Talking Heads]),,トーキング・ヘッズ [Talking Heads],ヒート・ゴーズ・オン (ボーン・アンダー・パンチズ) / シティーズ,,,トーキング・ヘッズ [Talking Heads],ヒート・ゴーズ・オン (ボーン・アンダー・パンチズ) / シティーズ,,
2026-09-13,70,「N・H・Kにようこそ!」O.S.T. ダークサイドにようこそ! (Pearl Brothers),,Pearl Brothers,「N・H・Kにようこそ!」O.S.T. ダークサイドにようこそ!,,,Pearl Brothers,「N・H・Kにようこそ!」O.S.T. ダークサイドにようこそ!,,
2026-09-13,20,ペンパイナッポーアッポーペン (ピコ太郎),,ピコ太郎,ペンパイナッポーアッポーペン,,,ピコ太郎,ペンパイナッポーアッポーペン,,
2026-09-13,70,夢中人 (フェイ・ウォン),,フェイ・ウォン,夢中人,,,フェイ・ウォン,夢中人,,
2026-09-13,80,Horsey (マクロスMACROSS 82-99),,マクロスMACROSS 82-99,Horsey,,,マクロスMACROSS 82-99,Horsey,,
2026-09-13,70,Swing (Midori),,Midori,Swing,,,Midori,Swing,,
2026-09-13,70,第六感 (Reol),,Reol,第六感,,,Reol,第六感,,
2026-09-13,70,万能青年旅店 (Omnipotent Youth Society),,Omnipotent Youth Society,万能青年旅店,,,Omnipotent Youth Society,万能青年旅店,,
2026-09-13,80,不思議 (Akina Nakamori),,Akina Nakamori,不思議,,,Akina Nakamori,不思議,,
2026-09-13,80,"Super Mario Odyssey (Naoto Kubo, Shiho Fujii & Koji Kondo)",,"Naoto Kubo, Shiho Fujii & Koji Kondo",Super Mario Odyssey,,,"Naoto Kubo, Shiho Fujii & Koji Kondo",Super Mario Odyssey,,
2026-09-13,100,魔女の宅急便 (Joe Hisaishi),,Joe Hisaishi,魔女の宅急便,,,Joe Hisaishi,魔女の宅急便,,
2026-09-13,90,蝶のすむ部屋 (Yoshiko Sai),,Yoshiko Sai,蝶のすむ部屋,,,Yoshiko Sai,蝶のすむ部屋,,
2026-09-13,90,最炫民族风 (凤凰传奇),,凤凰传奇,最炫民族风,,,凤凰传奇,最炫民族风,,
2026-09-13,90,月亮之上 (凤凰传奇),,凤凰传奇,月亮之上,,,凤凰传奇,月亮之上,,
2026-09-13,70,自由飞翔 (凤凰传奇),,凤凰传奇,自由飞翔,,,凤凰传奇,自由飞翔,,
2026-09-13,80,恋愛サーキュレーション (千石撫子),,千石撫子,恋愛サーキュレーション,,,千石撫子,恋愛サーキュレーション,,
2026-09-13,80,ボカロ三昧 (Wagakki Band),,Wagakki Band,ボカロ三昧,,,Wagakki Band,ボカロ三昧,,
2026-09-13,50,A Long Vacation (Eiichi Ohtaki),,Eiichi Ohtaki,A Long Vacation,,,Eiichi Ohtaki,A Long Vacation,,
2026-09-13,70,Mignonne (Taeko Ohnuki),,Taeko Ohnuki,Mignonne,,,Taeko Ohnuki,Mignonne,,
2026-09-13,70,Love Talk (English Version) (WayV),,WayV,Love Talk (English Version),,,WayV,Love Talk (English Version),,
2026-09-13,70,Turn Back Time (Korean Ver.) (WayV),,WayV,Turn Back Time (Korean Ver.),,,WayV,Turn Back Time (Korean Ver.),,
2026-09-13,70,Colors (Hikaru Utada),,Hikaru Utada,Colors,,,Hikaru Utada,Colors,,
2026-09-13,90,One Last Kiss (Hikaru Utada),,Hikaru Utada,One Last Kiss,,,Hikaru Utada,One Last Kiss,,
2026-09-13,70,Passion (Hikaru Utada),,Hikaru Utada,Passion,,,Hikaru Utada,Passion,,
2026-09-13,70,Traveling (Hikaru Utada),,Hikaru Utada,Traveling,,,Hikaru Utada,Traveling,,
2026-09-13,60,bambi garden (Rumi Shishido),,Rumi Shishido,bambi garden,,,Rumi Shishido,bambi garden,,
2026-09-13,70,Unison (Houshou Marine),,Houshou Marine,Unison,,,Houshou Marine,Unison,,
2026-09-13,70,Ride on Time / Rainy Walk (Tatsuro Yamashita),,Tatsuro Yamashita,Ride on Time / Rainy Walk,,,Tatsuro Yamashita,Ride on Time / Rainy Walk,,
2026-09-13,70,クリスマス・イブ / ホワイト・クリスマス (Tatsuro Yamashita),,Tatsuro Yamashita,クリスマス・イブ / ホワイト・クリスマス,,,Tatsuro Yamashita,クリスマス・イブ / ホワイト・クリスマス,,
2026-09-13,70,Silent Hill 2 (Akira Yamaoka),,Akira Yamaoka,Silent Hill 2,,,Akira Yamaoka,Silent Hill 2,,
2026-09-13,90,NieR:Automata (Keiichi Okabe & Keigo Hoashi),,Keiichi Okabe & Keigo Hoashi,NieR:Automata,,,Keiichi Okabe & Keigo Hoashi,NieR:Automata,,
2026-09-13,60,解決 (Cui Jian),,Cui Jian,解決,,,Cui Jian,解決,,
2026-09-13,70,Siren (Susumu Hirasawa),,Susumu Hirasawa,Siren,,,Susumu Hirasawa,Siren,,
2026-09-13,80,"Hunter × Hunter (2011) Original Soundtrack 3 (Yoshihisa Hirano, 2011)",,Yoshihisa Hirano,Hunter × Hunter (2011) Original Soundtrack 3,,,Yoshihisa Hirano,Hunter × Hunter (2011) Original Soundtrack 3,,
2026-09-13,80,Love (Yuki Saito),,Yuki Saito,Love,,,Yuki Saito,Love,,
2026-09-13,80,Snake Eater (Norihiko Hibino),,Norihiko Hibino,Snake Eater,,,Norihiko Hibino,Snake Eater,,
2026-09-13,60,Real Love Only You (Chris Lee),,Chris Lee,Real Love Only You,,,Chris Lee,Real Love Only You,,
2026-09-13,80,タイムリー (Anri),,Anri,タイムリー,,,Anri,タイムリー,,
2026-09-13,70,大人 (Tokyo Incidents),,Tokyo Incidents,大人,,,Tokyo Incidents,大人,,
2026-09-13,70,教育 (Tokyo Incidents),,Tokyo Incidents,教育,,,Tokyo Incidents,教育,,
2026-09-13,80,真夜中のドア / そうして私が (Miki Matsubara),,Miki Matsubara,真夜中のドア / そうして私が,,,Miki Matsubara,真夜中のドア / そうして私が,,
2026-09-13,70,Your Favorite Things (Satoko Shibata),,Satoko Shibata,Your Favorite Things,,,Satoko Shibata,Your Favorite Things,,
2026-09-13,70,"Don't Say ""Lazy"" (Sakurakou K-ON Bu)",,Sakurakou K-ON Bu,"Don't Say ""Lazy""",,,Sakurakou K-ON Bu,"Don't Say ""Lazy""",,
2026-09-13,70,十面埋伏 - House of Flying Daggers (Shigeru Umebayashi),,Shigeru Umebayashi,十面埋伏 - House of Flying Daggers,,,Shigeru Umebayashi,十面埋伏 - House of Flying Daggers,,
2026-09-13,90,The Garden of Sinners (空の境界) (Yuki Kajiura),,Yuki Kajiura,The Garden of Sinners (空の境界),,,Yuki Kajiura,The Garden of Sinners (空の境界),,
2026-09-13,70,加爾基 精液 栗ノ花 (Sheena Ringo),,Sheena Ringo,加爾基 精液 栗ノ花,,,Sheena Ringo,加爾基 精液 栗ノ花,,
2026-09-13,70,本能 (Sheena Ringo),,Sheena Ringo,本能,,,Sheena Ringo,本能,,
2026-09-13,80,茎 ~大名遊ビ編~ (Sheena Ringo),,Sheena Ringo,茎 ~大名遊ビ編~,,,Sheena Ringo,茎 ~大名遊ビ編~,,
2026-09-13,80,フライディ・チャイナタウン / モーニング・デート (Yasuha),,Yasuha,フライディ・チャイナタウン / モーニング・デート,,,Yasuha,フライディ・チャイナタウン / モーニング・デート,,
2026-09-13,70,LOVEppears (Ayumi Hamasaki),,Ayumi Hamasaki,LOVEppears,,,Ayumi Hamasaki,LOVEppears,,
2026-09-13,50,案山子 (Yasuaki Shimizu),,Yasuaki Shimizu,案山子,,,Yasuaki Shimizu,案山子,,
2026-09-13,70,Eyes on Me (Faye Wong),,Faye Wong,Eyes on Me,,,Faye Wong,Eyes on Me,,
2026-09-13,80,ネバー＊モア ─「ペルソナ4」輪廻転生─ (Shoji Meguro / Shihoko Hirata),,Shoji Meguro / Shihoko Hirata,ネバー＊モア ─「ペルソナ4」輪廻転生─,,,Shoji Meguro / Shihoko Hirata,ネバー＊モア ─「ペルソナ4」輪廻転生─,,
2026-09-13,70,シンクロニシティーン (Soutaiseiriron),,Soutaiseiriron,シンクロニシティーン,,,Soutaiseiriron,シンクロニシティーン,,
2026-09-13,80,ハイファイ新書 (Soutaiseiriron),,Soutaiseiriron,ハイファイ新書,,,Soutaiseiriron,ハイファイ新書,,
2026-09-13,70,星のカービィ ウルトラスーパーデラックス (Jun Ishikawa & Hirokazu Ando),,Jun Ishikawa & Hirokazu Ando,星のカービィ ウルトラスーパーデラックス,,,Jun Ishikawa & Hirokazu Ando,星のカービィ ウルトラスーパーデラックス,,
2026-09-13,80,ラグトレイン (inabakumori),,inabakumori,ラグトレイン,,,inabakumori,ラグトレイン,,
2026-09-13,80,Bad Apple!! (Masayoshi Minoshima),,Masayoshi Minoshima,Bad Apple!!,,,Masayoshi Minoshima,Bad Apple!!,,
2026-09-13,70,Sharon Apple - The Cream P.U.F. (Yoko Kanno),,Yoko Kanno,Sharon Apple - The Cream P.U.F.,,,Yoko Kanno,Sharon Apple - The Cream P.U.F.,,
2026-09-13,70,Jinji Kikko (Sunset Rollercoaster),,Sunset Rollercoaster,Jinji Kikko,,,Sunset Rollercoaster,Jinji Kikko,,
2026-09-13,80,Shadows ～影色妖精絵本～ (Yura Hatsuki),,Yura Hatsuki,Shadows ～影色妖精絵本～,,,Yura Hatsuki,Shadows ～影色妖精絵本～,,
2026-09-13,70,Kaleidoscope (Eir Aoi),,Eir Aoi,Kaleidoscope,,,Eir Aoi,Kaleidoscope,,
2026-09-13,80,Help Ever Hurt Never (Fujii Kaze),,Fujii Kaze,Help Ever Hurt Never,,,Fujii Kaze,Help Ever Hurt Never,,
2026-09-13,60,White Awakening (裸のラリーズ),,裸のラリーズ,White Awakening,,,裸のラリーズ,White Awakening,,
2026-09-13,80,This Game (Konomi Suzuki),,Konomi Suzuki,This Game,,,Konomi Suzuki,This Game,,
2026-09-13,60,Supreme Show (Ami Suzuki),,Ami Suzuki,Supreme Show,,,Ami Suzuki,Supreme Show,,
2026-09-13,70,Mother (マザー) (Keiichi Suzuki & Hirokazu Tanaka),,Keiichi Suzuki & Hirokazu Tanaka,Mother (マザー),,,Keiichi Suzuki & Hirokazu Tanaka,Mother (マザー),,
2026-09-13,50,わたしをみて (Hakushi Hasegawa),,Hakushi Hasegawa,わたしをみて,,,Hakushi Hasegawa,わたしをみて,,
2026-09-13,70,ラブ・トリップ (Takako Mamiya),,Takako Mamiya,ラブ・トリップ,,,Takako Mamiya,ラブ・トリップ,,
2026-09-13,90,血、汗、涙 (防弾少年団),,防弾少年団,血、汗、涙,,,防弾少年団,血、汗、涙,,
2026-09-13,70,久遠の河 (Alan),,Alan,久遠の河,,,Alan,久遠の河,,
2026-09-13,70,明日ヘの讃歌 (Alan),,Alan,明日ヘの讃歌,,,Alan,明日ヘの讃歌,,
2026-09-13,70,Porcelain (Ichiko Aoba),,Ichiko Aoba,Porcelain,,,Ichiko Aoba,Porcelain,,
2026-09-13,60,Space Orphans (Ichiko Aoba),,Ichiko Aoba,Space Orphans,,,Ichiko Aoba,Space Orphans,,
2026-09-13,70,アダンの風 (Ichiko Aoba),,Ichiko Aoba,アダンの風,,,Ichiko Aoba,アダンの風,,
2026-09-13,70,アンディーヴと眠って (Ichiko Aoba),,Ichiko Aoba,アンディーヴと眠って,,,Ichiko Aoba,アンディーヴと眠って,,
2026-09-13,70,Seychelles (Masayoshi Takanaka),,Masayoshi Takanaka,Seychelles,,,Masayoshi Takanaka,Seychelles,,
2026-09-13,20,かがやき (Masakatsu Takagi),,Masakatsu Takagi,かがやき,,,Masakatsu Takagi,かがやき,,
2026-09-13,80,残酷な天使のテーゼ / Fly Me to the Moon (Yoko Takahashi / Claire),,Yoko Takahashi / Claire,残酷な天使のテーゼ / Fly Me to the Moon,,,Yoko Takahashi / Claire,残酷な天使のテーゼ / Fly Me to the Moon,,
2026-09-13,80,Neon Genesis Evangelion (Shiro Sagisu),,Shiro Sagisu,Neon Genesis Evangelion,,,Shiro Sagisu,Neon Genesis Evangelion,,
